State;Up;Down;Left;Right;Stay
15,16|14,0;0;0;0;0.34;0
16,16|14,1;0.34;0;0;0;0
16,17|15,1;0;0;0.3;0;0
15,17|15,2;0;0;0;0;0.28
15,17|15,3;0;0;0;0;0.26
15,17|15,4;0;0.22;0.26;0;0
14,17|15,5;0;0;0;0.22;0
15,17|15,6;0.22;0;0;0;0
15,18|15,7;0;0;0.22;0;0
14,18|15,8;0;0;0.4356;0;0
13,18|15,9;0;0.18;0.22;0.18;0.2
13,18|15,10;0.2324;0;0.2;0;0
12,18|15,11;0;0.16;0;0;0.18
12,18|15,12;0;0.14;0.18;0;0
12,17|15,13;0.18;0;0;0;0
12,18|16,13;0.4284;0;0;0;0
12,19|17,13;0.2;0.18;0;0.18;0
13,19|17,14;0;0.1652;0;0.29412;0
14,19|17,15;0;0;0;0.1;0.3072
14,19|17,16;0.1144;0;0;0;0.1
14,19|17,17;0.08000001;0;0;0;0.08000001
14,19|16,17;0.06720001;0.04;0.08000001;0;0
14,18|15,17;0;0;0.04;0;0
13,18|14,17;0;-20;0.0792;0;0
12,18|14,18;0.04;0.04;0;0;0
12,19|13,18;0;-20;0;0;0
12,18|12,18;0;0;0;0;0
8,12|10,8;0;0.08000001;0;0;0
8,11|9,8;0;0;0;0;0.06
8,11|9,9;0;0;0.06;0;0
7,11|8,9;0;0.036;0;0;0
7,10|8,10;0;0;-48.8;0;0
7,10|7,10;0;0;0;0;0
19,9|8,9;0.22;0;0;0;0
19,10|8,10;0.22;0;0;0;0
19,11|8,11;0;0.22;0;0;0
19,10|9,11;0;0;0;0;0.2
19,10|10,11;0.16;0;0;0;0
19,11|11,11;0.16;0;0;0;0
19,12|11,12;0.16;0;0;0;0
19,13|12,12;0.16;0;0;0;0
19,14|13,12;0.16;0;0;0;0
19,15|13,13;0;0.12;0;0.1652;0.14
19,14|14,13;0;0.08000001;0;0;0
19,13|15,13;0.08000001;0;0;0;0.1312891
19,13|16,13;0;0.129384;0.0236;0.0792;0
19,12|17,13;0.02;0;0;0;0
19,13|18,13;0.02;0.040248;0;-20;-20
19,14|18,14;0.02;0;-20;-20;0
18,14|18,14;0;0;0;0;0
10,5|14,1;0;0;0;0;0.2772
10,5|13,1;0;0;0.14;0.1;0
9,5|12,1;0.14;0;0;0;0
9,6|11,1;0;0;0;0.1;0.138
10,6|10,1;0.08000001;0;0;0;0
10,6|10,2;0.1375099;0.04;0;0;0
10,6|10,3;0.2472618;0.08170656;0;0;0
10,6|9,3;0.200592;0.08000001;0;0;0.1108
10,6|8,3;0.08000001;0;0.1152;0.20952;0
9,6|8,4;0;0;0;0;0.07560001
9,6|8,5;0;-20;0;0;0.0488
9,6|8,6;-59.04;0;0;0;0
9,6|9,6;0;0;0;0;0
19,19|0,3;0;0;0.66;0;0
18,19|0,4;0;0;0;0.66;0
19,19|0,5;0;0.6200001;0;0;0
19,18|0,6;0.6200001;0;0;0;0
19,19|0,7;0;0;0;0;0.6
19,19|0,8;0.58;0;0;0;0
19,19|0,9;0.56;0;0;0;0
19,19|0,10;0.54;0;0;0;0
19,19|0,11;1.108109;0.5;0.5;0.6100001;0
19,18|0,12;0;0;0;0;0.48
19,18|0,13;0;0;0.44;0;0
18,18|1,13;0;0;1.0408;0;0
17,18|1,14;0;0;0.36;0;0.4484
16,18|1,15;0;0.32;0;0;0
16,17|2,15;0;0;0;0.32;0
17,17|2,16;0.32;0;0;0;0
17,18|2,17;0;0.28;0;0;0
17,17|3,17;0;0.28;0;0;0
17,16|4,17;0;0;0;0;0.26
17,16|5,17;0;0.26;0;0;0
17,15|6,17;0.22;0;0;0;0
17,16|6,16;0;0;0;0.22;0
18,16|7,16;0.22;0;0;0;0.396
18,17|7,17;0;0;0;0.22;0
19,17|8,17;0;0;0.18;0;0
18,17|9,17;0.18;0;0;0;0
18,18|10,17;0.18;0;0;0;0
18,19|11,17;0;0.14;0;0;0.16
18,18|12,17;0.14;0;0;0;0
18,19|12,18;0.234;0;0;0;0
18,19|12,19;0;0.12;0;0;0
18,18|13,19;0.08000001;0;0;0;0
18,19|14,19;0.06;0;0.04;0;0.06720001
18,19|15,19;0.13104;0.0708;0.02;0;0
18,19|16,19;0;0.072;-36;0.04;0.0396
17,19|17,19;0;0;0;0;0
10,3|17,16;0;0;0;0.36;0
11,3|17,15;0.34;0;0;0;0.4012
11,3|17,14;0;0.34;0.34;0;0
11,2|17,13;0;0;0.34;0;0
10,2|17,12;0.3;0.34;0.34;0;0
9,2|16,12;0;0.34;0;0;0
9,1|15,12;0;0;0;0;0.32
9,1|15,11;0;0;0.32;0;0
8,1|15,10;0.28;0;0;0;0
8,2|15,9;0.24;0;0;0;0
8,3|15,8;0;0;0.24;0;0
7,3|15,7;0;0;0;0;0.22
7,3|15,6;0;0;0;0;0.2
7,3|15,5;0.16;0;0;0;0
7,4|15,4;0;0;0.2;0;0
6,4|15,3;0;0.2;0;0;0
6,3|15,2;0.24;0;0;0;0
6,4|15,1;0;0.2;0;0;0
6,3|14,1;0;0.16;0;0;0.18
6,2|13,1;0;0;0;0;0.3006
6,2|12,1;0.27;0;0.14;0;0
6,3|11,1;0;0;0;0.1908;0
7,3|10,1;0;0;0;0.06;0
8,3|9,1;0;0;0;0;0.04
8,3|9,2;0.04;-20;0;0;0.02
8,4|8,2;0;0;0;0;0.02
8,4|8,3;0;0;0;-36;0
8,4|8,4;0;0;0;0;0
10,15|15,13;0.18;0;0;0;0
10,16|16,13;0;0;0;0.18;0
11,16|17,13;0;0;0;0;0.16
11,16|17,14;0.16;0;0;0;0
11,17|17,15;0.16;0;0;0;0
11,18|17,16;0.16;0;0;0;0
11,19|17,17;0;0;0;0;0.14
11,19|16,17;0.12;0;0;0;0
11,19|15,17;0.1;0;0;0;0
11,19|14,17;0;0.06;0;0;0
11,18|14,18;0;0.108;0;0;0
11,17|13,18;0.02;0;0;0;0
11,18|12,18;0;0;0;-20;-20
11,18|11,18;0;0;0;0;0
19,15|13,8;0;0;0;0;0.24
19,15|13,9;0.28;0;0;0;0
19,16|12,9;0.32;0;0;0;0
19,17|11,9;0.36;0;0;0;0
19,18|10,9;0;0;0.36;0;0
18,18|9,9;0.7884;0;0;0;0
18,19|8,9;0;0.36;0;0;0.38
18,19|8,10;0;0;0.34;0;0
17,19|8,11;0;0.3;0;0;0
17,18|9,11;0;0;0;0;0.28
17,18|9,12;0;0;0;0;0.26
17,18|9,13;0;0;0;0.26;0
18,18|10,13;0;0;0;0.26;0
19,18|11,13;0;0;0;0;0.24
19,18|12,13;0.24;0;0;0;0.22
19,18|13,13;0;0;0;0.2;0
19,18|14,13;0;0.16;0;0;0
19,17|15,13;0;0.12;0;0;0
19,16|16,13;0.12;0;0;0;0
19,17|17,13;0;0;0;0.18;0.118
19,17|18,13;0.1;0.1152;0;0;0.092096
19,18|18,14;0;0;0.06;0;0.1584
19,18|18,15;0.08000001;0;0;0;0.06
19,19|18,16;0.06;0;0;0;0
19,19|18,17;0.04;0.024248;0;0;0
19,19|18,18;0;-48.8;0;0.02;0.02
19,19|19,18;-20;0;0.055928;-20;-20
19,19|19,19;0;0;0;0;0
19,13|0,5;0;0;0;0;0.52
19,13|0,6;0.52;0;0;0;0
19,14|0,7;0.52;0;0;0;0
19,15|0,8;0.52;0.48;0;0;0
19,14|0,9;0;0;0.44;0;0
18,14|0,10;0;0.541912;0;0;0.42
18,14|0,11;0.42;0;0;0;0
18,15|0,12;0.42;0;0;0;0
18,16|0,13;0;0.38;0;0;0
18,15|0,14;0.38;0;0;0;0
18,16|1,14;0;0;0;0.38;0
19,16|2,14;0;0;0.34;0;0
18,16|2,15;0;0.3;0;0;0
18,15|3,15;0;0;0;0.3;0
19,15|4,15;0.3;0;0;0;0
19,16|5,15;0.3;0;0;0;0
19,17|5,16;0;0.26;0;0;0
19,16|6,16;0;0.26;0;0;0
19,15|6,15;0.26;0.26;0;0;0
19,14|7,15;0;0;0.22;0;0
18,14|8,15;0.18;0;0;0;0.2
18,15|9,15;0;0;0;0.18;0
19,15|10,15;0.18;0;0;0;0
19,16|11,15;0;0;0.14;0;0
18,16|12,15;0;0;0;0;0.12
18,16|13,15;0;0;0;0.12;0
19,16|13,16;0.12;0;0;0.1144;0
19,17|14,16;0.12;0;0;0;0
19,18|15,16;0.12;0;0;0;0
19,19|16,16;0;0;0.08000001;0;0
18,19|16,17;0.06;0;0;0;0
18,19|17,17;0;0.02;0.02;0.06720001;0.047848
17,19|17,18;-36;-20;0;0.0524;-48.8
7,6|12,18;0.32;0;0;0;0
7,6|11,18;0;0.32;0;0;0
7,5|11,17;0.28;0;0;0;0
7,6|11,16;0;0.28;0;0;0
7,5|10,16;0.24;0;0;0;0
7,6|10,15;0;0;0.24;0;0
6,6|9,15;0;0;0;0;0.22
6,6|8,15;0.2;0;0;0;0
6,6|7,15;0;0;0;0;0.18
6,6|6,15;0;0.22;0;0;0
6,5|5,15;0.18;0;0;0;0
6,6|5,14;0;0;0.14;0;0
5,6|5,13;0.14;0;0;0;0
5,7|4,13;0;0;0.14;0;0
4,7|3,13;0;0;0.14;0.3636;0
3,7|2,13;0.14;0;0.1724;0.18;0
3,8|1,13;0;0.3492;0.14;0.18;0.16
3,8|0,13;0;0;0.12;0;0
2,8|0,12;0.1512;0;0;0;0
2,9|0,11;0.0792;0;0;0;0
2,10|0,10;0.07560001;0.08049601;0;0;0
2,11|0,11;0.0236;0;0;0;0.02
2,11|1,11;0;0.02;-20;0;0
2,10|2,11;0;0;0;0.02;0
3,10|2,10;0.040248;0;-20;0;-20
3,11|3,10;0;-20;0.057584;0.0236;-20
3,10|3,10;0;0;0;0;0
0,18|10,16;0.24;0;0;0;0
0,19|9,16;0;0.2;0;0;0
0,18|8,16;0.2;0;0;0;0
0,19|7,16;0;0;0;0;0.18
0,19|6,16;0;0;0;0.14;0
1,19|6,17;0.12;0;0.14;0;0
0,19|5,17;0;0.1;0;0;0
0,18|5,18;0;0.1;0;0;0
0,17|4,18;0.06;0;0;0;0
0,18|3,18;0.06;0;0.04;0;0
0,19|2,18;0.04;0.02;0;0;0
0,19|2,19;0;0;0;0;0.02
0,19|1,19;-36;0.02;0;0;-20
0,19|0,19;0;0;0;0;0
18,15|12,3;0;0.32;0;0;0
18,14|13,3;0;0.32;0.32;0;0
17,14|13,2;0;0;0;0;0.34
17,14|13,1;0.34;0;0;0;0
17,15|14,1;0;0.3;0;0;0
17,14|15,1;0;0.26;0;0;0
17,13|15,2;0;0.22;0;0;0
17,12|15,3;0.22;0;0;0;0
17,13|15,4;0;0.18;0;0;0
17,12|16,4;0;0;0;0;0.16
17,12|16,5;0.16;0;0;0;0
17,13|16,6;0;0.12;0;0;0
17,12|17,6;0;0;0.12;0;0
16,12|17,7;0.12;0;0.12;0;0
16,13|16,7;0;0.08000001;0;0;0
16,12|16,8;0.08000001;0;0;0;0
16,13|16,9;0;0;0.08000001;0;0
15,13|16,10;0;0.04;0;0;0
15,12|16,11;0;0;0;0;0.02
15,12|15,11;0;0;0;0.036;0
16,12|16,11;0.02;-36;0;0;0
16,11|16,11;0;0;0;0;0
13,8|7,19;0.3;0;0;0;0
13,9|7,18;0.28;0;0;0;0
13,9|7,17;0;0;0;0.5112;0
13,9|7,16;0;0;0.22;0.24;0
13,9|7,15;0;0;0;0;0.26
13,9|6,15;0;0;0;0.28;0
13,9|5,15;0;0;0;0;0.26
13,9|5,14;0;0;0.22;0.24;0
13,9|5,13;0;0;0;0;0.22
13,9|6,13;0;0;0;0.2;0
13,9|7,13;0.18;0.2;0;0;0
13,9|7,12;0;0.18;0.14;0;0
12,9|7,11;0;0;0;0.14;0
13,9|7,10;0;0;0.1;0;0
12,9|8,10;0.1652544;0;0;0.1;0
12,9|8,9;0.165264;0;0;0;0.06
12,9|9,9;0.04;0.06;0.036;0;0
11,9|10,9;-20;0;-20;0;-20
11,9|11,9;0;0;0;0;0
19,0|0,19;0;0.74;0;0;0
19,0|0,18;0.7;0;0;0;0
19,1|0,17;0;0;0.66;0;0
18,1|1,17;0.6200001;0;0;0;0
18,2|2,17;0;0;0.58;0;0
17,2|3,17;0;0;0;0;0.56
17,2|4,17;0.52;0;0;0;0
17,3|4,16;0;0;0.48;0;0
16,3|4,15;0.44;0;0;0;0
16,4|4,14;0.4;0;0;0;0
16,5|5,14;0.7056;0;0;0;0
16,6|5,13;0.32;0;0;0;0.34
16,7|6,13;0.5508;0;0;0;0.3
16,8|7,13;0;0;0.24;0;0.5112
15,8|8,13;0;0.24;0;0;0
15,7|9,13;0;0;0;0.24;0.22
15,7|10,13;0.18;0;0;0;0
15,8|11,13;0.14;0.18;0;0;0
15,9|12,13;0;0;0;0;0.12
15,9|13,13;0;0;0.118;0;0.1
15,9|14,13;0.06;0.195696;0;0;0
15,10|15,13;0;0;0;0;0.04
15,10|15,12;-36;0;0;0;0
15,11|15,11;0;0;0;0;0
13,16|6,3;0;0;0;0.4;0
14,16|7,3;0;0.36;0;0;0
14,15|8,3;0;0;0;0.36;0
15,15|9,3;0;0.34;0;0;0
15,15|10,3;0;0.32;0;0;0
15,15|11,3;0;0.3;0;0;0
15,15|12,3;0;0;0.26;0;0
14,15|13,3;0;0.28;0;0;0
14,15|13,2;0.32;0;0;0.3776;0
14,16|13,1;0;0;0.32;0;0
13,16|14,1;0;0.32;0;0;0
13,15|15,1;0;0.3;0;0;0
13,15|15,2;0;0;0;0.26;0
14,15|15,3;0.26;0;0;0;0
14,16|15,4;0;0;0;0;0.24
14,16|15,5;0;0.2;0;0;0
14,15|15,6;0;0;0;0;0.18
14,15|15,7;0.18;0.16;0;0;0
14,16|15,8;0;0.14;0;0;0
14,15|15,9;0;0;0;0;0.234
14,15|15,10;0.12;0;0;0;0.1
14,15|15,11;0;0;0;0;0.08000001
14,15|15,12;0;0.06;0.08000001;0;0
14,15|15,13;0;0;0;0;0.08000001
14,15|16,13;0.12;0;0;0;0
14,16|17,13;0;0;0.12;0.08000001;0.1
13,16|17,14;0;0;0;0.1584;0
14,16|17,15;0.08000001;0;0;0.04;0
14,17|17,16;0;0;0;0;0.06
14,17|16,16;0;0;0;0.02;0
15,17|16,17;0;0;0.02;0;0
14,17|15,17;0.02;0;0;0;0
14,18|15,18;0.02;0;0;-20;0
15,18|15,18;0;0;0;0;0
17,15|8,5;0;0;0;0;0.68
17,15|8,4;0;0.4;0;0;0
17,14|8,3;0;0;0.38;0;0
17,14|9,3;0;0.34;0;0;0
17,13|10,3;0;0;0;0.34;0
18,13|11,3;0;0;0;0;0.32
18,13|12,3;0.3776;0;0;0;0
18,13|13,2;0;0.32;0;0;0
18,12|13,1;0.32;0;0;0;0
18,13|14,1;0.32;0;0;0;0
18,14|15,1;0.32;0;0;0;0
18,15|16,1;0.32;0;0;0;0
18,16|16,2;0.32;0;0;0;0
18,17|16,3;0;0;0.28;0;0
17,17|16,4;0.28;0;0;0;0
17,18|16,5;0;0;0.24;0;0
16,18|16,6;0;0;0;0.24;0
17,18|16,7;0.24;0;0;0;0
17,19|16,8;0;0;0;0;0.22
17,19|16,9;0;0;0.18;0;0
16,19|16,10;0;0.14;0.18;0;0.16
16,19|16,11;0;0;0.16;0;0
15,19|16,12;0;0;0.16;0.149736;0
14,19|16,13;0;0;0;0;0.3933159
14,19|17,13;0.1927816;0.4837104;0;0;0
14,18|17,14;0.1616;0.278488;0.29736;0;0.12
14,17|17,15;0.1;0.16008;0;0;0
14,18|17,16;0;0.06;0;0;0
14,17|17,17;0;0;0.06;0;0
13,17|16,17;0;0;0.06;0;0
12,17|15,17;0.06;0.06;0;0;0
12,18|15,18;0;0.06;0;0;0.0472
12,17|13,18;0;0;0.04;-20;0.0236
11,17|12,18;0;0;0;-20;0
12,17|12,17;0;0;0;0;0
1,7|18,3;0.42;0;0;0;0
1,8|17,3;0;0;0.42;0;0
0,8|16,3;0.42;0;0;0;0
0,9|15,3;0;0;0;0.42;0
1,9|15,2;0.46;0;0.46;0;0
1,10|15,1;0;0;0;0.42;0
2,10|14,1;0;0.38;0;0;0
2,9|13,1;0.38;0.34;0;0;0
2,10|12,1;0;0;0.38;0;0
1,10|11,1;0;0;0;0.34;0
2,10|10,1;0;0.3;0;0;0
2,9|9,1;0;0;0;0.26;0
3,9|8,1;0;0.22;0;0;0
3,8|8,2;0;0;0.22;0;0
2,8|7,2;0.22;0;0;0.18;0
2,9|7,3;0.4356;0;0;0;0
2,10|6,3;0.22;0;0.22;0;0
2,11|6,4;0;0;0;0;0.51104
2,11|6,5;0.18;0.329472;0;0;0
2,10|5,5;0;0.2304;0;0.2376;0
2,9|4,5;0;0;0;0.08000001;0.1
3,9|4,6;0.08000001;0.04;0;0;0
3,10|4,7;0;0;0.08000001;0;0
2,10|4,8;0.08000001;0;0;0;0.06
2,11|4,9;0.06;0.04;0;0;0
2,11|3,9;0;0;0;0.02;0.07560001
2,11|3,10;0;0;0;-20;0.036
2,11|2,10;-20;-20;0.0524;0;0
2,11|2,11;0;0;0;0;0
1,13|0,19;0;0;0;0.14;0
2,13|1,19;0.1;0;0;0;0
2,14|1,18;0.06;0;0;0;0
2,15|1,17;0.02;0;0;0;0
2,16|2,17;-20;0;0;0;0
2,17|2,17;0;0;0;0;0
12,16|9,17;0;0;0.04;0;0
11,16|10,17;0;0;0;0;0.02
11,16|10,16;0;0.02;-36;0;0
11,15|11,16;-36;0;0;0;0
11,16|11,16;0;0;0;0;0
12,13|16,7;0;0.16;0;0;0
12,12|16,8;0;0.12;0;0;0
12,11|16,9;0;0.1;0;0;0
12,11|16,10;0;0;0;0.06;0
13,11|16,11;0;0;0;0.04;0
13,11|15,11;0;0;0.08000001;0;0
12,11|15,12;0;0.1;0;0;0
12,11|15,13;0;0;0.1;0;0
11,11|14,13;0.06;0;0;0;0
11,12|13,13;0;0;0;0;0.04
11,12|13,12;0;0;0;0;0.02
11,12|12,12;0;0;0.02;0;-20
10,12|11,12;0.036;0;0;0;0
10,13|11,13;-20;0;0;-20;-36
10,13|10,13;0;0;0;0;0
1,0|9,18;0;0;1.0224;0;0
0,0|8,18;0;0;0.5;0.48;0
1,0|7,18;0;0;0;0;0.46
1,0|6,18;0;0;0.46;0;0
0,0|6,17;0.42;0;0;0;0
0,1|5,17;0.38;0;0;0;0
0,2|5,16;0;0;0;0;0.36
0,2|5,15;0.32;0;0;0;0
0,3|4,15;0;0.6336;0;0;0
0,2|3,15;0;0.63;0;0;0
0,1|3,14;0;0;0;0;0.54
0,1|3,13;0;0;0;0;0.28
0,1|2,13;0.24;0;0;0.24;0.26
0,1|1,13;0.266728;0;0.24;0.2996;0
0,1|0,13;0;0.24;0.4356;0;0
0,1|0,12;0;0.22;0.2;0.44208;0
0,0|0,11;0.18;0;0.3924;0;0
0,0|0,10;0;0.3528;0;0;0
0,0|0,9;0;0;0.16;0;0.1888
0,0|0,8;0.2304;0;0;0.16;0
1,0|1,8;0;0;0.16;0;0.14
1,0|1,7;0;0;0;0.14;0
2,0|1,6;0;0;0;0;0.12
2,0|1,5;0.08000001;0;0;0;0
2,1|1,4;0.04;0;0;0;0
2,2|2,4;-20;0;0.04;0.0792;0
3,2|2,3;0;0;-20;0.04;0
4,2|3,3;0;0;0;0.04;0
5,2|4,3;0;0.04;0;0;0
5,1|4,2;-20;0;0;0;0
5,2|5,2;0;0;0;0;0
1,10|6,2;0.26;0;0;0;0
1,11|5,2;0.24;0.22;0;0;0
1,11|5,3;0;0;0;0;0.22
1,11|4,3;0;0;0;0;0.2
1,11|3,3;0;0;0;0;0.18
1,11|3,4;0.16;0;0;0;0
1,11|3,5;0;0.12;0;0.138;0.14
1,11|2,5;0.12;0;0;0.1108;0
1,11|2,6;0;0;0;0.08000001;0
2,11|2,7;0.06;0;0;0;0
2,11|2,8;0;0;0.108;0;0
1,11|2,9;0;0;0;0.02;0.04
1,11|2,11;0;0;0.0236;-20;0
3,6|1,19;0;0;0.26;0;0
2,6|1,18;0.22;0;0;0;0
2,7|1,17;0;0.22;0;0;0
2,6|1,16;0;0;0.18;0;0
1,6|1,15;0.14;0;0;0;0
1,7|1,14;0;0.14;0;0;0
1,6|1,13;0.14;0;0;0;0
1,7|0,13;0;0;0;0.14;0
2,7|0,12;0.1;0;0;0;0
2,8|0,11;0.06;0;0;0;0.095696
2,9|0,10;0;0.06;0;0;0
2,8|1,10;0.02;0.06;0;0;0
2,9|2,10;0;0;0;0.036;-20
3,9|3,10;-20;0;0.02;0;0
5,16|18,10;0.38;0;0;0;0
5,17|18,11;0;0;0;0;0.36
5,17|18,12;0.36;0;0;0;0
5,18|18,13;0;0;0;0;0.34
5,18|18,14;0;0.3;0;0;0
5,17|18,15;0;0.26;0;0;0
5,16|17,15;0;0;0;0.22;0
6,16|17,16;0;0;0;0;0.2
6,16|16,16;0;0;0.2;0;0
5,16|15,16;0.2;0.2;0;0;0
5,17|15,17;0;0.236;0;0;0
5,15|14,16;0.16;0;0;0;0
5,16|13,16;0;0.16;0;0;0
5,15|12,16;0;0.16;0;0;0
5,14|11,16;0;0;0;0;0.14
5,14|11,15;0;0;0;0.12;0
5,14|10,15;0.08000001;0;0;0;0
5,15|9,15;0;0.08000001;0;0;0
5,14|8,15;0;0;0;0.06;0
5,14|7,15;0.02;0;0;0;0
5,15|6,15;0;0.02;0;0;0
5,14|5,15;0;0;0.0396;0;0
4,14|5,14;0.02;0.0396;0;0;0
4,15|5,15;0;0;0;-20;-20
4,15|4,15;0;0;0;0;0
9,0|13,18;0;0.42;0;0;0
9,0|13,17;0;0.4;0;0;0
9,0|13,16;0;0;0.4;0;0
8,0|13,15;0;0.42;0;0;0
8,0|14,15;0;0;0;0;0.44
8,0|15,15;0.44;0;0;0;0
8,1|16,15;0;0;0;0;0.46
8,1|17,15;0;0;0;0.8316001;0
9,1|17,14;0;0.42;0;0;0.4
9,0|17,13;0;0;0.42;0;0
8,0|17,12;0.38;0;0;0;0
8,1|17,11;0;0.38;0;0;0
8,0|17,10;0;0;0;0;0.36
8,0|17,9;0.32;0;0;0;0
8,1|16,9;0.28;0;0;0;0
8,2|16,8;0;0;0;0.24;0
9,2|15,8;0;0;0;0;0.22
9,2|15,7;0;0.22;0;0;0
9,1|15,6;0;0;0;0;0.2
9,1|15,5;0.16;0;0;0;0
9,2|15,4;0.12;0;0;0;0.14
9,2|15,3;0.28044;0.14;0;0;0
9,1|15,2;0;0;0;0.1;0
10,1|15,1;0;0;0;0.06;0
11,1|14,1;0;0.06;0;0;0
11,0|13,1;0;0;0.06;0;0
10,0|12,1;0;0.04;0;0;0
10,0|12,0;0;0;0;-20;0
11,0|11,0;0;0;0;0;0
17,9|2,1;0.46;0;0;0;0
17,10|3,1;0.46;0;0;0;0
17,11|4,1;0;0;0.42;0;0
16,11|5,1;0;0;0;0;0.4
16,11|6,1;0;0.36;0;0;0
16,10|7,1;0.36;0;0;0;0
16,11|8,1;0.36;0;0;0;0
16,12|9,1;0.36;0;0;0;0
16,13|10,1;0;0;0;0;0.34
16,13|11,1;0.32;0;0;0;0
16,13|12,1;0;0;0;0;0.5904
16,13|13,1;0.6110496;0;0.3032;0;0
16,13|14,1;0;0;0.286728;0.59472;0
17,13|15,1;0;0;0;0.7336;0
18,13|15,2;0.28;0;0;0.28;0
18,14|15,3;0;0;0;0.28;0
19,14|16,3;0.28;0;0;0;0
19,15|16,4;0.28;0;0;0;0
19,16|17,4;0.28;0;0;0;0
19,17|17,5;0;0;0.24;0;0
18,17|17,6;0;0.2;0;0.468;0
19,17|17,7;0;0;0.2;0.22;0
18,17|17,8;0.2;0;0;0;0
18,18|17,9;0.2;0;0;0;0
18,19|17,10;0;0;0;0;0.18
18,19|17,11;0;0;0;0.3528;0
19,19|17,12;0.16;0;0;0;0.1816
19,19|17,13;0.2723917;0;0.12;0;0
18,19|18,13;0;0.08000001;0.12;0;0
17,19|18,14;0;0;0;0;0.1
17,19|18,15;0;0;0;0;0.08000001
17,19|18,16;0.06;0;0;0;0
17,19|18,17;0;0;0.06;0;0
16,19|18,18;0;0;0.06;0;0
15,19|17,18;0;0.02;0;0;0
15,18|16,18;0;0;0;-20;-20
16,18|16,18;0;0;0;0;0
17,1|7,17;0.48;0;0;0;0
17,2|7,16;0;0;0;0.48;0
18,2|8,16;0.44;0;0;0;0
18,3|9,16;0;0;0;0;0.42
18,3|10,16;0.38;0;0;0;0
18,4|10,15;0.34;0;0;0;0
18,5|11,15;0.3;0;0;0;0
18,6|12,15;0;0;0;0.5904;0.28
18,6|13,15;0;0;0.24;0;0
17,6|14,15;0.2;0;0;0;0
17,7|15,15;0.16;0;0;0;0
17,8|16,15;0.12;0;0;0;0.14
17,9|17,15;0.08000001;0.12;0;0;0
17,10|17,14;0.04;0;0;0;0.06
17,11|17,13;-20;0;0;0;0
17,12|17,12;0;0;0;0;0
19,19|4,16;0;0;0;0.34;0
19,19|4,17;0;0;0.3;0;0
18,19|4,18;0;0.26;0;0;0
18,18|5,18;0.26;0;0;0;0
18,19|5,19;0.24;0;0;0;0
18,19|6,19;0;0;0;0;0.22
18,19|7,19;0;0.22;0;0;0
18,18|8,19;0;0.22;0;0;0
18,17|9,19;0;0;0;0;0.2
18,17|9,18;0.1888;0;0.16;0;0
17,17|9,17;0;0.16;0;0;0.14
17,17|10,17;0;0;0;0.14;0
18,17|11,17;0;0;0.1;0;0
17,17|12,17;0;0;0.06;0;0.08000001
16,17|13,17;0.1188;0.06;0;0;0
16,18|14,17;0.1152;0;0;0;0
16,19|14,18;0;0;0;0.06;0.072
16,19|14,19;0.02;0;-20;0.04;0
17,19|15,19;0;0;-20;0.095328;0
16,19|16,19;0;0;0;0;0
7,18|12,2;0.42;0;0;0;0
7,19|11,2;0;0;0;0;0.4
7,19|11,3;0;0;0;0;0.38
7,19|10,3;0.36;0;0;0;0
7,19|9,3;0.34;0;0;0;0
7,19|8,3;0;0.3;0;0;0
7,18|8,4;0;0;0;0.26;0
8,18|8,5;0.26;0;0;0;0
8,19|8,6;0;0;0;0;0.28
8,19|9,6;0;0.28;0;0;0
8,18|10,6;0;0;0.32;0;0
7,18|11,6;0;0;0;0;0.34
7,18|12,6;0;0.3;0;0;0.6336
7,18|12,7;0.32;0;0;0;0.3
7,19|12,8;0;0;0;0;0.3
7,19|12,9;0;0;0;0;0.28
7,19|11,9;0;0;0;0.24;0
8,19|10,9;0.22;0;0;0.2;0
9,19|9,9;0;0;0;0;0.22
9,19|8,9;0;0;0;0.22;0
10,19|8,10;0;0.2052;0;0;0.2
10,19|8,11;0;0.16;0;0;0
10,18|8,12;0;0;0;0;0.14
10,18|8,13;0;0;0.14;0;0
9,18|7,13;0.18;0;0;0;0
9,19|6,13;0;0;0;0;0.2
9,19|5,13;0.18;0;0;0;0.2052
9,19|5,14;0;0.2772;0;0;0
9,18|5,15;0.14;0;0;0.1652;0
9,19|5,16;0.234;0.1;0;0;0
9,19|5,17;0.1944;0;0;0;0
9,19|6,17;0.08000001;0.06;0.06;0;0
9,19|6,18;0.06;0;0;0;0
9,19|6,19;0;0;0;0;0.04
9,19|7,19;0.02;0;0;0;0.047664
9,19|8,19;-36;0.0488;0;0;-20
9,19|9,19;0;0;0;0;0
14,13|3,10;0.26;0;0;0;0
14,13|3,11;0.28;0;0;0;0
14,13|2,11;0;0.3;0;0;0
14,13|1,11;0;0.32;0;0;0
14,13|0,11;0;0.3;0;0;0
14,13|0,12;0.28;0;0;0;0
14,13|0,13;0;0;0;0.28;0
15,13|1,13;0.26;0;0;0;0
15,13|2,13;0.24;0;0;0;0.2796
15,13|3,13;0;0;0.3924;0;0.22
15,13|4,13;0.2;0;0;0;0
15,13|5,13;0;0;0;0.396;0
16,13|6,13;0.18;0.2;0;0;0
16,12|7,13;0.345024;0;0;0.2;0
16,13|8,13;0.165488;0;0;0.3168;0
17,13|9,13;0;0.16;0;0;0.14
17,12|10,13;0;0;0;0;0.14
17,12|11,13;0;0;0;0.14;0
18,12|12,13;0;0.14;0;0;0.1416
18,11|13,13;0.12124;0;0.198;0;0
17,11|14,13;0.06;0;0;0.198;0.1512
17,11|15,13;0;0;0.04;0;0.0708
16,11|15,12;0;0;0;0;0.02
16,11|15,11;0.02;0;0;0;-20
2,3|4,14;0.22;0;0;0;0
2,4|4,13;0.3564;0;0;0;0.2
2,5|3,13;0;0.18;0;0;0.16
2,4|2,13;0;0;0;0.22;0
3,4|1,13;0.22;0;0;0;0
3,5|0,13;0;0;0;0.4356;0
4,5|0,12;0;0.22;0;0;0.2
4,4|0,11;0;0.22;0;0;0
4,3|0,10;0;0.22;0;0;0
4,2|1,10;0;0;0;0.22;0
5,2|1,9;0;0;0.18;0;0
4,2|1,8;0.14;0;0;0;0
4,3|1,7;0;0.14;0;0;0
4,2|2,7;0.1;0;0;0;0
4,3|2,6;0;0;0;0;0.08000001
4,3|2,5;0;0;0;0;0.06
4,3|3,5;0;0;0.02;0;0
3,3|3,4;0;0;0.040248;0.02;0
4,3|3,3;0;0.02;0;0;0
4,2|3,2;0.02;0;0;0;0
4,3|4,2;0;0;0.02;0;-20
3,3|3,2;0.02;0;0;0;0
3,4|3,3;0.02;0;0;0.02;0
3,5|3,4;0;0;0;0;-20
3,5|3,5;0;0;0;0;0
3,5|14,18;0.44;0;0;0;0
3,6|13,18;0;0.44;0;0;0
3,5|13,17;0;0;0;0.4;0
4,5|12,17;0;0;0;0;0.38
4,5|11,17;0;0;0.38;0;0
3,5|11,16;0;0.38;0.38;0;0
3,4|10,16;0;0;0;0;0.36
3,4|9,16;0;0.36;0;0;0
3,3|8,16;0.32;0;0;0.32;0
3,4|7,16;0;0;0;0;0.3
3,4|6,16;0.26;0;0;0;0
3,5|6,15;0;0;0.26;0;0
2,5|5,15;0.22;0;0;0;0.24
2,5|4,15;0;0;0.24;0;0
1,5|3,15;0;0;0.24;0;0
0,5|3,14;0;0;0.22;0;0
0,5|2,14;0;0;0;0;0.2
0,5|2,13;0;0;0.18;0.16;0
0,5|1,13;0;0.18;0;0;0
0,4|0,13;0.14;0;0;0;0
0,5|0,12;0;0.14;0;0;0
0,4|0,11;0;0;0;0.14;0
1,4|1,11;0;0;0.14;0;0
0,4|1,10;0.1;0;0;0;0
0,5|0,10;0;0;0.23264;0;0
0,5|0,9;0.04;0;0;0.22112;0
0,6|0,8;0;0;0;0;0.02
0,6|0,7;0;0.036;-20;0;0
0,5|0,6;-36;0;0;0;0
0,6|0,6;0;0;0;0;0
11,0|18,11;0;0.34;0;0;0
11,0|17,11;0;0;0;0.3;0
12,0|17,10;0;0.28;0.3;0;0
12,0|17,9;0;0;0.28;0;0
11,0|17,8;0.24;0;0.28;0;0
11,1|17,7;0.2;0;0;0;0
11,2|16,7;0;0.2;0;0;0
11,1|15,7;0;0.2;0;0;0
11,0|15,6;0.16;0;0.2;0;0
11,1|15,5;0.12;0;0;0;0
11,2|15,4;0;0;0.2376;0;0.1
10,2|15,3;0;0.257472;0;0;0
10,1|15,2;0.332832;0;0;0;0
10,2|15,1;0;0;0.12;0.22112;0.1
11,2|14,1;0;0.0792;0.08000001;0.0792;0
10,2|13,1;0.144;0;0;0;0
10,3|12,1;0.1152;0;0.08000001;0;0
10,3|12,2;0;0;0;0.036;0.07560001
11,3|12,3;-36;0;0;0;-20
11,3|11,3;0;0;0;0;0
6,4|11,2;0;0.1;0;0;0
6,3|10,2;0.1108;0;0;0.06;0
7,3|9,2;0.06;0;0;0;0
7,4|8,2;0;0;0;0;0.04
7,4|8,3;0;-20;0;0;0
7,3|7,3;0;0;0;0;0
18,13|8,10;0;0.22;0;0;0
18,12|8,11;0;0.18;0;0;0
18,11|9,11;0;0;0.14;0;0
17,11|10,11;0.14;0;0;0;0
17,12|11,11;0.14;0;0;0;0
17,13|12,11;0;0;0;0;0.12
17,13|12,12;0;0;0;0.12;0
18,13|12,13;0;0.1344;0.08000001;0;0
17,13|13,13;0;0;0;0.096344;0.1116
17,13|14,13;0.0708;0;0.02;0;0
16,13|15,13;-20;0;-20;0.02;-20
16,13|16,13;0;0;0;0;0
18,3|7,15;0;0;0;0;0.44
18,3|8,15;0;0;0;0.44;0
19,3|9,15;0;0;0.4;0;0
18,3|10,15;0;0;0.36;0;0
17,3|11,15;0;0;0.32;0;0
16,3|12,15;0;0;0;0;0.3
16,3|13,15;0;0;0;0.3;0
17,3|14,15;0.26;0;0;0;0
17,4|15,15;0.22;0;0;0;0
17,5|16,15;0.18;0;0;0;0
17,6|17,15;0;0;0;0.3492;0
18,6|18,15;0.14;0;0;0.2088;0
18,7|18,14;0;0;0;0;0.12
18,7|18,13;0;0.1445419;0;0.12;0
19,7|19,13;0;0.12;0;0;0
19,6|19,12;0;0.12;0;0;0
19,5|19,11;0;0.12;0;0;0
19,4|19,10;0;0.12;0;0;0
19,3|19,9;0;0.12;0;0;0
19,2|19,8;0;0;0.234;0;0.1144
18,2|19,7;0;0;0;0;0.1908
18,2|19,6;0;0.1;0;0.1116;0.0944
19,2|19,5;0.02;0.06;0;0;0
19,3|19,4;-20;0;0.02;0;0
19,4|19,4;0;0;0;0;0
13,19|8,11;0;0;0.22;0.26;0
12,19|8,12;0;0;0;0;0.2
12,19|8,13;0;0;0;0.24;0.22
13,19|7,13;0;0;0;0.28;0
14,19|6,13;0.3;0;0;0;0
14,19|5,13;0.28;0;0;0;0
14,19|5,14;0;0;0;0;0.26
14,19|5,15;0;0;0.22;0;0
13,19|5,16;0;0.18;0;0;0
13,18|6,16;0;0;0.14;0;0
12,18|7,16;0.14;0;0;0.14;0.12
12,19|8,16;0;0;0;0;0.12
12,19|8,17;0.1;0;0;0;0.118
12,19|9,17;0;0;0.06;0.1;0.0908
13,19|10,17;0;0;0;0.1;0
14,19|11,17;0.08000001;0;0.06;0.1;0
13,19|12,17;0;0.02;0;0;0
13,18|13,17;0.02;0;0.02;0;0
13,19|13,18;-20;0;0.02;0.0396;0
14,19|14,18;0;-36;0.03888;0;0
14,18|14,18;0;0;0;0;0
3,19|18,1;0.64;0;0;0;0
3,19|18,2;0;0;0;0.6;0
4,19|18,3;0;0;0;0.56;0
5,19|18,4;0;0;0;0;0.54
5,19|17,4;0;0;0;0;0.52
5,19|17,5;0.5;0;0.52;0;0
5,19|17,6;0;0.46;0;0;0
5,18|17,7;0.46;0;0;0;0
5,19|17,8;0;0;0.46;0;0
4,19|17,9;0.44;0;0;0;0
4,19|17,10;0;0;0;0.4;0
5,19|17,11;0;0.36;0;0;0.38
5,19|17,12;0;0;0.38;0;0
4,19|17,13;0;0;0.38;0;0
3,19|17,14;0;0;0;0;0.36
3,19|17,15;0;0;0;0.32;0
4,19|17,16;0.3;0;0;0;0
4,19|17,17;0;0;0.3;0;0
3,19|17,18;0;0;0;0.26;0
4,19|16,18;0;0;0.26;0;0.24
3,19|15,18;0;0.22;0;0;0
3,18|14,18;0;0.22;0;0.3564;0
4,18|13,18;0;0;0.18;0.14;0
3,18|12,18;0.18;0;0;0;0
3,19|11,18;0;0.14;0;0;0
3,18|10,18;0;0.2772;0;0;0
3,17|9,18;0;0.14;0.14;0;0
2,17|8,18;0;0;0.14;0;0
1,17|7,18;0.1;0;0;0;0
1,18|6,18;0.1;0;0;0;0
1,19|6,19;0;0;0.1;0;0
0,19|5,19;0;0;0;0;0.08000001
0,19|4,19;0.06;0;0;0;0
0,19|3,19;0;0;0;0.02;0
1,19|2,19;0;0.0429984;0.036;-20;-20
1,0|11,19;0;0;0;0;0.56
1,0|11,18;0;0;0;0.52;0.54
1,0|10,18;0;0;0;0;0.6136
0,0|7,18;0;0.48;0;0;0
0,0|6,18;0;0;0.46;0;0
0,0|5,18;0;0.44;0;0;0
0,0|4,18;0;0;0.42;0;0
0,0|4,17;0.38;0;0;0;0
0,1|4,16;0;0;0;0.34;0
1,1|4,15;0;0;0;0.3;0
2,1|4,14;0.26;0;0;0;0
2,2|3,14;0.22;0;0;0;0
2,3|2,14;0;0;0;0.22;0
3,3|2,13;0;0;0;0.26;0.24
4,3|1,13;0.5606641;0;0;0;0
4,4|0,13;0;0;0;0.5148;0.24
5,4|0,12;0;0.26;0;0.26;0
5,3|0,11;0;0.26;0;0;0
5,2|1,11;0;0;0;0;0.24
5,2|2,11;0;0;0;0.24;0
6,2|2,10;0;0;0.2;0;0
5,2|2,9;0;0;0.16;0;0
4,2|2,8;0.12;0;0;0;0
4,3|2,7;0;0.12;0;0;0
4,2|2,6;0;0.12;0;0;0
4,1|2,5;0;0;0.08000001;0;0
3,1|3,5;0.07560001;0;0;0;0
3,2|3,4;-20;0;0.0792;0;0.0396
3,3|3,3;0;0;0;0;0
2,4|8,2;0.16;0;0.16;0;0
2,5|7,2;0;0;0;0;0.14
2,5|7,3;0.14;0;0.14;0;0
2,6|7,4;0;0;0;0;0.12
2,6|7,5;0;0;0;0;0.1
2,6|7,6;0;0.1;0.1;0;0
2,5|7,5;0.118;0.1;0;0;0
1,6|6,6;0;0;0;0.06;0
2,6|5,6;0;0;0.06;0;0
1,6|4,6;0.06;0;0;0;0
1,7|3,6;0;0;0;0;0.04
1,7|2,6;0;0;0;0;0.02
1,7|1,6;0;-20;0;0;-20
1,7|1,7;0;0;0;0;0
12,2|0,11;0.38;0;0;0.42;0
12,3|1,11;0;0;0.34;0;0
11,3|1,10;0;0;0;0;0.32
11,3|2,10;0;0;0;0.32;0
12,3|2,9;0.3;0;0;0;0
12,3|3,9;0;0;0;0;0.28
12,3|4,9;0.26;0;0;0;0
12,3|4,8;0;0;0;0;0.468
12,3|4,7;0.432;0;0.2;0;0
11,3|4,6;0.357336;0;0;0;0
11,3|4,5;0.16;0;0;0;0
11,3|5,5;0.14;0.16;0;0;0
11,3|6,5;0.12;0;0;0;0
11,3|7,5;0.1;0;0;0;0
11,3|8,5;0;0;0.06;0;0.08000001
11,3|8,4;0.1116;0;0;0;0
11,3|8,3;0;0;0.060464;0;0
10,3|9,3;-36;0;-20;0.0488;-20
9,3|9,3;0;0;0;0;0
8,3|2,10;0.22;0;0;0;0
8,4|2,9;0;0;0;0.2;0
8,4|2,8;0;0;0.16;0;0
7,4|3,8;0.12;0.16;0;0;0
7,3|4,8;0;0;0.12;0;0
6,3|4,7;0;0;0;0;0.1
6,3|5,7;0.06;0;0;0;0
6,4|5,6;0;0;0.02;0;0
5,4|5,5;0;0.02;0;0;0
5,3|5,4;0;0;0.02;0;0
4,3|4,4;0;0.02;0;0;-36
4,3|4,3;0;0;0;0;0
18,15|19,8;0;0;0;0;0.14
18,15|18,8;0.14;0;0;0;0
18,16|18,9;0;0.1;0;0;0
18,15|18,10;0;0;0;0;0.08000001
18,15|18,11;0;0;0.08000001;0;0
17,15|18,12;0;0;0;0;0.06
17,15|18,13;0;0;0.06;0;0
16,15|18,14;0.06;0;0;0.02;0
16,16|18,15;0;0.02;0;0;0
16,15|17,15;0.036;0;0;0;-20
16,16|17,16;0;0;0.02;0;0
15,16|16,16;0;0;0;-20;0
16,16|16,16;0;0;0;0;0
19,10|18,9;0;-20;0;0;0
19,9|19,9;0;0;0;0;0
8,2|5,9;0;0;0.16;0;0
7,2|5,8;0;0;0;0.16;0
8,2|5,7;0;0;0;0.16;0
9,2|5,6;0;0;0;0;0.14
9,2|5,5;0;0;0;0.14;0
10,2|5,4;0;0.14;0;0;0.12
10,1|6,4;0;0;0.1;0;0
9,1|7,4;0.06;0;0;0;0
9,2|8,4;0;0;0;0;0.04
9,2|8,3;0;0.04;0;0.04;0
10,2|9,3;-20;0;0;0;0
10,3|10,3;0;0;0;0;0
13,2|9,3;0.06;0;0;0;0
13,3|10,3;0.04;0.07209601;0;0;0
13,3|11,3;0;0.04;0;0;0.036
13,2|12,3;0;0;0;0;0.02
13,2|12,2;0.02;0;0;-20;-20
13,3|13,2;-20;0;0.02;0;0
12,3|12,2;0;0;0;0;-20
12,3|12,3;0;0;0;0;0
4,16|11,6;0;0;0;0.34;0
5,16|12,6;0.34;0;0;0;0.32
5,17|12,7;0;0;0;0;0.32
5,17|12,8;0.32;0;0;0;0
5,18|11,8;0;0;0.32;0;0
4,18|11,9;0;0;0;0.28;0
5,18|10,9;0.28;0;0;0;0
5,19|9,9;0;0;0;0;0.26
5,19|8,9;0;0;0;0;0.24
5,19|8,10;0.396;0;0;0;0
5,19|8,11;0;0.18;0;0;0
5,18|7,11;0.18;0;0;0;0
5,19|7,12;0.16;0.14;0;0;0
5,18|7,13;0.14;0;0;0;0.12
5,19|6,13;0.12;0.2828619;0;0;0
5,18|5,13;0.112744;0;0;0.2334096;0.08000001
5,18|5,14;0;0;0.08000001;0;0
4,18|5,15;0;0;0;0.04785635;0.06
4,18|4,15;0;0.0396;0;0;0
4,17|4,16;0.02;-20;0;0.02;-20
5,17|4,17;0;0.02;0;0.0236;0
5,16|4,16;0.0396;0;0;0;0
5,17|5,16;0;0;0;0.0396;-20
5,17|5,17;0;0;0;0;0
8,1|9,2;0;0;0;-20;0.02
9,1|9,1;0;0;0;0;0
2,14|7,16;0;0;0;0;0.12
2,14|7,15;0;0;0;0.08000001;0
3,14|6,15;0;0;0.08000001;0;0
2,14|5,15;0.04;0;0;0;0
2,15|4,15;0;0;0;-20;0
3,15|3,15;0;0;0;0;0
18,6|4,14;0;0;0.4;0;0
17,6|5,14;0;0;0;0.4;0
18,6|5,13;0;0;0;0.4;0.38
19,6|6,13;0;0;0.36;0;0
18,6|7,13;0;0.36;0;0;0
18,5|8,13;0.32;0;0;0;0
18,6|9,13;0.28;0;0;0;0
18,7|10,13;0;0;0;0;0.5148
18,7|11,13;0;0.26;0;0.26;0
19,7|12,13;0.22;0;0;0;0
19,8|13,13;0;0;0;0.2;0
19,8|14,13;0;0;0;0;0.18
19,8|15,13;0.14;0;0.14;0;0
19,9|16,13;0;0;0;0.2304;0
19,9|16,12;0.08000001;0.12;0;0;0
19,10|17,12;0;0;0.04;0;0
18,10|17,11;0;0.04;-20;0;0
17,10|17,10;0;0;0;0;0
14,13|12,12;0;0.04;0;0;0
14,13|13,12;0;0;0;0.04;0
15,13|13,13;0.02;0.04;0;0;0
15,13|14,13;0;0;-20;0.02;0
17,13|16,13;0;0;-20;0.04770084;0
3,0|18,5;0;0;0;0;0.38
3,0|18,4;0;0;0;0;0.36
3,0|17,4;0;0;0;0;0.34
3,0|16,4;0;0.32;0;0;0
3,0|16,3;0;0;0;0.28;0
4,0|16,2;0;0;0;0.24;0
5,0|15,2;0;0.22;0;0;0
5,0|15,1;0;0;0.22;0;0
4,0|14,1;0;0.396;0;0;0
4,0|13,1;0;0.18;0.2;0;0
3,0|12,1;0.16;0;0;0;0
3,1|11,1;0;0;0;0.12;0
4,1|10,1;0;0;0;0;0.1
4,1|9,1;0.1;0;0;0;0
4,2|8,1;0.1;0;0;0;0
4,3|7,1;0;0;0;0;0.08000001
4,3|6,1;0.08000001;0;0;0;0
4,4|5,1;0;0.04;0;0;0
4,3|5,2;0;0;0.04;0;0
3,3|4,2;0.04;-20;0;0;0
3,2|3,2;0;0;0;0;0
7,19|13,3;0;0;0;0.44;0
8,19|13,2;0;0.44;0;0;0
8,18|13,1;0.48;0;0;0;0
8,19|14,1;0;0.48;0;0;0
8,18|15,1;0.48;0;0;0;0
8,19|15,2;0;0.44;0;0;0
8,18|15,3;0;0;0;0;0.42
8,18|15,4;0.42;0;0;0;0
8,19|15,5;0;0;0.42;0;0
7,19|15,6;0.4;0;0;0;0
7,19|15,7;0;0.36;0;0;0
7,18|15,8;0;0;0;0;0.34
7,18|15,9;0;0;0;0.3;0
8,18|15,10;0.3;0;0;0;0
8,19|15,11;0;0;0.3;0;0
7,19|15,12;0;0;0;0.26;0.5544
7,19|15,13;0;0.5616;0;0;0
7,18|16,13;0.32;0;0;0;0.3
7,19|17,13;0;0;0.32;0;0
6,19|17,14;0;0.28;0.32;0;0
6,18|17,15;0;0;0.28;0;0
5,18|17,16;0.28;0;0;0;0
5,19|16,16;0;0.4752;0;0;0
5,18|15,16;0.24;0;0.24;0;0
4,18|15,17;0;0;0;0.2;0
5,18|14,17;0;0;0;0;0.18
5,18|13,17;0.18;0.14;0;0;0
5,19|13,18;0.43576;0;0;0;0
5,19|12,18;0;0.12;0.16;0.12;0.14
5,19|12,19;0;0;0;0.1;0
6,19|11,19;0;0.1;0;0;0
6,18|10,19;0;0;0;0.06;0
7,18|9,19;0;0;0.06;0;0
6,18|8,19;0;0;0.06;0;0
5,18|7,19;0;0;0;0;0.04
5,18|7,18;0.072;0;0.04;0;0
4,18|6,18;0;0;0;-36;0
5,18|5,18;0;0;0;0;0
17,2|16,2;0;0;0;0.02;-20
18,2|17,2;0;0;0;0.02;0
19,2|18,2;0;0;-20;0;-36
19,2|19,2;0;0;0;0;0
10,3|6,16;0;0;0.3;0;0
9,3|6,15;0.32;0;0;0;0
9,3|5,15;0;0;0;0;0.3
9,3|5,14;0;0;0.26;0;0
8,3|5,13;0;0;0.22;0;0
7,3|6,13;0.18;0;0;0;0
7,4|7,13;0;0;0;0.18;0
8,4|7,12;0.14;0;0.14;0;0
8,5|7,11;0;0;0.1;0.14;0
9,5|8,11;0.1;0;0;0;0
9,6|8,10;0;0;0.06;0.28792;0
8,6|8,9;0;0;0;0.06;0
9,6|8,8;0;0;0.06;0.06;0
8,6|9,8;0;0.1;0;0;0
8,5|10,8;0;0.14;0;0;0
8,4|11,8;0;0;0;0.330768;0
8,4|12,8;0.33168;0;0;0;0
8,5|12,7;0.1584;0.12;0;0;0
8,4|12,6;0;0;0;0;0.1
8,4|11,6;0.06;0;0;0.08000001;0
8,5|11,5;0.06;0;0;0;0
8,6|10,5;0.04;0;0;0;0
8,6|9,5;0.02;0;0;0;0
8,6|8,5;0;0;0;0;-36
8,6|8,6;0;0;0;0;0
19,15|13,16;0.207864;0;0;0;0
19,16|14,16;0;0;0;0;0.21824
19,16|15,16;0;0.08000001;0;0.1188;0
19,16|16,16;0.06;0.06;0;0;0
19,17|16,17;0;0;0;0.04;0
19,17|17,17;0.04;0;0;0;0
19,18|17,18;0.0436;0;0;0.0236;0
4,6|8,6;0;0.08000001;0;0;0
4,5|7,6;0;0;0;0.04;0
5,5|7,5;0;0;0.04;0;0
4,5|6,5;0;0;0.04;-20;0.03016035
3,5|5,5;0.04;0;0;0;0
3,6|4,5;0;-20;0;0;0
9,9|2,3;0;0;0.22;0;0
8,9|3,3;0.22;0;0;0;0.2
8,10|4,3;0;0;0;0.2;0
8,10|5,3;0;0.16;0;0;0
8,9|5,4;0;0.12;0;0;0.14
8,9|5,5;0.14;0;0;0;0
8,10|6,5;0.14;0.1;0;0;0
8,9|7,5;0;0;0;0;0.08000001
8,9|8,5;0.08000001;0;0;0;0
8,10|8,6;0.12;0.0944;0;0;0
8,11|9,6;0;0;0;0.12;0
9,11|10,6;0;0.14;0;0;0
9,11|11,6;0;0;0;0;0.3168
9,11|12,6;0;0;0.16;0;0.1652
8,11|12,7;0;0.12;0;0;0
8,10|12,8;0.2376;0;0;0.1944;0
8,10|11,8;0;0.06;0;0.08000001;0
8,10|10,8;0;0.04;0;0;0
8,9|9,8;0;0;0;-20;0
9,9|9,9;0;0;0;0;0
1,11|6,18;0.22;0;0;0;0
1,11|6,17;0;0;0.22;0;0
0,11|6,16;0.18;0;0;0;0
0,12|6,15;0;0;0;0.16;0
0,12|5,15;0.12;0;0;0;0
0,13|4,15;0;0.12;0;0;0
0,12|4,14;0.08000001;0;0;0.1;0
0,12|3,14;0.06;0;0;0;0
0,13|2,14;0.02;0;0;0;0
0,14|1,14;0;0;-20;0;0
0,14|0,14;0;0;0;0;0
11,5|12,17;0;0;0;0.22;0
12,5|12,16;0.18;0;0;0;0
12,6|12,15;0;0.22;0;0;0
12,5|11,15;0.22;0;0;0;0.2832
12,6|10,15;0.22;0;0;0.26;0
12,7|9,15;0;0;0;0;0.24
12,7|8,15;0.24;0;0;0;0.26
12,8|7,15;0.24;0;0;0;0
12,9|6,15;0.522576;0.28;0;0;0
12,9|5,15;0.517536;0.26;0;0.3032;0
12,8|5,14;0;0.26;0;0;0
12,7|5,13;0.22;0;0;0.26;0
13,7|6,13;0.432936;0;0;0;0
13,8|7,13;0.2052;0.256;0;0;0
13,8|7,11;0;0;0.14;0;0
12,8|7,10;0.1;0;0;0;0
12,9|7,9;0.0908;0;0;0;0
12,9|10,9;0;0;0;0.07560001;0
13,9|11,9;0.02;0;-36;0.02;0
13,9|12,9;0;0;0;-20;-20
13,9|13,9;0;0;0;0;0
10,18|0,3;0;0;0.46;0;0
9,18|0,4;0;0;0.42;0;0
8,18|0,5;0;0.38;0;0;0
8,17|0,6;0;0;0;0.7488;0
9,17|0,7;0.38;0;0;0;0.36
9,17|0,8;0;0;0;0;0.34
9,17|0,9;0;0;0;0;0.32
9,17|0,10;0.32;0;0;0;0
9,18|0,11;0;0;0;0;0.3
9,18|0,12;0;0;0;0;0.28
9,18|0,13;0;0;0.24;0;0
8,18|1,13;0;0;0;0.24;0
9,18|2,13;0;0;0;0;0.22
9,18|2,14;0.22;0;0;0;0
9,19|2,15;0.2;0;0;0;0
9,19|3,15;0;0;0.16;0;0
8,19|3,16;0;0.12;0;0.16;0
9,19|3,17;0;0;0.12;0;0
8,19|3,18;0.1;0.08000001;0;0;0
8,19|3,19;0;0.1;0;0;0
8,18|3,18;0.1;0;0;0;0
8,19|4,18;0;0;0;0;0.08000001
8,19|4,19;0;0;0;0.08000001;0
9,19|5,19;0;0;0.04;0;0
8,19|6,19;0;0;0;0.0447664;0.02
8,19|7,19;0;0;-20;0.02648;0
7,19|7,19;0;0;0;0;0
3,16|5,17;0;0.108;0;0;0
3,15|5,16;0.036;0;0;0;0
3,16|4,16;0.02;0;0;-36;-20
4,16|4,16;0;0;0;0;0
12,6|14,0;0.16;0;0;0;0
12,7|14,1;0.16;0;0;0;0
12,8|13,1;0;0;0.16;0;0
11,8|13,2;0;0;0;0.12;0
12,8|12,2;0;0;0;0;0.1
12,8|12,3;0;0.1;0;0;0
12,7|11,3;0;0;0;0.14;0
13,7|10,3;0;0;0;0;0.16
13,7|9,3;0.2;0;0;0;0
13,8|8,3;0;0.3168;0;0;0
13,7|8,4;0.3132;0;0;0;0
13,8|8,5;0.1852;0;0;0.2736;0
13,8|9,5;0;0;0.1;0;0.2304
13,8|9,6;0;0.08000001;0;0.116992;0
13,7|10,6;0.1584;0.04;0;0.0708;0
13,8|11,6;0.223928;0.04;0.04;0;0.06720001
13,9|12,6;0.06720001;0;0.0792;0.14928;0
13,9|12,7;0.04;0.02;0.02;0;0
13,8|13,7;0.036;0;0;0;-20
13,8|13,8;0;0;0;0;0
10,16|6,3;0;0;0;0;0.32
10,16|6,4;0;0;0;0.32;0
11,16|6,5;0;0;0;0;0.3
11,16|6,6;0;0.3;0;0;0
11,15|5,6;0;0.5472;0;0;0
11,15|5,7;0;0;0.24;0.28;0
10,15|5,8;0;0;0;0.24;0
11,15|5,9;0;0;0.2;0;0
10,15|5,10;0;0;0;0;0.18
10,15|5,11;0;0.2;0;0;0
10,15|4,11;0.24;0;0;0;0
10,16|3,11;0;0;0;0.28;0
11,16|2,11;0;0;0;0.32;0
12,16|1,11;0;0;0;0;0.34
12,16|0,11;0.34;0;0;0;0
12,17|0,12;0;0.5868;0;0;0
12,16|0,13;0.3;0;0.26;0;0
11,16|0,14;0;0;0.22;0.26;0
10,16|1,14;0;0.18;0;0;0
10,15|1,15;0.3564;0;0;0;0
10,16|2,15;0.18;0;0.14;0.18;0
10,17|2,16;0;0.14;0;0;0
10,16|3,16;0;0;0;0.14;0
11,16|4,16;0;0;0;0;0.332832
11,16|5,16;0;0.12;0.1584;0.12;0
10,16|6,16;0;0.08000001;0;0.08000001;0
10,15|7,16;0;0.108;0.048496;0;0
10,15|7,15;0.06;0;0;0;0
10,16|8,15;0;0;0.02;0;0
9,16|8,16;0;0;0;0;-20
9,16|9,16;0;0;0;0;0
1,19|6,16;0;0.12;0;0.234;0.1652
1,18|5,16;0;0;0;0;0.1
1,18|4,16;0;0;0.1;0;0
0,18|4,17;0.1;0;0;0;0
0,19|3,17;0;0;0;0;0.156096
0,19|2,17;0.06720001;0;0;0;0.06
0,18|1,18;0;0.02;0;0;-20
0,17|0,18;0;0.02;0;0;0
0,16|0,17;-20;0;0;0;0
0,17|0,17;0;0;0;0;0
5,18|13,0;0;0.48;0;0;0
5,17|13,1;0;0;0.52;0;0
4,17|14,1;0;0;0.56;0;0
3,17|15,1;0;0.52;0;0.52;0
4,17|15,2;0;0;0;0;0.5
4,17|15,3;0;0.46;0;0;0
4,16|15,4;0;0;0;0;0.44
4,16|15,5;0;0.792;0;0;0.42
4,15|15,6;0;0;0.792;0;0
3,15|15,7;0;0.36;0.4;0;0
2,15|15,8;0.4;0;0;0;0
2,16|15,9;0;0;0;0.36;0
3,16|15,10;0.36;0;0;0.32;0
3,17|15,11;0;0.32;0;0;0
3,16|15,12;0.32;0;0;0;0
3,17|15,13;0.6264;0;0;0;0
3,18|14,13;0;0;0;0.5544;0
4,18|13,13;0;0;0.5544;0;0
3,18|12,13;0;0.28968;0.28;0;0
2,18|11,13;0.28;0;0;0;0
2,19|10,13;0;0.24;0;0;0.5112
2,18|9,13;0;0;0;0.2;0
3,18|8,13;0.2;0.16;0;0;0
3,19|7,13;0;0;0;0.3096;0
4,19|6,13;0;0.12;0;0;0.29412
4,18|5,13;0;0;0;0;0.1908
4,18|5,14;0;0.06;0;0.06;0.0908
5,18|5,15;0.1188;0;0;0;0.08273636
5,19|5,16;0;0;0.06;0.06;0
6,19|5,17;0.04;0;0.02;0;0.04
6,19|5,18;0;0;-20;0;0
5,19|5,19;0;0;0;0;0
16,1|15,19;0;0;0.34;0.38;0
17,1|16,19;0.34;0;0;0;0
17,2|16,18;0;0;0.3;0;0
16,2|16,17;0;0;0;0;0.28
16,2|16,16;0;0;0.28;0;0
15,2|16,15;0;0;0.3;0.332259;0
15,2|17,15;0;0;0;0;0.28
15,2|17,14;0.24;0;0;0;0
15,3|17,13;0;0;0.22;0.2;0
15,3|17,12;0;0;0.2;0;0
15,3|17,11;0.16;0;0;0;0
15,4|17,10;0.12;0;0;0;0
15,5|16,10;0;0.12;0;0;0
15,4|16,9;0;0;0.1;0;0
15,4|16,8;0;0;0;0;0.08000001
15,4|15,8;0.04;0;0;0;0
15,5|15,7;0;0;0.02;0;0
15,5|15,6;-20;0;-20;0;0
15,6|15,6;0;0;0;0;0
10,8|6,2;0;0;0.16;0;0
9,8|6,3;0.16;0;0;0;0
9,9|6,4;0;0;0.12;0;0
8,9|6,5;0.12;0;0;0;0
8,10|6,6;0;0;0;0;0.1
8,10|7,6;0.1;0;0;0;0
8,11|8,6;0;0;0.14;0;0
7,11|9,6;0;0;0.16;0.412952;0
8,11|10,6;0;0.2844;0;0.1688;0
8,10|11,6;0.18;0;0.18;0;0
8,11|12,6;0.18;0;0;0;0
8,12|12,7;0;0;0;0;0.16
8,12|12,8;0;0;0.16;0;0
7,12|11,8;0;0;0.2772;0;0
7,12|10,8;0.14;0;0;0;0.12
7,13|10,9;0;0.1;0;0;0
7,12|9,9;0;0.0636;0;0;0
1,14|4,19;0;0;0;0;0.14
1,14|4,18;0;0.14;0;0;0
1,13|4,17;0;0;0.14;0;0
0,13|3,17;0.1;0;0;0;0
0,14|2,17;0.06;0;0.08000001;0;0
0,15|2,16;0;0;0;0;0.04
0,15|1,16;0;0;0;-20;0
1,15|1,15;0;0;0;0;0
16,7|9,19;0;0;0.34;0;0
15,7|10,19;0;0;0.32;0;0
15,7|11,19;0;0;0;0;0.3
15,7|12,19;0.26;0;0;0;0
15,8|13,19;0;0;0;0;0.24
15,8|13,18;0.2;0;0;0;0
15,9|14,18;0;0;0;0.2;0
16,9|14,17;0.16;0;0;0;0
16,10|15,17;0.12;0;0;0;0
16,11|15,16;0.08000001;0;0;0;0
16,12|16,16;0;0;0;0.08000001;0
17,12|17,16;0.04;0;0.08000001;0;0
17,13|17,15;-20;0;0;0;0.0396
17,13|17,14;-20;0;0.0236;0.02;-20
17,14|17,14;0;0;0;0;0
4,11|16,17;0;0.36;0;0;0
4,10|15,17;0;0;0;0.32;0
5,10|14,17;0;0;0;0.3;0
5,10|13,17;0;0;0;0;0.28
5,10|13,16;0;0;0;0.26;0
5,10|12,16;0.22;0;0;0;0
5,11|11,16;0;0;0;0.2;0
5,11|10,16;0;0.2;0;0;0
5,10|9,16;0;0;0;0;0.18
5,10|8,16;0;0.18;0;0;0
5,9|7,16;0;0;0;0.16;0
5,9|6,16;0;0;0;0;0.14
5,9|6,15;0;0;0.14;0;0
4,9|5,15;0;0;0.14;0;0
3,9|5,14;0;0.14;0.14;0;0
2,9|4,14;0;0;0;0;0.12
2,9|4,13;0;0;0;0.08000001;0
3,9|3,13;0;0.12;0;0;0
3,8|2,13;0;0;0.12;0;0.202856
2,8|1,13;0;0;0.2376;0;0
1,8|0,13;0;0.33168;0;0;0
1,7|0,12;0.08000001;0.12;0.0944;0;0
1,6|0,11;0;0;0;0.216;0
2,6|0,10;0.08000001;0;0;0;0.1
2,7|1,10;0.04;0;0.04;0;0
2,8|2,10;0;0.04;0;0;0
2,7|2,9;0;0;0;0;0.02
2,7|2,8;-20;0.0236;0;0;0
2,8|2,8;0;0;0;0;0
8,10|15,16;0;0.26;0;0;0
8,9|15,15;0;0;0.3;0;0
7,9|16,15;0.3;0;0;0;0
7,10|17,15;0.26;0;0;0;0
7,11|17,14;0;0.26;0;0;0
7,10|17,13;0;0.26;0;0;0
7,9|16,13;0;0;0.24;0;0
7,9|15,13;0;0.24;0;0;0
7,8|14,13;0.2;0;0;0;0
7,9|13,13;0;0;0;0;0.18
7,9|13,12;0;0;0;0;0.16
7,9|13,11;0.12;0;0;0;0
7,10|12,11;0;0.12;0;0;0
7,9|11,11;0;0;0;0;0.198
7,9|10,11;0;0.1;0.08000001;0;0
7,8|9,11;0;0.08000001;0;0;0
7,8|8,11;0;0.108;0;0;0.06720001
7,8|7,11;0;0;0.10768;0;0
7,8|7,10;0;0.02;0;0.04;0.02
7,8|7,9;-36;0;0;0;0
7,9|7,9;0;0;0;0;0
12,6|11,15;0;0.24;0;0;0
12,5|10,15;0.24;0.26;0;0;0
12,6|9,15;0.2832;0;0;0;0
12,7|7,15;0;0.3;0;0;0
12,6|6,15;0;0;0;0;0.32
12,6|5,15;0.28;0;0;0;0
12,7|5,14;0;0;0.3068;0;0
12,8|6,13;0;0;0.18;0;0
11,8|7,13;0;0.16;0;0;0
11,8|7,12;0.12;0;0;0.3096;0
11,9|7,11;0;0;0;0;0.1
11,9|7,10;0;0;0.06;0;0
10,9|7,9;0.04;0;0;0;0
10,9|8,9;0.036;0;-20;0.122224;0
10,9|9,9;-20;0;0;0;-20
10,9|10,9;0;0;0;0;0
0,1|15,11;0;0;0;0;0.48
0,1|15,10;0;0;0;0.44;0
1,1|15,9;0.4;0;0;0;0
1,2|15,8;0;0;0;0;0.38
1,2|15,7;0;0;0;0;0.36
1,2|15,6;0.32;0;0;0;0
1,3|15,5;0;0;0;0;0.3
1,3|15,4;0;0;0;0.26;0
2,3|15,3;0;0;0.3;0;0
1,3|15,2;0.34;0;0;0;0
1,4|15,1;0;0;0;0;0.32
1,4|14,1;0;0.28;0;0.28;0
1,3|13,1;0;0;0;0;0.26
1,3|12,1;0;0;0;0;0.24
1,3|11,1;0.24;0;0;0;0
1,4|10,1;0;0;0;0.2;0
2,4|9,1;0.2;0;0;0;0
2,5|9,2;0.2;0;0;0;0
2,6|9,3;0;0.16;0.2;0;0
1,6|8,3;0.2;0;0;0;0
1,7|7,3;0;0;0;0.16;0
2,7|6,3;0.16;0;0;0;0
2,8|5,3;0.16;0;0;0;0
2,9|5,4;0.1816;0;0;0.12;0
3,10|4,5;0.12;0.0944;0;0;0
3,11|3,5;0;0;0;0;0.1
3,11|3,6;0.1512;0.06;0;0;0
3,11|3,7;0;0.04;0;0;0.06
3,10|3,8;0.04724464;-20;0;0;0
3,9|3,9;0;0;0;0;0
11,16|19,15;0.18;0;0;0;0
11,17|19,16;0.18;0;0;0;0
11,18|19,17;0;0;0.18;0;0
10,18|18,17;0;0;0.18;0;0
9,18|17,17;0.18;0;0;0;0
9,19|16,17;0.288;0;0;0;0
9,19|16,18;0;0.12;0;0;0
9,18|15,18;0;0;0.12;0;0
8,18|14,18;0;0.12;0;0;0
8,17|13,18;0;0.12;0;0.08000001;0
9,17|12,18;0;0.08000001;0;0;0
9,16|11,18;0;0;0.08000001;0;0
8,16|10,18;0;0;0.08000001;0;0
7,16|10,17;0;0.08000001;0;0;0
7,15|9,17;0;0;0.08000001;0;0
6,15|8,17;0.04;0;0;0;0
6,16|7,17;0;0;0.07560001;0;0
5,16|7,16;0;0;0;0;0.0396
5,16|6,16;0.0396;0;0.02;0;0
4,16|5,16;0;0.02;0;0;-20
17,11|16,0;0;0;0;0.24;0
18,11|16,1;0;0;0.2;0;0
17,11|17,1;0;0.16;0;0;0
17,10|17,2;0;0.12;0;0;0
17,9|17,3;0;0.08000001;0;0;0
17,8|17,4;0.1512;0;0;0;0
17,9|17,5;0.08000001;0.04;0;0;0
17,8|17,6;0;0;0;0.0792;0
18,8|17,7;0;0;-20;0;0
17,8|17,8;0;0;0;0;0
8,12|3,6;0;0;0.18;0;0
7,12|3,7;0.18;0;0;0;0
7,13|3,8;0;0;0;0;0.16
7,13|3,9;0.14;0;0;0;0
7,13|3,10;0;0;0;0;0.12
7,13|3,11;0.14;0;0;0;0
7,13|2,11;0.16;0;0;0;0
7,13|1,11;0.18;0;0;0;0
7,13|0,11;0.16;0;0;0;0
7,13|0,12;0.2772;0;0.12;0.16;0
7,13|0,13;0;0.14;0.1144;0;0
7,12|1,13;0.1;0;0;0;0
7,13|2,13;0;0;0.06;0;0
6,13|3,13;0.04;0;0;0;0.0436
6,13|4,13;0.036;0;0;0;0
6,13|5,13;-20;-36;0;0;0
6,13|6,13;0;0;0;0;0
10,6|2,13;0;0.34;0;0;0
10,5|1,13;0;0;0.34;0;0
9,5|0,13;0;0.32;0;0.67932;0
9,5|0,12;0.28;0;0;0;0
9,6|0,11;0.26;0;0;0;0
9,6|1,11;0;0;0;0.26;0
10,6|1,10;0;0;0;0;0.4716
10,6|1,9;0.22;0.24;0;0;0.22
10,6|2,9;0;0;0;0.22;0
11,6|3,9;0;0.22;0;0;0
11,5|3,8;0;0.2;0;0;0.2
11,5|3,7;0.16;0;0;0;0
11,6|4,7;0;0;0;0.16;0
12,6|4,6;0.16;0.1816;0;0;0
12,7|5,6;0;0.12;0;0;0
12,6|6,6;0.12;0;0;0;0
12,7|7,6;0;0;0.1;0;0
12,7|8,6;0.198;0.0708;0;0.1;0
12,8|9,6;0;0;0.0708;0.1;0
13,8|10,6;0.2489823;0.06;0;0.1958271;0.0944
13,7|11,6;0.06;0;0;0;0.047848
13,8|12,6;0;0;0.02;0.072;0
13,8|12,7;0;0;0;0;0.0396
13,9|13,8;-20;0;0;-20;-36
4,9|0,16;0;0;0;0;0.2
4,9|0,15;0;0.2;0;0;0
4,8|0,14;0.16;0;0;0;0
4,9|0,13;0.1444253;0;0.12;0.16;0.14
4,9|0,12;0;0;0;0;0.244512
4,9|0,11;0;0;0.20672;0;0
3,9|0,10;0;0;0;0.1512;0
4,9|1,10;0.04;0;0.072;0;0
4,10|2,10;0.04;0;0;0;0
4,11|3,10;0.036;0;0;0;0
4,11|4,10;-20;-20;0;0.040248;-20
4,11|4,11;0;0;0;0;0
3,16|2,0;0;0.3;0;0;0
3,15|2,1;0;0;0;0.3;0
4,15|2,2;0.3;0;0;0;0
4,16|2,3;0;0;0.26;0;0
3,16|2,4;0.26;0;0;0;0
3,17|2,5;0;0;0;0;0.24
3,17|2,6;0;0;0;0;0.22
3,17|2,7;0;0.18;0;0;0
3,16|2,8;0;0;0;0;0.16
3,16|2,9;0;0;0.12;0;0
2,16|2,10;0.2448;0;0;0;0
2,17|2,11;0;0;0;0.3204;0
3,17|1,11;0;0;0;0;0.3492
3,17|0,11;0;0;0.2772;0;0
2,17|0,12;0.39164;0;0;0;0
2,18|0,13;0;0.198;0.198;0.14;0.1416
2,17|1,13;0;0.06;0;0.1;0
3,17|2,13;0;0;0.06;0;0.08000001
3,17|2,14;0;0;0.04;0;0
2,17|2,15;0;0;0;0.04;0
3,17|2,16;0;-36;0;0;0
3,16|3,16;0;0;0;0;0
8,0|15,1;0;0.14;0;0;0
8,0|14,1;0;0;0.14;0;0
7,0|14,0;0;0;0;0;0.12
7,0|13,0;0;0;0;0;0.1
7,0|12,0;0;0;0;0;0.08000001
7,0|11,0;0;0;0.08000001;0;0
6,0|10,0;0.08000001;0;0;0;0
6,1|10,1;0;0;0;0;0.06
6,1|9,1;0;0;0.06;0;0
5,1|8,1;0;0;0;0.02;0
6,1|7,1;0.02;0;0;0;0
6,2|7,2;0;0;0;-20;0
7,2|7,2;0;0;0;0;0
5,17|16,17;0.22;0;0.22;0;0
5,18|15,17;0;0.18;0.22;0.18;0
4,18|15,18;0;0;0.2524;0;0
5,18|12,18;0;0.27;0;0;0
5,17|11,18;0.1;0;0;0.1;0
5,18|10,18;0;0;0;0.1188;0
6,18|9,18;0.06;0;0;0.02;0.04
6,19|8,18;0.04;0;0;0.02;0.04
6,19|7,18;0;0;0.04;0;0
5,19|6,18;0.0236;0;0;-20;0
6,19|6,19;0;0;0;0;0
1,14|19,19;0;0.46;0;0;0
1,13|19,18;0;0.44;0;0;0
1,13|18,18;0;0;0.44;0;0
0,13|17,18;0.4;0;0;0;0
0,14|16,18;0.36;0;0;0;0
0,15|15,18;0.32;0;0;0;0
0,16|14,18;0.28;0;0;0;0
0,17|13,18;0;0;0;0;0.26
0,17|13,17;0.26;0;0;0;0
0,18|12,17;0;0.22;0;0;0
0,17|11,17;0;0;0.2;0;0
0,17|10,17;0;0.2;0;0;0
0,16|10,16;0.2;0;0;0;0
0,17|9,16;0;0;0;0.16;0.18
1,17|8,16;0.16;0;0;0;0
1,18|7,16;0.1816;0;0;0;0
1,19|5,17;0;0.08000001;0;0;0
1,18|4,17;0;0;0;0.04;0
2,18|3,17;0;-20;0.04;0;0
1,18|2,17;0;0;0;-20;0
2,18|2,18;0;0;0;0;0
4,10|8,5;0;0;0.18;0;0
3,10|7,5;0;0.14;0;0;0
3,9|6,5;0.14;0;0;0;0
3,10|5,5;0.14;0;0;0;0
3,11|4,5;0;0;0;0;0.12
3,11|4,6;0.1144;0;0;0;0
3,10|3,7;0;0;0;0.1188;0
4,10|3,8;0.06;0;0;0;0.04
4,11|4,8;0.04;0;0;0;0
4,11|4,9;0.02;0;0;0;0
5,11|4,11;-36;0;-20;-36;0
5,11|5,11;0;0;0;0;0
12,5|9,2;0;0.1;0;0;0
12,5|9,3;0.27;0;0.1144;0;0
12,6|8,3;0;0;0.1;0;0.12
11,6|8,4;0.08000001;0;0;0.2764;0
11,6|8,5;0;0;0;0.08000001;0
12,6|8,6;0;0.144;0;0;0
12,5|9,6;0;0;0;0.08000001;0
13,5|10,6;0;0;0.04;0;0
12,5|11,6;0;0;0;0.04;0
13,5|11,5;0.04;0;0;0;0
13,6|12,5;0;0;0;0;0.02
13,6|13,5;0;-20;0;-20;0
13,6|13,6;0;0;0;0;0
4,3|4,9;0;0;0;0.12;0
5,3|4,8;0;0;0.08000001;0;0
4,3|4,7;0;0;0.08000001;0;0
3,3|4,6;0;0;0;0.04;0
4,3|4,5;0;0;0;0;0.02
4,2|4,3;0;0;0;0;-20
4,2|4,2;0;0;0;0;0
15,6|17,13;0;0.18;0;0;0
15,5|17,12;0;0;0;0.14;0
16,5|17,11;0;0;0.252;0;0
15,5|17,10;0;0;0;0.1;0
16,5|16,10;0;0;0.1;0;0
15,5|16,9;0;0;0;0;0.08000001
15,5|15,9;0.04;0;0;0;0
15,6|15,8;-20;0;0.02;0.04;0
16,6|15,7;-20;0;0;0;0
16,7|16,7;0;0;0;0;0
1,8|5,7;0;0;0;0.06;0
2,8|4,7;0;0;0;0;0.04
2,8|4,8;0;0;0;-20;0
3,8|3,8;0;0;0;0;0
8,3|7,11;0;0;0.14;0;0
7,3|7,10;0.1;0;0;0;0
7,4|7,9;0.06;0;0.1;0;0
7,5|7,8;0;0.1;0;0.06;0
7,4|8,8;0;0;0;0.1;0
8,4|9,8;0;0.173984;0;0.12;0
8,4|10,8;0;0.16;0;0;0
8,3|11,8;0.1816;0;0.2;0.16;0
9,3|12,8;0.14;0;0;0;0
9,3|12,7;0;0.14;0;0.1;0
9,2|12,6;0;0;0;0;0.12
9,2|11,6;0;0;0;0;0.1
9,2|10,6;0;0.1;0;0;0
9,1|10,5;0.0708;0.1;0.1;0;0
9,0|9,5;0;0;0.1;0;0
8,0|8,5;0;0.1548;0;0;0
8,0|8,4;0;0.1188;0;0;0
8,0|8,3;0;0;0.06;0.108;0
9,0|9,3;0;0;0.06;0;0
8,0|9,2;0;0;0;0.02;0
9,0|9,1;-20;0;0;0;0
12,19|9,12;0;0.16;0;0;0
12,18|9,13;0.2432;0;0;0;0
12,19|7,13;0.24;0;0.22;0;0
12,19|6,13;0.26;0.24;0;0;0
12,19|5,13;0;0;0.4284;0;0
11,19|5,14;0;0;0.353736;0.22;0
10,19|5,15;0;0.1652;0.2736;0;0
9,19|6,15;0;0;0;0;0.12
9,19|6,16;0;0.08000001;0.08000001;0;0
9,18|7,16;0.08000001;0.05372464;0;0;0
9,19|8,16;0.108;0;0;0.08000001;0
9,19|9,16;0;0.02;0;0;0
9,18|9,17;0.0396;-20;0;0.0236;0
9,19|9,18;-20;0;0.02;0.02;0
10,19|10,18;0;-20;0;0.03888;0
10,18|10,18;0;0;0;0;0
6,16|15,3;0;0;0.44;0;0
5,16|15,4;0;0;0.512;0;0
3,14|15,8;0.36;0;0;0;0
3,15|15,9;0.4248;0;0;0;0
4,16|15,11;0.63;0;0;0;0
4,17|15,12;0;0;0.3776;0;0.3
4,17|15,13;0.3;0;0;0;0
4,18|14,13;0;0.26;0.3;0;0
3,18|13,13;0.3;0;0;0;0
3,19|12,13;0;0;0;0;0.55368
3,19|11,13;0;0.24;0;0.276;0.26
3,18|10,13;0;0;0;0.4583376;0
4,18|9,13;0.54632;0;0.236;0;0
4,19|8,13;0.3564;0.16;0;0;0
4,19|7,13;0;0;0.3492;0;0
3,19|6,13;0;0.14;0;0.14;0.185488
4,19|5,13;0.12;0.116344;0;0;0.138
4,19|5,14;0.1;0;0;0;0.1
4,19|5,15;0.08000001;0;0;0;0
4,19|4,15;0;0;0.15264;0.08000001;0
5,19|5,15;0;0.04;0;0;0
5,18|5,16;0.04;-20;0;0;0.06621537
5,18|5,17;0;0;0.062768;0;-20
4,18|5,18;0.036;0.063288;0;0;-20
4,17|5,17;0.0236;0.02;0;0;-20
4,17|4,18;0;0;0;0.02;-20
4,17|4,17;0;0;0;0;0
3,17|11,8;0;0;0.34;0;0
2,17|10,8;0.34;0;0;0;0
2,18|10,9;0;0;0.34;0;0
1,18|9,9;0;0.3;0;0;0
1,17|8,9;0.54;0;0;0;0
1,18|8,10;0.3;0;0;0;0
1,19|8,11;0;0;0.3;0;0
0,19|8,12;0;0;0.28;0;0
0,19|7,12;0.26;0;0;0;0
0,19|7,13;0;0;0;0;0.24
0,19|6,13;0.22;0;0;0;0
0,19|5,13;0;0.18;0;0;0
0,18|5,14;0;0.14;0;0;0
0,17|4,14;0;0;0;0;0.12
0,17|4,15;0.216;0;0;0;0
0,18|4,16;0.216;0;0;0;0
0,19|3,16;0;0.08000001;0;0;0
0,18|2,16;0;0;0.1572864;0;0
0,18|2,17;0;0.02;0;0.02;0.07560001
1,18|2,18;0.03888;0.02;0;-20;0
2,19|2,19;0;0;0;0;0
8,2|16,5;0;0;0;0.3492;0
9,2|16,4;0.14;0.18;0;0;0
9,1|15,4;0.1652;0;0;0;0.16
9,1|15,3;0;0;0;0.1416;0
12,2|13,1;0;-20;0.07560001;0;0
11,2|12,1;0.04;0;0;-20;0.02
11,2|12,2;0.02;0;0;0;0
12,0|13,19;0.36;0;0;0;0
12,1|13,18;0;0;0;0.32;0
13,1|13,17;0;0;0;0;0.3
13,1|13,16;0;0;0.3;0;0
12,1|13,15;0.3;0;0;0;0
12,2|14,15;0.3;0;0;0;0
12,3|15,15;0.32;0;0;0;0
12,3|16,15;0;0;0.4212;0;0
10,3|17,13;0;0.4012;0;0;0
10,3|17,11;0;0.3;0;0;0
10,2|17,10;0;0.3;0;0.26;0
11,2|17,9;0;0;0;0;0.24
11,2|16,9;0;0;0;0.2;0
12,2|16,8;0.16;0.2;0;0;0
12,3|16,7;0;0;0;0.12;0
13,3|15,7;0;0.12;0;0;0.1
13,2|15,6;0;0.12;0;0;0
13,1|15,5;0;0.12;0;0;0
13,0|15,4;0;0;0.12;0;0
12,0|15,3;0;0;0;0.08000001;0
13,0|15,2;0.04;0;0;0;0
13,1|15,1;0;0;0;0;0.04324464
13,1|14,1;0;0.040248;0.02;0;0
13,0|14,0;0.0236;-20;0;0;0
13,0|13,0;0;0;0;0;0
14,16|8,17;0;0.14;0;0;0
14,15|8,16;0.1;0;0;0;0
14,16|9,16;0;0;0;0.1;0
15,16|10,16;0;0;0;0;0.08000001
15,16|11,16;0;0;0.04;0.08000001;0
14,16|12,16;0;0;0;0;0.02
14,16|13,16;0.02;0;0;0;0
14,17|13,17;0.02;0.0396;0;0;0
14,18|14,17;0;0;0.0236;0;-20
12,18|12,17;0.02;0;0;0;0
12,19|12,18;-36;0;0;0;0
12,19|12,19;0;0;0;0;0
4,16|7,4;0;0.26;0.3;0;0
3,16|7,5;0;0;0;0;0.28
3,16|6,5;0;0;0;0.24;0
4,16|5,5;0;0;0.24;0;0
3,16|5,6;0;0;0;0;0.22
3,16|5,7;0.22;0;0.22;0;0
2,16|5,8;0.22;0;0;0;0
2,17|4,8;0;0.18;0;0;0
2,16|4,9;0;0;0;0.14;0
3,16|4,10;0;0;0;0.1;0
4,16|4,11;0.14;0;0;0;0
4,17|3,11;0;0.14;0;0;0
4,16|2,11;0.3636;0;0;0;0
4,17|1,11;0.22;0;0;0;0.396
4,17|0,11;0.396;0;0;0;0
4,18|0,12;0.396936;0;0.3096;0;0
4,19|0,13;0.18;0.41344;0;0;0.2052
4,19|1,13;0.16;0.158;0;0;0
4,19|2,13;0.14;0;0;0;0
4,19|2,14;0;0.1;0;0;0
4,18|2,15;0;0;0.06;0;0
3,18|2,16;0;0;0;0.06;0
4,18|3,16;0;0;0;0.06;0
5,18|4,16;0;0;0;0.06;0
6,18|4,17;0.1152;0;0;0;0
6,19|4,18;0;0.02;0;0;0
6,18|5,18;0.02;0.02;-20;0;0
6,19|6,18;-48.8;-20;0;0;-20
14,13|13,2;0.26;0;0;0;0
14,13|13,1;0.24;0;0;0;0
14,13|14,1;0.26;0;0;0;0
14,13|15,1;0.24;0;0;0;0.2796
14,13|15,2;0.22;0;0.24;0;0
14,13|15,3;0;0;0;0;0.2
14,13|15,4;0;0.18;0;0;0
14,13|15,5;0.16;0;0;0;0
14,13|15,6;0.14;0;0;0;0.1616
14,13|15,7;0;0;0;0;0.234
14,13|15,8;0.1944;0;0;0;0
14,13|15,9;0.08000001;0;0;0.067848;0
14,13|15,10;0.06;0;0.08000001;0.04;0
15,13|15,11;0.02;-20;0.04;0.047848;0
15,13|15,12;0;0;0.0236;0.0236;0
17,11|10,18;0.24;0;0;0;0
17,12|11,18;0;0;0.2;0;0
16,12|12,18;0.16;0;0;0;0
16,13|12,17;0.14;0;0;0;0
16,13|12,16;0.12;0;0;0;0
16,13|13,16;0.1;0;0;0;0
16,13|14,16;0;0.1;0;0;0
16,12|15,16;0;0;0;0.1;0
17,12|16,16;0;0;0;0;0.08000001
17,12|16,15;0.0436;0;0;0;0
12,6|17,0;0.22;0;0;0;0
12,7|17,1;0;0.18;0;0;0
12,6|16,1;0;0;0;0;0.16
12,6|15,1;0;0;0;0;0.14
12,6|14,1;0.14;0.1;0;0;0
12,5|13,1;0.1;0;0;0;0
12,6|13,2;0.1;0;0;0;0
12,7|13,3;0;0;0;0.1;0
13,7|12,3;0.14;0;0;0;0
13,8|11,3;0;0;0;0.16;0
13,8|10,3;0;0;0;0.18;0
13,8|9,3;0.22;0;0;0;0
13,9|8,3;0.237584;0;0.18;0;0.2
12,9|8,4;0;0;0;0.18;0
13,9|8,5;0;0.1616;0;0.16;0
13,9|9,5;0;0;0;0;0.29412
13,9|9,6;0;0.2384104;0;0.3266155;0
13,9|10,6;0.196344;0.107864;0;0;0
13,9|11,6;0.2450528;0.06720001;0;0;0
12,9|12,7;0;0;0.079128;0.04;0.02
11,9|12,8;0.0396;-20;0;0;0.02
11,8|11,8;0;0;0;0;0
19,15|0,3;0;0.58;0;0;0
19,14|0,4;0;0;0.54;0;0
18,14|0,5;0.54;0;0;0;0
18,15|0,6;0;0;0;0;0.52
18,15|0,7;0;0;0;0.6064;0
19,16|0,9;0;0;0;0.5;0
19,16|0,10;0;0;0.46;0;0
18,16|0,11;0.46;0;0;0;0
18,17|0,12;0;0;0.42;0;0
17,17|0,13;0.42;0;0;0;0
17,18|0,14;0;0;0.38;0;0
16,18|0,15;0;0;0;0.38;0
17,18|1,15;0;0.34;0;0;0.36
17,18|2,15;0;0;0;0;0.34
17,18|2,16;0;0.3;0;0;0
17,17|2,17;0;0;0.26;0;0
16,17|3,17;0;0;0;0.26;0
17,17|4,17;0;0;0;0.26;0
18,17|5,17;0;0;0;0.26;0
19,17|6,17;0.26;0;0;0;0
19,18|7,17;0.26;0;0;0;0
19,19|7,18;0;0;0;0;0.24
19,19|8,18;0;0;0;0;0.22
19,19|9,18;0;0;0;0.2;0
19,19|10,18;0.18;0;0;0;0
19,19|11,18;0;0;0;0.16;0
19,19|12,18;0;0;0.12;0;0
18,19|13,18;0.18;0;0.08000001;0;0
18,19|14,18;0;0.06;0;0;0
18,18|15,18;0.1797683;0.06;0;0.06;0
19,18|16,18;0.06;0;0;0.047848;0
19,19|17,18;0;0;0.02;0;0.07848001
18,19|18,18;-36;-20;0.0236;0;-36
18,18|18,18;0;0;0;0;0
2,4|6,5;0;0;0;0;0.08000001
2,4|5,5;0;0.08000001;0;0;0
2,3|4,5;0;0;0;0.04;0
3,3|3,5;0;0.04;0;0;0
3,2|3,3;0;0.036;0;0;0
3,1|3,2;-20;0.02;0;0;0
4,1|5,1;0.02;0;0;0;0
4,2|4,1;0.0236;0;0;0;0
19,12|2,18;0;0.46;0;0;0
19,11|3,18;0;0;0.42;0;0
18,11|3,17;0;0;0;0;0.4
18,11|3,16;0;0;0;0.4;0
19,11|3,15;0;0.4;0;0;0
19,10|4,15;0;0;0.36;0;0
18,10|5,15;0.32;0;0;0;0
18,11|6,15;0;0;0;0.32;0
19,11|7,15;0;0;0;0.3;0
19,11|8,15;0.26;0;0;0;0
19,12|9,15;0;0;0.22;0;0
18,12|10,15;0.18;0;0;0;0
18,13|11,15;0;0;0;0.18;0
19,13|12,15;0;0;0.14;0;0
18,13|13,15;0;0;0;0.14;0
19,13|14,15;0;0;0.1;0;0
18,13|15,15;0;0;0;0.1;0
19,13|16,15;0;0.1;0;0;0
19,12|17,15;0;0;0.06;0;0
18,12|18,15;0;0;0.06;0.06;0
19,12|19,15;0;0;0.0708;0;0
17,12|17,15;0.02;0;0;0;0
18,13|18,14;0;0.02;0;0;0
18,12|18,13;-20;0.0236;0;0;-20
18,13|18,13;0;0;0;0;0
1,7|0,6;0.04;0;0;0;0
1,8|1,6;0.04;-20;0;0;0
4,10|3,0;0.22;0;0;0;0
4,11|3,1;0;0;0;0.22;0
5,11|3,2;0.2;0;0;0;0
5,11|3,3;0;0;0;0;0.18
5,11|3,4;0.16;0;0.158;0;0
5,11|4,4;0;0;0.12;0;0
4,11|4,5;0;0;0;0.12;0
5,11|5,5;0.1;0;0;0;0
5,11|5,6;0;0;0.1;0;0
4,11|5,7;0;0;0.1;0;0
3,11|5,8;0;0.06;0;0;0
3,10|4,8;0.06;0;0;0;0
3,11|4,9;0;0;0;0;0.04
3,11|3,9;0.0591968;0;0;0;0
3,11|3,11;0;0;0;0;0
0,15|8,12;0.22;0;0;0;0
0,16|7,12;0;0;0.2;0;0
0,16|7,13;0;0.16;0;0;0
0,15|6,13;0;0;0;0.12;0
1,15|5,13;0;0;0.12;0;0
0,15|5,14;0;0;0;0.08000001;0
1,15|5,15;0.08000001;0;0;0;0
1,16|4,15;0;0;0;0.04;0
2,16|3,15;0.04;0;0;0;0
2,17|3,16;0.0472;0;0;0;0
12,7|13,9;0;0.06;0;0;0
12,6|13,8;0.02;0;0;0;0
12,7|13,7;0;0.02;-20;0;0
12,6|12,7;0;0.02;0;0;0
12,5|12,6;-36;0;0;0;0
12,6|12,6;0;0;0;0;0
15,8|5,19;0;0.42;0;0;0
15,7|5,18;0.38;0;0;0;0
15,8|5,17;0;0;0;0;0.36
15,8|5,16;0;0;0;0.36;0.34
15,8|5,15;0;0.34;0;0;0
15,7|5,14;0;0;0;0;0.32
15,7|5,13;0.28;0;0;0.715464;0
15,8|6,13;0;0;0;0.3232;0
16,8|8,13;0.22;0.26;0;0;0.24
16,8|9,13;0;0;0.2;0;0
15,8|10,13;0;0.2;0;0;0
15,7|11,13;0.16;0;0;0;0
15,8|12,13;0;0.16;0;0;0
15,7|13,13;0.12;0;0;0;0
15,8|14,13;0;0.12;0;0;0
15,7|15,13;0.158256;0;0;0;0
15,8|15,12;0.0792;0.08000001;0;0;0
15,9|15,11;0;0;0.02;0.072;0
16,9|15,10;0;0.04;0;0;0
16,8|15,9;0;0;-20;0;0
15,8|15,8;0;0;0;0;0
12,18|5,10;0;0;0;0;0.28
12,18|5,11;0;0.28;0;0;0
12,17|4,11;0;0;0;0;0.3
12,17|3,11;0.34;0;0.3;0;0
12,18|2,11;0.38;0;0;0.38;0
13,18|1,11;0;0.38;0;0;0
13,17|0,11;0.38;0;0.394;0;0
12,17|1,13;0;0;0;0;0.28
12,17|1,14;0.28;0;0;0.28;0.313928
12,18|2,14;0;0;0;0.28;0.26
12,18|2,15;0;0;0.396;0;0
11,18|2,16;0.22;0;0;0;0
11,19|3,16;0;0;0;0;0.2
11,19|3,17;0;0.16;0;0;0
11,18|4,17;0.16;0;0;0;0
11,19|4,18;0.252;0;0;0;0
11,19|4,19;0;0.14;0;0;0
11,18|5,19;0;0.14;0;0;0
11,17|6,19;0;0;0;0;0.12
11,17|7,19;0.08000001;0;0;0;0
11,18|7,18;0;0;0.04;0;0
10,18|8,18;0;0;0;0;0.04248
10,18|9,18;0.0488;0.02;-20;0;0
10,17|10,18;-20;0;0;0;-20
10,17|10,17;0;0;0;-20;0
9,9|7,13;0;0;0.1584;0;0
8,9|7,12;0;0.144;0;0;0
8,8|8,12;0;0;0.0908;0;0
7,8|8,10;0;0;0;0;0.04
7,8|8,9;0;0;0.02;0;0
7,8|8,8;0;0;0;0;-20
7,8|7,8;0;0;0;0;0
8,4|17,2;0.22;0;0;0;0
8,5|16,2;0.22;0;0;0;0
8,6|15,2;0.24;0.22;0;0;0
8,6|15,1;0;0;0;0;0.22
8,6|14,1;0;0.18;0;0.18;0
9,6|13,1;0;0.14;0;0;0.16
9,6|13,2;0.14;0.12;0;0;0
9,6|12,2;0.2376;0;0;0;0
9,6|11,2;0;0;0.12;0.0908;0
8,6|11,3;0;0;0.12;0.08000001;0
9,6|10,3;0;0;0;0.098;0
12,6|8,5;0;0;0.06;0.198;0.0944
13,6|9,5;0.1;0;0.06;0;0
13,7|10,5;0.1108;0;0;0;0
12,8|12,6;0.08496;-20;0;0;0.0236
12,9|12,8;-20;-20;0;0.02;0
12,9|12,9;0;0;0;0;0
7,5|4,0;0;0.12;0;0;0
7,4|4,1;0;0.08000001;0.08000001;0;0
7,3|5,1;0;0;0;0.144;0
8,3|6,1;0;0.04;0;0;0
8,2|6,2;0.04;0;0;0;0
8,3|7,2;0;0;-20;0;0.02
2,16|11,18;0;0;0;0.18;0
3,16|10,18;0;0;0;0.14;0
4,16|9,18;0;0;0.27;0;0
3,16|8,18;0;0;0;0.18;0
4,16|7,18;0;0;0.1;0;0
3,16|7,17;0;0.1;0.1;0.06;0
2,16|6,17;0;0;0;0;0.08000001
2,16|6,16;0.08000001;0;0.08000001;0;0
1,16|5,16;0;0;0.08000001;0;0
0,16|4,16;0;0;0;0;0.06
0,16|3,16;0.06;0;0;0;0
0,17|3,17;0.0708;0.06;0;0;0
0,18|2,18;0;0;0;0;0.0236
0,18|0,18;0;0;0;0;0
16,12|13,3;0.28;0;0;0;0
16,13|13,2;0;0.28;0.28;0.32;0.354576
16,12|13,1;0;0.310632;0;0;0.26
16,12|14,1;0;0;0;0.26;0
17,12|15,1;0;0;0;0;0.24
17,12|15,2;0;0.2;0;0;0
17,11|16,2;0;0;0;0.2;0
18,11|16,3;0;0.16;0;0;0.18
18,11|16,4;0.18;0;0;0;0
18,12|16,5;0;0;0.14;0;0
17,12|16,6;0;0;0;0;0.12
17,12|16,7;0;0;0;0;0.1
17,12|16,8;0;0.06;0;0;0
17,11|16,9;0;0.02;0;0;0
17,10|17,9;0.0236;0;0.02;0;0
16,10|16,9;0;0;0;0;-36
16,10|16,10;0;0;0;0;0
3,17|8,19;0.1;0;0;0;0
3,18|8,18;0;0;0;0;0.08000001
3,18|7,18;0;0;0;0;0.06
3,18|6,18;0;0;0;0;0.04
3,18|5,18;0.04;0;0;0;0
3,19|4,18;0;0;0.0472;-59.04;0
4,19|4,19;0;0;0;0;0
15,9|15,6;0;0;0;0.06;0
16,9|15,7;0;0;0;0.06;0
17,9|16,7;0.06;0;0;0;0
17,10|16,8;0;0;0.02;0;0
13,15|1,2;0;0;0;0;0.48
13,15|1,3;0.48;0;0;0;0
13,16|1,4;0.48;0;0;0;0
13,17|1,5;0.48;0;0;0;0
13,18|1,6;0;0;0.44;0;0
12,18|1,7;0.44;0;0;0;0
12,19|1,8;0;0;0.4;0;0
11,19|1,9;0.38;0;0;0;0
11,19|1,10;0.36;0;0;0;0
11,19|1,11;0;0;0.36;0.4;0.38
12,19|0,11;0.38;0;0.36;0;0
12,19|0,12;0;0.34;0;0;0.36
12,19|0,13;0;0.32;0;0;0
12,18|0,14;0;0.3365071;0.28;0;0
11,18|1,14;0;0;0;0.3268;0
13,18|3,14;0;0;0.24;0;0
12,18|4,14;0.24;0;0;0;0
12,19|4,15;0.22;0;0;0;0
12,19|4,16;0.2;0;0;0;0
12,19|5,16;0;0.16;0;0;0.18
12,19|6,16;0.3132;0;0;0;0
12,19|6,17;0;0;0;0;0.252
12,19|7,17;0.138;0;0;0;0
11,19|9,18;0.04;0.0396;0;0;0
11,18|10,18;0;0.036;0;0;0
11,17|11,18;0;0;0;0.02;0
12,17|11,17;0;0;0;0.0396;-20
13,17|12,17;0.036;0;0;0.0236;0
13,18|12,18;0;0.041184;-20;0;0
15,5|18,4;0.08000001;0;0;0;0
15,6|17,4;0;0;0;0;0.06
15,6|17,5;0;0;0;0.02;0
16,6|17,6;0;0.040248;0;0;0
16,5|17,5;0.0236;0.02;0;-20;-20
16,4|16,5;0;0;0;0.02;0
17,4|16,4;0;0;0;0;-20
17,4|17,4;0;0;0;0;0
19,9|2,5;0;0;0.38;0;0
18,9|3,5;0;0;0;0;0.36
18,9|4,5;0;0;0;0;0.34
18,9|5,5;0;0;0.3;0;0
17,9|6,5;0;0;0;0;0.28
17,9|7,5;0;0.24;0;0;0
17,8|8,5;0.28;0;0;0;0
17,9|8,4;0;0;0;0;0.3
17,9|8,3;0;0;0.26;0;0
16,9|9,3;0.26;0;0;0;0
16,10|10,3;0.26;0;0.22;0;0
16,11|11,3;0.26;0;0;0;0
16,12|12,3;0.26;0;0;0;0
16,13|13,3;0;0;0;0;0.59472
15,13|13,1;0;0.24;0;0;0
15,12|14,1;0;0;0;0;0.22
15,12|15,1;0.22;0;0;0;0
15,13|15,2;0;0.18;0;0.22;0
16,13|16,2;0.2;0;0;0;0
16,13|16,3;0;0;0.2;0;0
15,13|15,3;0;0;0;0.2;0.18
15,13|15,4;0.16;0;0;0.18;0
15,13|15,5;0.14;0;0.1852;0;0
15,13|15,6;0;0.1;0;0;0.138
15,12|15,7;0;0;0.08000001;0;0
15,12|15,8;0;0;0;0.08000001;0
16,12|15,9;0.08000001;0;0;0;0
16,13|15,10;0;0;0;0;0.06
16,13|16,10;0.04;0;0.06;0;0
15,13|15,10;0;0;0;0;0.08208001
14,13|15,12;0;0.02;0;0;0
14,13|15,13;-20;0;0.02;-20;0
13,13|14,13;0;0.02;0;-20;-20
13,13|13,13;0;0;0;0;0
4,15|10,18;0.1652;0;0;0;0
4,16|8,17;0;0;0.2124;0;0
3,15|7,16;0.06;0;0;0;0
3,16|6,16;0;0.0636;0;0;0
14,13|14,18;0;0;0;0.18;0
15,13|14,17;0;0;0;0.1;0
16,13|15,17;0.08000001;0;0;0;0.08000001
16,13|16,17;0;0;0;0.08000001;0
17,13|16,16;0;0.08720001;0;0;0
16,12|17,15;0.04;0;0;0;0
16,13|17,14;0;0;0.0792;0;0
15,13|17,13;0.02;0;0.04;-20;0
14,13|16,13;0;0;0;-20;0.0236
14,13|14,13;0;0;0;0;0
12,17|7,10;0.24;0;0;0;0
12,18|7,11;0.24;0;0;0;0
12,19|7,12;0;0;0.2;0;0
11,19|7,13;0;0;0;0.2868;0
12,18|5,13;0;0;0;0;0.22
12,18|5,14;0;0;0;0.22;0
13,18|5,15;0;0;0.18;0;0
12,18|6,15;0.2088;0;0;0;0
12,19|6,18;0;0;0.1;0;0
11,19|7,18;0.08000001;0;0;0;0
11,19|8,18;0;0;0;0.08000001;0
12,19|9,18;0;0;0;0;0.1188
12,19|10,18;0;0;0.02;0.06720001;0
11,19|11,18;-20;-20;0;0;-20
11,19|11,19;0;0;0;0;0
0,5|6,3;0;0;0;0;0.14
0,5|6,4;0;0;0.12;0;0
0,5|5,4;0;0;0;0.144;0
1,5|4,4;0.08000001;0;0;0;0
1,6|3,4;0;0;0;0.04;0
2,6|3,5;0.072;0;0;-20;0
2,7|2,5;0.04;0;0;0;0
2,8|2,6;0.04;0;0;0;0
2,9|2,7;0;0;0.08496;0;0.02
2,9|2,8;0.02;0;0;0.0236;0
2,10|2,9;0;0;0;0.04248;-20
11,9|7,1;0.22;0;0;0;0
11,9|7,2;0;0;0.18;0;0
10,9|8,2;0;0;0.14;0;0
9,9|8,3;0;0.1;0;0;0
9,8|8,4;0;0;0.06;0;0
8,8|8,5;0;0.04;0;0;0
8,8|8,6;0.08000001;0;0;0;0
8,9|9,6;0;0.1584;0;0;0
8,8|10,6;0;0;0.12;0.08000001;0
9,8|11,6;0;0;0;0;0.1
9,8|12,6;0;0.1512;0.1;0;0
9,8|12,7;0.08000001;0;0;0.0792;0
10,8|12,8;0.07560001;0;0;0;0
10,9|11,8;0;0;0;0;0.036
10,9|10,8;0;-20;0;0;-20
19,7|5,0;0;0;0;0;0.4
19,7|6,0;0;0;0;0.38;0
19,7|6,1;0;0;0;0.36;0
19,7|7,1;0;0;0;0;0.34
19,7|8,1;0.34;0;0;0;0
19,8|9,1;0;0.3;0;0;0
19,7|10,1;0.3;0;0;0;0
19,8|11,1;0;0.26;0;0;0
19,7|12,1;0;0;0;0;0.24
19,7|13,1;0;0;0.2;0;0
18,7|14,1;0;0.16;0;0;0
18,6|15,1;0;0.136992;0;0;0.14
18,6|15,2;0;0.1;0;0.14;0
19,6|16,2;0;0;0;0;0.216
19,6|16,3;0.12;0;0;0.1;0
19,7|16,4;0.12;0;0;0.1;0
19,7|17,4;0;0.0708;0.06;0;0.08000001
19,7|18,4;0;0.04;0;0;0
19,6|18,5;0;-20;0;0;0
19,5|19,5;0;0;0;0;0
13,12|16,7;0.16;0;0;0;0
13,13|16,8;0.14;0;0;0;0
13,13|15,8;0;0;0;0;0.12
13,13|15,9;0;0;0;0.16416;0
13,13|15,11;0;0;0.08000001;0;0
12,13|15,12;0;0;0.1584;0;0
11,13|15,13;0.06;0.08000001;0;0;0
11,12|14,13;0.04;0;0;0;0
11,13|13,13;0.02;0;0.04;0;0
10,13|12,13;0;0.04;0.04;0;0.02
8,1|0,7;0;0;0.24;0;0
7,1|0,6;0;0.24;0;0;0
7,0|0,5;0;0;0.2;0;0
6,0|1,5;0.16;0;0;0;0
6,1|2,5;0;0.16;0;0;0
6,0|2,4;0;0.14;0;0;0
6,0|2,3;0;0.12;0;0;0
6,0|2,2;0;0;0.08000001;0;0
5,0|2,1;0.04;0;0;0;0
5,1|3,1;0.04;0;0;0;0
5,2|4,1;0.04;0;0;0;0
5,3|4,2;0.04;0;0;0;0
5,4|4,3;0.04;0;0;0;0
5,5|4,4;0;0;0;0;0.02
5,5|4,5;0.02;0;0;0;0
5,6|4,6;0.040248;0;0;0.02;0
5,7|5,6;0;0;0.02;0;0
4,7|4,6;0;0;0.02;0.02;0
5,7|4,7;0.02;0.0236;0;0;0
5,8|4,8;0.02;0;-20;-20;0
4,8|4,8;0;0;0;0;0
3,3|13,3;0.2;0;0;0;0
3,4|12,3;0;0;0;0.16;0
4,4|11,3;0;0;0;0;0.14
4,4|10,3;0;0;0.14;0;0
3,4|9,3;0.14;0;0;0;0
3,5|8,3;0;0;0.1652;0;0
1,5|6,3;0;0;0;0.1;0
2,5|5,3;0;0.06;0;0;0.1512
2,5|4,3;0;0.072;0;0;0
2,4|3,3;0;-20;0;0;0
2,3|2,3;0;0;0;0;0
11,17|10,17;0;0;0;0.0236;0
14,16|14,17;0;0.036;0;0;0
14,15|14,16;-20;0;0.02;0;0
14,16|14,16;0;0;0;0;0
3,16|2,13;0;0;0.04;0;0
2,16|2,14;0;0;0;0.04;0
3,16|2,15;0;0;-20;0;0
2,16|2,16;0;0;0;0;0
18,4|2,16;0.52;0;0;0;0
18,5|2,15;0;0;0;0;0.5
18,5|3,15;0;0.5;0;0;0
18,4|4,15;0;0;0;0;0.48
18,4|5,15;0.44;0;0;0;0
18,5|5,14;0;0;0;0;0.42
18,5|5,13;0;0;0;0.42;0
19,5|6,13;0;0.42;0;0;0
19,4|7,13;0;0;0.38;0;0
18,4|8,13;0;0;0.34;0.38;0
19,4|9,13;0;0.38;0;0;0
19,3|10,13;0;0;0;0;0.36
19,3|11,13;0;0;0.32;0;0
18,3|12,13;0.28;0;0;0;0
18,4|13,13;0;0.28;0;0;0
18,3|14,13;0.24;0;0;0;0
18,4|15,13;0.2;0;0;0;0
18,5|15,12;0;0;0;0;0.18
18,5|15,11;0;0;0;0.18;0
19,5|15,10;0;0;0.14;0;0
18,5|15,9;0;0;0;0;0.12
18,5|16,9;0;0;0.144;0;0
17,5|17,9;0;0;0.08000001;0;0
16,5|17,8;0;0;0;0;0.06
16,5|17,7;0;0;0.06;0;0
15,5|16,7;0;0;0.04;0;0
15,5|16,6;0;0;0;0;0.02
15,5|16,5;0;0;0;0;-20
15,5|15,5;0;0;0;0;0
10,3|13,5;0;0.1;0;0;0
10,2|12,5;0;0.1;0;0;0
10,1|11,5;0;0;0.2124;0;0
8,1|9,5;0.06;0;0;0;0
8,2|8,5;0.02;0;0;0;0
8,3|8,4;0;0;0;0.02;-36
9,3|8,3;0;0;-48.8;0.02;-20
11,3|10,3;-20;0;-36;0.02;-20
17,10|4,6;0;0;0;0;0.32
17,10|5,6;0;0;0;0;0.3
17,10|6,6;0;0.26;0;0;0
17,9|7,6;0;0;0;0;0.24
17,9|8,6;0;0;0;0;0.26
17,9|8,5;0.3;0;0;0;0
17,10|8,4;0;0;0;0.34;0
18,10|8,3;0;0.3;0;0;0
18,9|9,3;0;0.26;0;0.3;0
18,8|10,3;0;0;0.22;0;0
17,8|11,3;0.22;0;0;0;0
17,9|12,3;0;0;0.18;0.2695403;0
16,9|13,3;0;0.18;0;0;0.2
16,8|13,2;0;0;0.3564;0;0
15,8|13,1;0.18;0;0;0.18;0
15,9|14,1;0;0.14;0;0.18;0
15,8|15,1;0;0;0;0.14;0
16,8|15,2;0.14;0;0;0;0
16,9|16,2;0;0;0;0;0.12
16,9|16,3;0;0.08000001;0;0;0
16,8|16,4;0;0;0;0;0.06
16,8|16,5;0;0;0;0.1188;0.04
17,8|16,6;0;0;0.02;0.06;0
18,8|17,6;0;0.02;0;0;0
18,7|18,6;0;-20;0.02;0;0
18,6|18,6;0;0;0;0;0
3,3|14,18;0;0;0;0;0.5
3,3|14,17;0.46;0;0;0;0
3,4|13,17;0;0;0;0.42;0
4,4|12,17;0;0;0;0.38;0
5,4|11,17;0;0;0.38;0;0
4,4|11,16;0;0;0.38;0;0
3,4|11,15;0;0;0.38;0;0
2,4|10,15;0;0.7452;0;0;0
2,3|9,15;0.34;0;0;0;0.4248
2,4|8,15;0;0;0;0.3;0
3,4|7,15;0;0.3;0;0;0
3,3|6,15;0;0.3;0;0;0.28
3,3|5,15;0;0;0.28;0;0
2,3|4,15;0;0.28;0;0.24;0
3,3|4,14;0;0;0;0.2;0
4,3|4,13;0.2;0;0;0;0
4,4|3,13;0;0.24;0;0;0
4,3|2,13;0.24;0;0;0;0
4,4|1,13;0;0;0;0;0.3068
6,4|0,11;0;0;0;0;0.24
6,4|1,11;0;0;0.2;0;0
5,4|1,10;0;0.2;0;0;0
5,3|2,10;0;0;0;0;0.18
5,3|3,10;0.14;0;0;0;0
5,4|3,9;0;0;0;0;0.12
5,4|4,9;0;0;0;0;0.1
5,4|5,9;0;0;0.1;0;0
4,4|4,9;0;0;0;0.1;0
5,4|4,8;0;0;0.06;0;0
4,4|4,7;0;0.06;0;0;0
4,3|4,6;0;0;0;0.06;0
5,3|4,5;0;0;0.0236;0;0
12,13|18,7;0.22;0;0;0;0
12,13|18,8;0;0;0.22;0;0
11,13|17,8;0;0.18;0;0;0
11,12|17,9;0.18;0;0.18;0;0
11,13|16,9;0;0;0.18;0;0
10,13|16,10;0.3132;0;0;0;0
10,13|16,11;0;0;0.16;0;0.14
10,13|15,11;0;0.1;0;0;0
10,12|15,12;0;0;0.2772;0;0
9,12|15,13;0.118;0;0.14;0.1;0
8,12|14,13;0;0.14;0;0;0
8,11|13,13;0.1;0;0;0;0
8,12|12,13;0.06;0;0;0;0.08000001
8,12|11,13;0.0436;0.08000001;0;0;0
8,11|11,12;0.04;0;0;0;0.06
8,12|10,12;0;0.04;0;0;0.02
8,12|9,12;0;0;0;-20;0
9,12|9,12;0;0;0;0;0
14,1|2,10;0.4;0;0;0;0
14,1|2,9;0.38;0;0;0;0
14,1|2,8;0;0;0;0;0.36
14,1|2,7;0;0.36;0;0;0
14,0|3,7;0.32;0;0;0;0
14,1|4,7;0.3;0;0;0;0
14,1|4,6;0;0;0.26;0;0
13,1|5,6;0;0;0;0.26;0
14,1|5,5;0;0;0;0;0.24
14,1|6,5;0;0.24;0;0;0
14,0|6,4;0;0;0;0;0.22
14,0|7,4;0;0;0;0.22;0
15,0|7,3;0;0;0;0;0.2
15,0|7,2;0;0;0.16;0;0
14,0|7,1;0;0;0;0;0.14
14,0|8,1;0;0;0;0;0.12
14,0|9,1;0;0;0.08000001;0;0
13,0|10,1;0.04;0;0;0;0
13,1|11,1;0.04;0;-20;0;0
12,1|12,1;0;0;0;0;0
13,16|9,6;0;0;0.24;0;0
12,16|10,6;0;0;0.2;0;0
11,16|11,6;0;0.2;0;0;0
11,15|12,6;0.2;0;0;0;0
11,16|12,7;0;0;0.2;0;0
10,16|12,8;0;0;0;0.16;0.18
11,16|11,8;0.16;0;0;0;0
11,17|11,9;0;0;0;0;0.18
11,17|10,9;0;0;0.18;0;0
10,17|9,9;0;0;0.18;0;0
9,17|8,9;0;0;0;0.18;0
10,17|8,10;0.18;0;0;0;0
10,18|8,11;0;0.14;0;0.18;0
10,17|8,12;0;0.1;0;0;0
10,16|8,13;0.14;0;0;0;0
10,17|7,13;0.18;0;0;0;0
10,18|6,13;0;0;0.18;0;0
9,18|5,13;0;0;0.14;0;0
8,18|5,14;0;0.1;0.1;0;0
7,18|5,15;0;0.1572;0;0;0
7,17|6,15;0;0;0;0.06;0.04
8,17|7,15;0;0;0;0;0.04
8,17|8,15;0;0;0;0.04;0
9,17|8,16;0.07624801;0;0;0.04;0.02
9,18|8,17;0;0;0;0;0.03888
5,19|10,3;0.4;0;0;0;0
5,19|9,3;0;0;0;0;0.38
5,19|8,3;0.36;0;0;0;0
5,19|8,4;0.34;0;0;0;0
5,19|8,5;0;0;0.34;0;0
4,19|7,5;0.32;0;0;0;0
4,19|6,5;0;0;0;0;0.3
4,19|6,6;0;0.26;0;0;0
4,18|5,6;0;0.22;0;0;0
4,17|5,7;0;0;0;0.18;0
5,17|5,8;0.18;0;0;0;0
5,18|5,9;0.18;0;0;0;0
5,19|5,10;0;0;0.18;0;0
4,19|4,10;0.3204;0;0;0;0
4,19|4,11;0.39528;0;0;0;0
4,19|3,11;0;0;0.22248;0;0.5564
4,19|2,11;0.22;0;0.2;0.24;0
3,19|1,11;0.2635297;0.2;0;0.24;0
3,18|0,11;0.2;0;0;0;0
3,19|0,12;0;0;0;0.442944;0
4,18|0,14;0;0;0;0.16;0.165488
5,18|0,15;0;0;0.12;0;0
4,18|1,15;0;0.08000001;0.0944;0.12;0
5,18|1,16;0;0;0.08000001;0.12;0
4,18|1,17;0;0.04;0;0;0
4,17|2,17;0;0;0;0.04;0
5,17|3,17;0.04;0;0;0;0
5,18|4,17;0;-20;0;0.04;0
6,18|5,17;0;0;0;0.04;0.04248
0,8|3,6;0.1;0;0;0;0
0,9|2,6;0;0.06;0;0;0
0,8|2,7;0;0;0.04;0;0.04
0,8|1,7;0;0;0;-36;0
1,8|1,8;0;0;0;0;0
3,15|2,0;0.32;0;0;0;0
3,16|2,1;0.32;0;0.28;0;0
3,17|2,2;0.32;0;0;0;0
3,18|2,3;0.32;0;0;0;0
3,19|2,4;0;0;0;0;0.3
3,19|2,5;0;0.26;0;0;0
3,18|2,6;0.26;0;0;0;0
3,19|2,7;0;0;0.22;0;0
2,19|2,8;0.2;0.18;0;0;0
2,19|2,9;0;0;0;0.2;0
3,19|2,10;0.18;0;0;0;0
3,19|2,11;0.236;0;0;0;0.2432
4,19|0,11;0;0.236;0;0.477432;0
3,18|0,13;0;0;0.258768;0;0
2,18|0,14;0.2376;0;0;0.12;0.1
3,18|0,15;0.12;0;0;0;0
3,19|1,15;0;0.0944;0;0;0.1
3,19|2,15;0;0.06;0.0708;0;0.08000001
3,19|3,15;0.1188;0;0;0;0
3,19|3,16;0.07638564;0.0236;0.108;0;0
2,19|2,16;0;0;0;0.16872;0.04
2,19|2,17;0.02;-20;0.04;0;0
2,19|2,18;0;0;0.062768;0;-20
1,18|1,19;-20;0;0;0;0
1,19|1,19;0;0;0;0;0
4,0|4,3;0;0.04;0;0;0
4,0|4,2;-20;0;0;0;0
4,1|4,1;0;0;0;0;0
13,9|19,7;0.14;0;0;0;0
13,9|18,7;0;0;0;0.12;0
13,9|18,8;0;0;0;0.1;0
13,9|17,8;0.08000001;0;0;0;0
13,9|16,8;0;0;0;0.06;0
13,9|15,8;0;0;0;0.04;0
13,9|15,9;0.06;0;0;0;0
13,9|15,10;0;0;0.1;0;0
12,9|15,11;0.12;0;0.14;0;0
12,9|15,12;0;0;0;0.12;0
13,9|15,13;0.1;0;0;0;0.118
13,9|14,13;0;0.1;0;0.08000001;0
13,8|13,13;0;0.1;0.1;0;0
12,8|13,12;0;0.1;0;0;0.08000001
12,8|12,12;0;0.162;0;0;0
12,7|12,11;0;0.12;0.118;0;0.1
12,7|11,11;0.2016;0;0;0;0
12,8|10,11;0;0;0;0;0.2448
12,8|9,11;0;0.16;0;0;0.14
12,7|8,11;0.12;0;0.41036;0.16;0
12,8|8,10;0;0.12;0;0;0.1908
12,7|8,9;0.08000001;0.12;0;0.12;0
12,6|8,8;0;0.12;0;0;0
12,5|9,8;0.08000001;0;0;0;0.1
12,6|10,8;0;0;0;0;0.1116
12,6|11,8;0.02;0.06;0;0;0
12,7|12,8;-20;0;0;0;0
12,8|12,8;0;0;0;0;0
17,10|3,7;0;0;0.3;0;0
16,10|4,7;0;0;0;0;0.28
16,10|5,7;0;0;0;0;0.3
16,10|5,6;0.3;0;0;0;0
16,11|6,6;0;0;0;0;0.28
16,11|7,6;0;0;0;0;0.26
16,11|8,6;0;0;0;0;0.28
16,11|8,5;0;0;0;0.32;0
17,11|8,4;0;0;0;0.36;0
18,11|8,3;0;0;0;0;0.34
18,11|9,3;0;0;0;0.34;0
19,11|10,3;0.34;0;0;0;0
19,12|11,3;0;0;0;0.32;0
19,12|12,3;0;0;0;0;0.3
19,12|13,3;0;0.3;0;0;0
19,11|13,2;0.6732;0;0;0;0
19,12|13,1;0.6732;0;0;0;0
19,13|14,1;0.666;0;0;0;0
19,14|15,1;0;0;0.3;0;0.32
18,14|15,2;0;0.26;0;0;0
18,13|15,3;0;0;0;0.26;0
19,13|15,4;0;0;0.22;0;0
18,13|15,5;0;0;0;0.22;0
19,13|16,5;0;0;0;0.2;0
19,13|16,6;0;0;0.16;0;0
18,13|16,7;0;0.12;0;0.16;0
18,12|16,8;0;0;0;0.12;0
19,12|17,8;0;0;0;0.1;0
19,12|18,8;0.1;0;0;0;0
19,13|18,9;0.1;0;0;0;0
19,14|18,10;0.1;0;0;0;0
19,15|18,11;0.1;0;0;0;0.0944
19,16|18,12;0.118;0;0;0.08000001;0
19,16|18,13;0.08000001;0;0;0;0
19,17|18,14;0;0.0472;0;0.06;0.06720001
19,17|18,15;0;0;0;0.04;0.04
19,17|18,16;0.04;-36;0;0;0
19,16|19,16;0;0;0;0;0
10,8|19,18;0;0.36;0;0;0
10,8|19,17;0;0.34;0;0;0
10,8|19,16;0.3;0;0;0;0
10,9|19,15;0.28;0;0;0;0
10,9|19,14;0;0;0.28;0;0
9,9|18,14;0;0;0;0.24;0
10,9|17,14;0;0;0;0;0.22
10,9|17,13;0.2;0;0;0;0
10,9|16,13;0;0;0.2;0;0
9,9|15,13;0.18;0;0;0;0
9,9|14,13;0.16;0;0;0;0
9,9|13,13;0;0;0.3096;0;0
8,9|12,13;0;0;0.16;0.12;0
9,9|11,13;0;0.12;0;0;0
9,8|11,12;0.08000001;0;0;0;0
9,9|10,12;0;0.08000001;0;0;0
9,8|9,12;0;0;0;0.08000001;0
10,8|9,11;0.08000001;0;0;0.145488;0
10,9|8,11;0;0;0.1188861;0.08000001;0
9,9|8,10;0;0;0;0.1219936;0
17,5|16,18;0;0;0;0;0.26
17,5|16,17;0;0.26;0;0;0
17,4|17,17;0;0;0;0;0.24
17,4|17,16;0;0;0.24;0;0
16,4|17,15;0;0.24;0;0;0
16,3|17,14;0;0;0.2796;0.3888;0
16,3|17,12;0;0;0;0.16;0
17,3|17,11;0;0;0;0;0.14
17,3|17,10;0.1;0;0;0;0.12
17,4|17,9;0;0.1908;0;0;0
17,3|17,8;0.1188;0;0;0;0
17,4|17,7;0;0;0;0.1152;0
18,4|17,6;0;0;0;0;0.072
18,4|17,5;-36;0;0;0.04;0
18,5|18,5;0;0;0;0;0
9,12|0,6;0;0;0;0.3;0
10,12|0,7;0;0;0.26;0;0
9,12|0,8;0.26;0;0;0;0
9,13|0,9;0.24;0;0;0;0
9,13|0,10;0;0;0.2;0;0
8,13|0,11;0;0.16;0.1852;0;0
6,13|0,13;0;0;0;0;0.1
6,13|1,13;0.1512;0;0;0;0
6,13|2,13;0;0.06720001;0.04;0;0
5,13|3,13;0;0;0;0;0.02
5,13|4,13;0;0;0;0;-20
5,13|5,13;0;0;0;0;0
13,11|4,2;0.36;0;0;0;0
13,12|5,2;0;0.32;0;0;0
13,11|6,2;0.32;0;0;0;0
13,12|7,2;0;0;0.28;0;0
12,12|7,3;0;0;0;0;0.26
12,12|8,3;0;0;0;0.26;0
13,12|8,4;0.5076;0;0;0;0
13,13|8,5;0;0.4284;0;0;0
13,12|9,5;0;0.3528;0;0;0
13,11|10,5;0;0.16;0;0;0.1888
13,11|11,5;0.3096;0;0;0;0
13,12|11,6;0;0;0.2376;0;0
12,12|12,6;0.12;0.08000001;0;0;0
12,13|12,7;0.1;0;0;0;0
12,13|12,8;0.08000001;0;0;0;0
12,13|12,9;0.1;0;0;0;0
12,13|11,9;0;0.1;0;0;0.2412
12,13|10,9;0.14;0;0.149736;0;0
12,13|9,9;0;0;0.14;0;0.16
11,13|8,9;0.12;0;0;0.38408;0.1344
12,13|8,10;0.12;0.1;0;0.14;0
12,13|8,11;0.1;0;0;0;0.1
12,13|9,11;0;0;0.06;0;0.08000001
11,13|10,11;0.0436;0;0;0;0.04
11,13|10,12;0.02;0;0;0;0.0236
11,13|11,12;-20;0;0.02;0;0
10,13|10,12;-20;0;0;0;0
7,19|6,5;0;0;0.26;0;0
6,19|6,6;0;0;0;0.3;0
7,19|5,6;0;0;0.26;0;0
6,19|5,7;0;0.22;0;0;0
6,18|5,8;0.22;0;0;0;0
6,19|5,9;0;0;0;0;0.2
6,19|5,10;0;0.16;0;0;0
6,18|5,11;0;0;0;0.2;0
7,18|4,11;0;0;0;0.24;0
8,18|3,11;0;0;0;0.28;0
9,18|2,11;0.32;0;0;0;0
9,19|1,11;0;0;0.32;0.432216;0
8,19|0,11;0.3;0;0.28;0;0
8,19|0,12;0.335224;0;0;0;0.28
8,19|0,13;0;0.24;0.24;0;0.3068
8,18|0,14;0;0.2;0;0;0
8,17|0,15;0;0;0;0.2;0
9,17|1,15;0.2;0;0;0;0
9,18|1,16;0;0.16;0;0;0
9,17|2,16;0;0.12;0;0;0
9,16|3,16;0.12;0;0;0;0
9,17|4,16;0.12;0.08000001;0;0;0
9,16|5,16;0.08000001;0;0;0;0
9,17|5,17;0;0;0.04;0;0
8,17|6,17;0;0;0;0.04;0
9,17|7,17;0;0;-20;0;0.02488304
8,17|8,17;0;0;0;0;0
4,11|19,19;0.44;0;0;0;0
4,11|18,19;0;0;0;0;0.42
4,11|17,19;0.4;0;0;0;0
4,11|17,18;0;0;0;0;0.38
4,11|17,17;0;0;0;0;0.36
4,11|17,16;0;0;0;0.32;0
5,11|17,15;0;0;0.32;0;0
4,11|17,14;0;0.32;0;0;0
4,10|17,13;0;0;0;0.28;0
5,10|16,13;0;0;0;0.26;0
5,10|15,13;0.22;0;0;0.24;0
5,11|14,13;0.2;0;0;0;0
5,11|13,13;0;0;0;0.18;0
5,11|12,13;0;0.18;0;0;0
5,10|11,13;0;0;0;0.16;0
5,10|10,13;0;0;0.16;0;0
4,10|9,13;0.1416;0;0;0.12;0
5,10|8,13;0;0;0;0.1;0
5,10|7,13;0;0.1;0;0;0
5,9|6,13;0;0;0.1;0;0
4,9|5,13;0;0;0;0.198;0
5,9|4,13;0.1;0;0;0.12;0
5,10|3,13;0;0.2772;0.1;0.164064;0.260064
5,9|2,13;0;0;0.2844;0;0
4,9|1,13;0.1616;0;0;0.18;0
5,9|0,13;0;0.18;0;0.1888;0
5,8|0,12;0;0.18;0;0.1816;0
5,7|0,11;0.14;0;0;0;0.16
5,8|0,10;0.1;0;0;0;0
5,9|1,10;0;0;0.06;0;0
4,9|1,9;0.06;0;0.02;0;0
3,9|2,9;0;0;-20;0.02;0
4,9|3,9;0;0;-20;0;0
1,11|18,2;0;0;0.52;0;0
0,11|17,2;0.52;0;0;0;0
0,12|16,2;0.52;0;0;0;0
0,13|16,3;0.52;0;0;0;0
0,14|16,4;0.52;0;0;0;0
0,15|16,5;0;0;0;0.48;0
1,15|16,6;0;0.44;0;0;0
1,14|16,7;0;0;0;0;0.42
1,14|16,8;0;0;0;0.38;0
2,14|15,8;0;0.34;0;0;0
2,13|15,9;0.34;0;0;0;0
2,14|15,10;0;0.3;0;0;0
2,13|15,11;0;0;0;0.5112;0
3,13|15,12;0;0.468;0;0;0
3,13|15,13;0.281184;0;0;0.2;0
4,13|14,13;0.2;0;0;0;0
4,14|13,13;0;0.3096;0;0;0
4,13|12,13;0;0;0;0.2376;0
5,13|11,13;0;0;0.12;0;0.1
4,13|10,13;0;0;0;0;0.1
4,13|9,13;0;0.08000001;0;0;0
4,13|8,13;0;0;0;0.0792;0
5,13|7,13;0.04;0;0.04;0;0
4,13|6,13;0.04;0;0;0;0
4,14|5,13;0.04;-20;0;0;0
4,13|4,13;0;0;0;0;0
15,8|19,1;0;0;0;0;0.2
15,8|19,2;0.2;0;0;0;0
15,9|18,2;0.2;0;0;0;0
15,10|18,3;0.2;0;0;0;0
15,11|17,3;0;0;0;0;0.18
15,11|17,4;0.18;0;0;0;0
15,12|16,4;0;0.14;0;0;0
15,11|16,5;0;0;0.12;0;0
15,11|16,6;0;0;0.198;0;0
15,11|16,7;0.1;0.06720001;0;0.06;0
15,12|16,8;0;0;0.08000001;0.06;0
15,12|16,9;0;0;0.06;0;0
15,12|16,10;0;0.02;0;0;0
15,11|15,10;0;0;0;0.02;-20
18,5|19,17;0;0;0;0;0.24
18,5|18,17;0.2;0;0;0;0
18,6|18,16;0;0;0;0.2;0
19,6|18,15;0;0;0;0;0.18
19,6|18,14;0.14;0;0;0.3096;0
19,7|18,13;0;0;0;0.12;0
19,7|18,12;0.08000001;0;0;0;0
19,8|18,11;0.04;0;0;0;0
19,9|18,10;-20;0;-20;0;0.036
19,9|18,9;0;0;-20;0;0
18,9|18,9;0;0;0;0;0
15,2|4,9;0;0;0.34;0;0
15,2|4,8;0.3;0;0;0;0
15,3|5,8;0;0;0;0;0.28
15,3|5,7;0;0;0.26;0;0
15,3|5,6;0;0;0.24;0;0
15,3|6,6;0;0;0;0;0.22
15,3|7,6;0;0;0.2;0;0
15,3|8,6;0.16;0;0;0;0
15,4|8,5;0.16;0;0.14;0;0
15,5|8,4;0;0;0;0;0.18
15,5|8,3;0;0.14;0.3132;0;0
15,4|9,3;0;0;0.12;0;0
15,4|10,3;0;0;0;0.2304;0
16,4|11,3;0.12;0.08000001;0;0;0
16,3|12,3;0;0;0;0.08000001;0
17,3|13,3;0;0.08000001;0;0;0
17,2|13,2;0;0;0;0;0.1
17,2|13,1;0.1;0;0;0;0.08000001
17,3|14,1;0;0.06;0;0;0
17,2|15,1;0;0.02;0;0;0.04
17,1|16,1;0;0;0;0;-20
17,1|17,1;0;0;0;0;0
19,0|16,10;0;0.24;0;0;0
19,0|17,10;0;0.22;0;0;0
19,0|17,9;0.18;0;0;0;0
19,1|17,8;0;0.18;0;0;0.16
19,1|18,8;0;0;0.12;0;0
18,1|18,7;0.08000001;0;0;0;0
18,2|18,6;0;0;0;0;0.06
18,2|18,5;0.02;0;0.06;0;0
18,3|18,4;-36;0;0;0;0
18,4|18,4;0;0;0;0;0
13,9|0,19;0;0;0;0;0.44
13,9|1,19;0;0;0;0;0.42
13,9|2,19;0;0;0;0.4;0
13,9|3,19;0;0.4;0;0;0
13,8|4,19;0;0;0;0.38;0
13,8|5,19;0;0;0.34;0;0
12,8|5,18;0.3;0;0;0;0
12,9|5,17;0.28;0;0;0;0
12,9|5,16;0.3068;0;0.24;0;0
12,9|5,14;0;0.4752;0;0;0.2524
12,8|5,13;0;0;0.2;0.24;0
13,8|6,13;0.2324;0.24;0;0;0
13,7|7,13;0;0.24;0;0;0
13,6|7,12;0;0;0.2;0;0
12,6|7,11;0;0.2;0;0;0
12,5|8,11;0.16;0;0;0;0
12,6|8,10;0;0.16;0;0;0
12,5|8,9;0;0.14;0;0;0
12,5|9,9;0.1;0.12;0;0;0
12,6|9,8;0;0;0.06;0;0
11,6|10,8;0;0;0.078;0;0.09338401
11,6|11,8;0.1188;0.152496;0;0;0
11,6|12,8;0;0;0.06;0;0.04
10,6|12,7;0;0.06;0.06;0.036;0
10,5|12,6;0.02;0;0;0;0
10,6|11,6;0;0;0;-20;-20
10,6|10,6;0;0;0;0;0
9,0|6,2;0.06;0;0;0;0
9,1|7,2;0.02;0;0;0;0.04
9,1|8,2;-20;0;0;0;0
9,2|9,2;0;0;0;0;0
7,15|16,18;0;0;0;0;0.22
7,15|16,17;0.18;0;0;0;0
7,16|16,16;0;0;0;0;0.16
7,16|15,16;0.16;0;0;0;0
7,17|14,16;0;0;0.16;0;0
6,17|13,16;0.16;0;0;0;0
6,18|12,16;0;0;0;0;0.14
6,18|11,16;0;0;0.14;0;0
5,18|10,16;0.14;0;0;0;0
5,19|9,16;0;0;0;0;0.12
5,19|9,17;0;0;0.12;0;0
4,19|9,18;0;0;0;0;0.25264
4,19|8,18;0;0.1188;0;0;0
4,18|7,18;0.06;0;0;0.03311135;0.04
4,19|7,19;0;0;0.1152;0;0
3,19|6,19;0.04;0;0;0.0396;0
3,19|5,19;0.02;0.04;0;0;0
3,19|4,19;-20;0;0.02;0;0
3,19|3,19;0;0;0;0;0
0,1|19,5;0;0;0.44;0;0
0,1|19,4;0.4;0;0;0;0
0,2|18,4;0;0;0.38;0;0
0,2|18,3;0;0;0;0;0.36
0,2|17,3;0;0;0;0;0.34
0,2|16,3;0;0;0;0;0.32
0,2|16,2;0.32;0;0;0;0
0,3|15,2;0;0;0;0;0.34
0,3|15,1;0;0.3;0;0;0
0,2|14,1;0;0;0;0;0.28
0,2|13,1;0;0;0.26;0;0
0,2|12,1;0;0;0.24;0;0
0,2|11,1;0;0;0;0;0.22
0,2|11,2;0.22;0;0;0;0
0,3|10,2;0;0;0;0;0.2
0,3|9,2;0;0;0.18;0;0
0,3|8,2;0;0;0;0.14;0
1,3|7,2;0;0;0;0.1;0
2,3|6,2;0;0;0;0;0.08000001
2,3|5,2;0;0;0;0.04;0
3,4|4,3;0;0;0;0;0.0236
4,4|4,3;0.02;0;0;0;0
4,5|4,4;0.02;0;0;0;0
4,6|4,5;0.0236;0;0;0;0
3,7|3,6;0.02;0;0.024248;0;-36
3,8|3,7;0;0;0;0;-36
7,9|18,9;0;0;0.2;0;0
7,9|17,9;0.2;0;0;0;0
7,10|16,9;0.2;0;0;0;0
7,11|15,9;0.2;0;0;0;0
7,12|15,10;0;0;0.18;0;0
7,12|15,11;0;0;0.16;0;0
7,12|15,12;0;0.2;0;0;0
7,11|15,13;0.16;0;0;0;0.18
7,12|14,13;0.12;0;0;0;0
7,13|13,13;0;0;0;0.08000001;0
8,13|12,13;0;0.08000001;0;0;0
8,12|12,12;0;0;0;0;0.06
8,12|11,12;0;0;0;0;0.0436
8,11|9,12;-20;0.04;0;0;0
8,12|8,12;0;0;0;0;0
4,10|6,2;0;0;0.2;0;0
3,10|6,3;0;0;0;0.16;0
4,10|6,4;0;0;0;0.12;0
5,10|6,5;0;0.08000001;0;0;0
5,9|6,6;0;0;0;0;0.1188
5,9|5,6;0.06;0;0.06;0;0.04
4,9|4,6;0.06;0;0.06;0;0.04
3,9|3,6;0;0.02;0;0;0
0,5|3,7;0;0.1;0;0;0
0,4|3,6;0.06;0;0;0;0
0,5|2,6;0.02;0;0;0;0
0,6|1,6;0.02;0;-20;0;0
19,1|13,8;0.22;0;0;0;0
19,2|13,7;0.18;0;0;0;0
19,3|13,6;0;0;0;0;0.16
19,3|13,5;0;0;0;0.18;0
19,3|12,5;0;0;0;0.2;0
19,3|11,5;0;0;0;0.22;0
19,3|10,5;0;0;0;0;0.24
19,3|9,5;0;0.28;0.24;0;0
19,2|8,5;0;0;0;0.26;0
19,2|8,4;0;0;0;0;0.24
19,2|8,3;0;0.24;0;0.22;0
19,1|9,3;0;0;0;0;0.22
19,1|10,3;0.18;0;0;0;0
19,2|11,3;0;0;0.14;0;0
18,2|11,2;0.14;0;0;0.14;0
18,3|12,2;0;0;0;0;0.12
18,3|13,2;0.16;0;0;0;0
18,4|13,1;0;0;0.12;0;0
17,4|14,1;0;0;0;0;0.1
17,4|15,1;0;0;0;0.1;0
18,4|16,1;0;0;0;0.1;0.08000001
18,4|17,1;0.08000001;0;0;0.08000001;0
19,4|17,2;0.08000001;0;0.04;0;0
19,5|17,3;0.144;0;0;0;0
19,6|18,3;0;0;0;0;0.06
19,6|18,4;0.16584;0;0;0.04;0
19,7|18,5;0.108;0;0;0.0436;0
19,8|19,5;0;0;0.06;0;0
18,8|19,6;0;0;0;0;0.04
18,8|18,6;0.04;-20;0;0;0
18,9|18,7;0;0;0;0.04;0
19,9|18,8;0.04;0;0;0;0.02
19,9|19,8;0;0;0;0;-20
12,1|4,18;0;0;0;0.5;0
13,1|4,17;0;0;0;0;0.48
13,1|5,17;0;0;0;0;0.46
13,1|5,16;0.42;0;0;0;0
13,2|5,15;0.38;0;0;0;0
13,3|5,14;0.36;0;0;0;0
13,3|5,13;0;0;0;0;0.34
13,3|6,13;0;0;0.3;0;0
12,3|7,13;0;0;0;0;0.28
12,3|7,12;0;0;0;0.28;0
13,3|8,12;0;0;0;0;0.26
13,3|8,11;0.24;0;0;0;0
13,3|8,10;0;0.24;0;0;0
13,2|8,9;0;0;0.2;0;0
12,2|8,8;0;0;0;0;0.18
12,2|9,8;0.14;0;0;0;0
12,3|10,8;0;0.14;0;0;0
12,2|11,8;0.1;0;0;0;0
12,3|12,8;0;0.1;0;0;0
12,2|12,7;0.06;0;0;0;0
12,3|12,6;0;0;0;0;0.04
12,3|12,5;0.06;0;0;0;0.078
12,3|11,5;0;0.2052;0;0;0.08000001
12,3|10,5;0;0;0;0.12;0
13,3|9,5;0.14;0;0;0;0
13,3|8,5;0;0;0.198;0;0
12,3|8,4;0;0;0;0.1;0.1584
12,3|8,3;0.06;0.08000001;0.04;0;0
12,3|9,3;0.04;0;0;0;0
12,3|10,3;0;0;-20;0;0
3,11|15,8;0.28;0;0;0;0
3,11|15,9;0;0.24;0;0;0
3,10|15,10;0;0;0.28;0;0
2,10|15,11;0;0;0;0;0.3
2,10|15,12;0;0.6696;0;0.3;0
2,9|15,13;0;0;0;0;0.6336
2,9|14,13;0.28;0;0.32;0;0
1,9|13,13;0;0;0;0.28;0
2,9|12,13;0;0;0;0.24;0
3,9|11,13;0.2;0;0;0;0
3,10|10,13;0;0.2;0;0;0
3,9|9,13;0;0;0;0.16;0
4,9|8,13;0;0;0.16;0;0
3,9|7,13;0;0.16;0;0;0
3,8|6,13;0.12;0;0;0;0
3,9|5,13;0;0.2376;0;0;0
3,8|4,13;0;0;0.2376;0;0
2,8|3,13;0;0.2448;0;0;0
2,7|2,13;0.1416;0;0.1492983;0.16;0.2808
3,7|1,13;0;0.2;0;0;0
3,6|0,13;0;0;0.16;0;0.18
3,6|0,12;0;0;0;0;0.16
3,6|0,11;0;0;0.1344;0;0
2,6|1,10;0;0;0;0;0.08000001
2,6|1,9;0;0;0.04;0;0
1,6|1,8;0;0;0;0;0.02
1,6|1,7;0;0.02;0.0236;0;-20
1,5|1,6;0;0;0.02;0.02;-20
1,5|1,5;0;0;0;0;0
7,17|7,6;0;0;0;0;0.24
7,17|6,6;0.28;0;0;0;0
7,18|5,6;0.28;0;0;0;0
7,19|5,7;0.26;0.24;0;0;0
7,18|5,8;0.24;0;0;0;0
7,19|5,9;0.256;0;0;0;0.22
7,19|5,10;0.2;0;0.18;0;0
7,19|5,11;0;0;0;0;0.22
7,19|4,11;0;0;0.22;0;0
6,19|3,11;0;0;0.22;0;0
5,19|2,11;0;0;0;0.26;0
6,19|1,11;0;0;0;0;0.28
6,19|0,11;0;0;0;0;0.26
6,19|0,12;0;0;0.22;0;0.24
5,19|0,13;0;0;0.3528;0;0
4,19|0,14;0;0.252;0;0;0
4,18|0,15;0;0;0;0;0.12
4,18|0,16;0;0;0.08000001;0;0
3,18|1,16;0.08000001;0;0;0.08000001;0.06
3,19|2,16;0;0.04;0.0472;0.08000001;0
3,18|3,16;0;-36;0;0;0.0236
3,17|3,17;0;0;0;0;0
18,2|0,14;0;0;0;0.6;0
19,2|0,13;0.56;0;0;0;0
19,3|1,13;0;0;0;0;0.54
19,3|2,13;0;0;0.5;0;0
18,3|3,13;0;0;0.46;0;0
17,3|4,13;0;0;0;0.46;0.44
18,3|5,13;0;0.46;0;0;0
18,2|6,13;0;0;0;0;0.44
18,2|7,13;0.4;0;0;0;0
18,3|8,13;0.36;0;0;0;0
18,4|9,13;0;0;0.32;0;0
17,4|10,13;0;0;0;0.32;0
18,4|11,13;0.28;0;0;0;0
18,5|12,13;0;0;0;0.28;0
19,5|13,13;0;0;0;0.26;0
19,5|14,13;0.22;0;0;0;0
19,6|15,13;0;0;0;0;0.2
19,6|16,13;0;0;0;0;0.18
19,6|16,12;0;0;0;0;0.16
19,6|17,12;0;0;0.12;0;0
18,6|17,11;0.08000001;0;0;0;0
18,7|17,10;0;0.08000001;0;0;0.0636
18,6|18,10;0;0;0.08000001;0;0.06
18,6|18,9;0;0;0.06;0;0
17,6|17,9;0.02;0;0;0;0
17,7|17,8;-20;0;0;0;-20
17,7|17,7;0;0;0;0;0
9,12|6,13;0;0;0.09760001;0.1584;0
8,12|7,13;-20;0;-20;0.04;0
7,12|7,12;0;0;0;0;0
10,1|15,19;0;0;0;0.42;0
11,1|15,18;0.38;0;0;0;0
11,2|15,17;0;0;0.38;0;0
10,2|15,16;0;0;0;0;0.36
10,2|15,15;0;0;0.4;0;0
9,2|16,15;0;0;0;0.4;0
10,2|17,15;0;0;0;0.36;0
11,2|17,14;0;0;0.36;0;0
10,2|17,13;0;0;0;0;0.4012
10,1|17,11;0.3468;0;0;0;0
10,1|16,10;0.26;0;0;0;0
10,2|16,9;0.22;0;0;0;0
10,3|16,8;0;0;0;0;0.2
10,3|15,8;0.18;0;0;0;0
10,3|15,7;0.16;0;0;0;0
10,3|15,6;0;0.16;0;0;0
10,2|15,5;0;0;0;0.276048;0
10,2|14,1;0;0.06;0;0;0.0944
10,1|13,1;0.108;0;0;0;0
10,2|13,2;0.0636;0;0;0;0
10,3|11,2;0;-20;0;0;0.02
10,3|11,3;-20;0;0;-20;-20
9,17|15,2;0;0.38;0;0;0
9,16|15,3;0;0.34;0;0;0
9,15|15,4;0.34;0;0;0;0
9,16|15,5;0.34;0;0;0;0
9,17|15,6;0.34;0;0;0;0
9,18|15,7;0;0.3;0;0;0
9,17|15,8;0;0;0.3;0;0
8,17|15,9;0;0;0.3;0;0
7,17|15,10;0.3;0;0;0;0
7,18|15,11;0.3504;0;0;0;0
7,18|17,13;0;0;0;0;0.28
7,18|17,14;0;0;0;0;0.26
7,18|17,15;0.26;0;0;0;0
7,19|16,15;0.24;0;0;0;0
7,19|15,15;0.22;0;0;0;0
7,19|14,15;0.2;0;0;0;0
7,19|13,15;0;0;0;0.16;0
8,19|13,16;0;0;0;0;0.14
8,19|12,16;0;0;0;0;0.12
8,19|12,17;0;0;0;0;0.1
8,19|12,18;0;0.06;0;0;0
8,18|11,18;0;0;0;0.02;0
9,18|10,18;0;0.040248;0.02;0;0
8,18|9,18;0;0;0.02;0;0
7,18|8,18;0.0236;0;0.0236;0;-20
7,18|7,18;0;0;0;0;0
5,2|6,1;0;0;0;0;0.02
5,2|6,2;0;0.02;0;0;-20
5,1|6,1;0;0;0;-20;-20
6,1|6,1;0;0;0;0;0
3,16|10,8;0;0;0;0;0.28
3,16|9,8;0;0;0.28;0;0
2,16|8,8;0.28;0;0;0;0
2,17|8,9;0;0;0;0.24;0
3,17|8,10;0;0;0;0;0.22
3,17|8,11;0;0.18;0;0;0
3,16|8,12;0;0;0;0.14;0
4,16|8,13;0;0.1;0;0;0
4,15|7,13;0.1908;0;0;0;0
4,16|6,13;0;0.06699841;0.1;0.06;0
5,16|5,13;0;0;0;0.06;0
6,16|5,14;0;0;0;0.06;0
7,16|5,15;0;0.02;0;0;0
7,15|6,15;0.040248;0;0;0.02;0
8,15|7,15;0;-20;-36;0;0
7,15|7,15;0;0;0;0;0
17,11|11,8;0;0.14;0;0;0
17,10|11,9;0;0.14;0;0;0
17,9|10,9;0.18;0;0;0;0
17,10|9,9;0;0;0.18;0;0
16,10|8,9;0;0;0;0.18;0
17,10|8,10;0.18;0;0;0;0
17,11|8,11;0;0;0.14;0;0
16,11|9,11;0;0.14;0;0;0
16,10|10,11;0;0.14;0;0;0
16,9|11,11;0;0;0;0.14;0.2304
16,9|12,11;0.08000001;0;0;0;0.1
16,10|13,11;0;0;0;0;0.1
16,10|13,12;0.1;0;0;0;0
16,11|13,13;0;0;0;0;0.1548
16,11|14,13;0;0;0;0;0.1188
16,11|15,13;0.024248;0;0;0.06;0
17,11|16,13;0;0.06;0.027128;0;0.04
17,10|16,12;0;0.06;0;0;0
17,9|16,11;0;0;0;0.06;0
18,9|17,11;0.02;0;0;0;0
18,10|18,11;-20;0;0.036;0;0
17,10|17,11;0;0;0;0.0236;0
18,11|18,11;0;0;0;0;0
5,17|5,18;-36;0;0;0;0
16,17|17,5;0;0;0;0;0.4752
16,17|17,6;0.4752;0;0;0;0
16,18|17,7;0.24;0;0;0;0.4284
16,19|17,8;0;0;0.24;0;0
15,19|17,9;0;0;0;0;0.22
15,19|17,10;0;0.18;0.22;0;0
14,19|17,11;0;0;0.22;0;0
13,19|17,12;0;0;0;0.2052;0
13,18|17,15;0.252;0;0;0;0.12
13,19|17,16;0;0;0;0;0.12
13,19|17,17;0;0;0;0;0.1
13,19|16,17;0;0;0;0.06;0
14,19|16,18;0;0;0;0;0.04
14,19|15,18;0.02;0;0.04;-20;0
15,19|15,19;0;0;0;0;0
11,1|3,13;0;0;0.4;0;0
10,1|2,13;0;0.44;0;0;0
10,0|1,13;0;0;0.44;0;0
9,0|0,13;0;0;0;0.44;0
10,0|0,12;0;0.42;0;0;0.4956
10,0|0,11;0;0;0;0.42;0.4
11,0|0,10;0.684;0;0;0;0
11,1|1,10;0.34;0;0;0;0
11,2|2,10;0.3;0;0;0;0
11,3|2,9;0;0.5868;0;0;0
11,2|3,9;0.26;0;0;0;0.28
11,3|3,8;0.24;0;0;0;0
11,3|4,8;0.22;0;0;0;0
11,3|5,8;0;0;0;0;0.2
11,3|5,7;0;0;0.16;0;0
10,3|5,6;0;0.16;0;0;0
10,2|6,6;0.12;0;0;0;0
10,3|7,6;0;0.12;0;0;0
10,2|8,6;0;0;0;0.12;0
11,2|8,5;0.0908;0;0.08000001;0;0
16,15|9,18;0.16;0;0;0;0
16,16|10,18;0;0;0.2376;0;0
15,16|11,18;0;0.12;0;0;0.1108
15,15|11,17;0.08000001;0;0;0;0
15,16|12,17;0;0;0.04;0;0
14,16|13,17;-20;0;0;0;0
14,17|14,17;0;0;0;0;0
10,11|4,4;0.26;0;0;0;0
10,12|5,4;0.26;0;0;0;0
10,13|6,4;0;0;0;0;0.24
10,13|6,5;0;0;0.2;0;0
9,13|7,5;0;0;0;0;0.18
9,13|8,5;0.16;0;0;0;0
9,13|8,6;0;0;0.16;0;0
8,13|9,6;0.18;0;0;0;0
8,13|10,6;0;0;0.22;0;0
7,13|11,6;0.4716;0;0;0;0.2796
7,13|12,6;0.22;0.2;0;0.2;0
7,13|12,7;0.2;0;0;0;0
7,13|12,8;0;0.1852;0.2;0;0.18
6,13|11,8;0.18;0;0;0;0
6,13|11,9;0;0;0;0;0.3096
6,13|10,9;0.1616;0;0;0.12;0
7,13|9,9;0;0;0;0;0.1
7,13|8,9;0.08000001;0;0;0;0
7,13|8,10;0.06;0;0;0;0
7,13|7,10;0;0;0;0.06;0
8,13|7,11;0;0.02;0;0;0
8,12|7,12;0.02;0;0;0;0
8,13|7,13;0;0;0;0;-20
8,13|8,13;0;0;0;0;0
2,15|5,16;0;0;0;0;0.06
2,15|4,16;0.02;0;0.06;0;0
1,15|4,15;0.06;0;0;0;0
1,16|3,15;0;0;0;0;0.072
1,16|2,15;0.0472;0;0;-20;0
7,15|15,1;0;0.492;0;0;0.42
7,15|15,2;0;0.4;0;0.38;0
7,15|15,3;0;0;0;0;0.38
7,15|15,4;0;0;0.38;0;0
6,15|15,5;0;0;0;0.34;0.36
6,15|15,6;0;0;0.36;0;0
5,15|15,7;0.36;0;0;0;0
5,16|15,8;0.36;0;0;0;0
5,17|15,9;0.36;0;0;0;0
5,18|15,10;0;0;0;0.32;0
6,18|15,11;0.32;0;0;0;0
6,19|15,12;0;0.28;0;0;0
6,18|15,13;0.28;0;0;0;0
6,19|14,13;0.26;0;0;0;0
6,19|13,13;0;0.22;0;0;0
6,18|12,13;0;0;0.22;0;0
5,18|11,13;0;0.18;0;0;0
5,17|10,13;0;0.14;0;0;0
5,16|9,13;0.14;0;0;0;0
5,17|8,13;0.1652;0;0;0;0
5,18|6,13;0;0;0.138;0.12;0
6,18|5,13;0;0;0;0;0.1
6,18|5,14;0;0.06;0;0.20808;0
7,17|5,16;0.06;0;0;0;0
7,18|6,16;0;0;0.02;0;0
6,18|6,17;0;-36;0;0;0
6,17|6,17;0;0;0;0;0
3,2|9,13;0;0;0;0.3;0
4,2|8,13;0.26;0;0;0;0
4,3|7,13;0;0;0;0.22;0
5,3|6,13;0;0;0.22;0;0
4,3|5,13;0.18;0;0;0;0
4,4|4,13;0.18;0;0;0;0
4,5|3,13;0;0.22;0;0;0
4,4|2,13;0.22;0;0;0;0
4,5|1,13;0;0;0.2596;0;0
4,5|0,11;0;0.2;0;0;0
4,4|1,11;0;0.2;0.16;0;0
3,4|1,10;0.244512;0;0;0;0
3,5|1,9;0;0.138;0.1584;0;0
2,5|1,8;0;0;0;0.08000001;0.0708
3,5|1,7;0.04;0;0;0;0
3,6|1,6;0;0;0;0;0.02
3,6|2,6;0;0;0;0;-36
3,6|3,6;0;0;0;0;0
1,18|2,14;0;0;0;0;0.08000001
1,18|1,14;0;0.04;0;0;0
1,17|1,15;0;0;0.04;0.04;0
0,17|1,16;0;0;0.02;0;0.02
0,17|1,17;0;0;-20;-20;0
1,17|1,17;0;0;0;0;0
3,6|4,4;0.06;0;0;0;0
3,7|4,5;0;0;0.06;0;0
2,7|3,5;0;0.027128;0;0.0236;0
3,7|3,7;0;0;0;0;0
19,10|4,13;0;0;0.6264;0;0
18,10|5,13;0.28;0;0;0;0.3
18,11|6,13;0;0;0.24;0;0
17,11|7,13;0;0;0;0;0.22
17,11|8,13;0;0;0;0.432;0
18,11|9,13;0;0;0;0.2524;0.2
18,11|10,13;0;0;0;0.2;0
19,11|11,13;0;0;0;0.18;0
19,11|12,13;0;0.18;0.158;0;0
19,10|13,13;0;0;0;0.16;0
19,10|14,13;0;0;0;0.14;0
19,10|15,13;0;0;0.1;0.12;0
18,10|15,12;0;0.1;0;0;0
18,9|15,11;0;0;0;0;0.08000001
18,9|16,11;0.04;0;0.04;0;0
17,9|17,11;-20;0;0;0;0.02
17,9|17,10;-20;0;0;0;0
11,1|1,19;0;0;0;0;0.54
11,1|1,18;0;0.54;0;0;0
11,0|1,17;0;0;0;0;0.52
11,0|1,16;0;0;0;0.52;0
12,0|1,15;0;0.5;0;0;0
12,0|1,14;0;0;0;0.5;0
13,0|1,13;0.5;0;0;0;0
13,1|0,13;0;0;0.46;0;0
12,1|0,12;0;0.46;0;0;0
12,0|0,11;0;0.44;0;0;0
12,0|0,10;0;0;0;0;0.42
12,0|0,9;0;0.4;0;0;0
12,0|0,8;0.36;0;0;0;0
12,1|1,8;0;0.36;0;0;0
12,0|1,7;0;0.34;0;0;0
12,0|2,7;0;0;0;0;0.32
12,0|3,7;0;0.3;0;0;0
12,0|3,6;0.26;0;0;0;0
12,1|3,5;0.22;0;0;0;0
12,2|4,5;0;0;0.18;0;0
11,2|4,4;0;0;0;0.18;0
12,2|5,4;0;0.18;0;0;0
12,1|6,4;0.14;0;0;0;0
12,2|7,4;0;0.14;0.1;0;0
12,1|7,3;0;0;0;0.14;0
13,1|8,3;0;0.14;0.1;0;0
12,1|8,2;0;0;0.06;0.1;0
11,1|9,2;0.02;0.06;0;0;0
11,2|10,2;0;0.036;0;0.02;0
11,1|10,1;0.02;0;0;0;-20
11,1|11,1;0;0;0;0;0
19,13|5,1;0.52;0;0;0;0
19,14|6,1;0;0;0;0;0.5
19,14|7,1;0;0;0;0;0.48
19,14|8,1;0;0;0;0;0.46
19,14|9,1;0;0;0.42;0;0
18,14|10,1;0.42;0;0;0;0
18,15|11,1;0;0;0;0;0.4
18,15|12,1;0;0;0;0.4;0
19,15|13,1;0.4;0;0;0;0
19,16|14,1;0.7884;0;0;0;0
19,17|15,1;0;0;0;0.7524;0
19,17|15,2;0.7488;0;0;0;0
19,18|16,2;0;0.34;0;0;0.36
19,18|16,3;0;0.32;0;0;0
19,17|16,4;0;0.28;0;0;0
19,16|16,5;0;0;0;0;0.26
19,16|16,6;0.26;0.22;0;0;0
19,17|16,7;0.26;0;0;0;0
19,18|16,8;0.26;0;0;0;0
19,19|16,9;0.24;0;0;0;0
19,19|17,9;0.22;0;0;0;0
19,19|17,10;0;0.18;0;0;0
19,18|17,11;0;0;0.14;0;0
18,18|17,12;0;0;0.1;0;0
17,18|17,13;0.2108647;0;0;0.1108;0.08000001
17,19|17,14;0;0;0.112744;0.1;0.2446465
17,19|17,15;0;0;0.08000001;0.2135381;0.07381796
16,19|17,16;0;0;0.1584;0;0
15,19|16,16;0.0636;0;0.08000001;0;0.06
14,19|15,16;0.06;0;0;0;0.06
14,19|15,17;0.04;0;0;0.036;0
15,19|15,18;-20;0;0.02;0;-20
8,0|4,6;0;0;0;0;0.18
8,0|5,6;0.1652;0;0;0.18;0
9,0|6,6;0;0.16;0;0;0
9,0|7,6;0;0.14;0;0;0
9,0|8,6;0;0;0.1144;0;0
7,0|8,2;0;0;0.06;0;0
6,0|8,1;0;0;0.06;0;0
5,0|7,1;0.02;0;0;0;0.04
5,1|5,1;0;0;0;0;0
4,15|0,14;0;0;0;0.1;0
5,15|1,14;0;0;0;0;0.08000001
5,15|2,14;0;0;0.04;0;0
4,15|3,14;0.04;0;0;0;0.02
4,16|3,15;0;0;-20;0;0
18,15|15,16;0.04;0;0;0;0
18,16|16,16;0;0;-20;0;0
17,16|17,16;0;0;0;0;0
10,5|0,11;0;0;0;0;0.786
10,5|1,11;0;0.28;0;0;0
10,5|1,10;0.2796;0;0;0.28;0
11,5|1,9;0;0.26;0;0;0
11,5|1,8;0.22;0;0;0;0
11,6|2,8;0;0.256;0;0;0
11,5|4,8;0;0.18;0;0;0
11,5|4,7;0;0;0;0.18;0
12,5|5,7;0;0.16;0;0;0
12,5|5,6;0;0;0.12;0;0.14
11,5|5,5;0;0;0.08000001;0;0
10,5|6,5;0;0;0.04;0;0.1152
9,5|7,5;0;0;-20;0;0
8,5|8,5;0;0;0;0;0
9,5|8,6;-20;0;0;0;0
8,12|0,13;0.14;0;0;0;0
8,13|1,13;0;0;0;0.14;0
9,13|2,13;0.12;0.14;0.1;0;0
9,13|3,13;0;0;0;0.12;0
10,13|4,13;0;0.3655626;0;0;0
10,12|5,13;0;0;0.2772288;0;0.1
6,15|5,10;0;0;0;0.12;0
7,15|5,11;0;0;0.12;0;0
6,15|4,11;0;0;0;0.16;0
7,15|3,11;0;0.36;0;0;0
7,15|2,11;0;0.3996;0;0;0
7,15|1,11;0.290976;0;0;0;0.22
7,15|0,11;0;0;0;0.22;0
8,15|0,12;0;0;0;0;0.2
8,15|0,13;0;0.324;0.16;0;0
8,15|0,14;0;0.16;0;0;0
8,15|1,14;0;0;0;0;0.14
8,15|2,14;0;0;0;0;0.12
8,15|2,15;0;0;0;0.12;0
9,15|3,15;0.12;0;0;0;0.1
9,16|4,15;0.12;0;0;0;0
9,17|5,15;0;0.08000001;0;0;0
9,16|6,15;0;0;0.04;0;0
8,16|7,15;0.04;0;0;0;0
8,17|7,16;0;0;0;0.0472;0
9,18|8,18;0.0236;0.0309815;-20;0.0236;-48.8
8,18|8,18;0;0;0;0;0
11,8|4,4;0;0;0.18;0;0
10,8|5,4;0.18;0;0;0;0
10,9|6,4;0;0;0;0;0.16
10,9|7,4;0;0.12;0;0;0
10,8|8,4;0.12;0;0;0;0
10,9|8,5;0;0;0;0.12;0
11,9|9,5;0;0.08000001;0;0;0
11,8|10,5;0;0;0;0.08000001;0
12,8|11,5;0.08000001;0;0;0;0
12,9|11,6;0.06;0;0;0;0
12,9|12,6;0;0;0.06;0;0
11,9|12,7;0;0.02;0;0;0.04
11,9|11,8;-20;0;0.02;0.02;0
10,9|11,9;-20;0;0;-20;-20
17,14|10,1;0;0;0;0;0.38
17,14|11,1;0;0;0;0.38;0
18,14|12,1;0.38;0;0;0;0
18,15|13,1;0;0;0;0;0.36
18,15|14,1;0;0;0;0;0.34
18,15|15,1;0;0;0;0;0.32
18,15|15,2;0.32;0;0.28;0;0
17,15|15,3;0.28;0;0;0;0
17,16|15,4;0.28;0;0;0;0
17,17|15,5;0;0;0;0;0.26
17,17|16,5;0;0.22;0;0;0
17,16|16,6;0.22;0.18;0;0;0
17,17|16,7;0;0;0.18;0;0
16,17|16,8;0.18;0;0;0;0
16,18|16,9;0.2088;0;0;0;0
15,19|16,11;0;0;0;0.14;0
16,19|16,12;0;0.1;0;0;0
16,18|16,13;0.14;0.1;0;0;0
16,17|17,13;0;0.0636;0;0.06;0.08000001
17,17|17,14;0.1188;0;0;0;0
17,18|17,15;0.15648;0;0;0;0
17,19|17,16;0.1479344;0.0396;0;0;0.05489105
17,18|17,17;0.063416;0;0;0;0
18,19|17,19;-36;0;-48.8;0.036;-20
18,19|18,19;0;0;0;0;0
2,1|18,9;0.44;0;0;0;0
2,2|18,8;0.4;0;0;0;0
2,3|17,8;0;0;0.4;0;0
1,3|17,7;0.36;0;0;0;0
1,4|17,6;0.32;0;0;0;0
1,5|16,6;0;0;0;0;0.3
1,5|15,6;0.3;0;0;0;0
1,6|15,5;0;0;0;0;0.32
1,6|15,4;0.36;0;0;0;0
1,7|15,3;0.4;0;0;0;0
1,8|15,2;0.44;0;0;0;0
1,9|15,1;0;0;0;0.800712;0
2,9|14,1;0;0.36;0;0.36;0.4484
2,8|13,1;0;0;0.36;0;0
1,8|12,1;0;0;0;0;0.34
1,8|12,2;0;0;0.34;0;0.32
1,8|11,2;0;0;0;0;0.3
1,8|11,3;0.3;0;0;0;0
1,9|10,3;0;0;0.3;0;0
0,9|9,3;0;0;0.5544;0;0
0,9|8,3;0.28;0;0;0.24;0
0,10|7,3;0;0;0.26;0;0
0,10|6,3;0.26;0.22;0;0;0
0,11|6,4;0;0;0.24;0;0
0,11|6,5;0;0;0;0;0.22
0,11|6,6;0.22;0;0;0;0
0,12|5,6;0.22;0;0;0;0
0,13|5,7;0;0.18;0;0;0
0,12|4,7;0;0;0;0;0.16
0,12|3,7;0;0;0.14;0;0.158
0,12|2,7;0;0.1;0.138;0;0.138
0,11|2,8;0;0;0.08000001;0;0
0,11|1,8;0.08000001;0;0;0;0
0,12|1,9;0;0.04;0;0.06;0
0,12|1,10;0;0;0.04;0;0
0,12|0,10;0;-20;0.02;0;0.02
0,12|0,11;0.036;0;0;-36;-20
0,12|0,12;0;0;0;0;0
12,5|8,17;0;0;0;0.32;0
13,5|8,16;0;0.3;0;0;0
13,5|8,15;0.3;0;0;0;0
13,6|7,15;0;0.34;0;0;0
13,5|6,15;0;0;0;0.36;0
13,5|5,15;0;0;0;0.34;0
13,5|5,14;0;0;0.3;0;0
12,5|5,13;0;0;0.26;0;0
11,5|6,13;0;0;0;0.26;0
12,5|7,13;0;0.24;0;0;0
12,5|8,13;0.2;0;0;0;0
12,6|8,12;0.1816;0;0;0;0
12,7|8,10;0;0.27;0.25488;0;0
12,6|8,9;0.1;0.158;0;0;0
12,7|9,9;0;0;0;0;0.08000001
12,7|10,9;0;0;0.06;0;0
12,7|11,9;0;0;0.04;0;0
12,7|11,8;-36;0;0;0;0
18,7|17,0;0;0;0.12;0;0
17,7|17,1;0.12;0;0;0;0
17,8|17,2;0;0;0;0.12;0
18,8|17,3;0;0;0.0944;0;0
17,10|17,6;0;0;0;0;0.06
17,10|17,7;0;0;0;0.06;0
18,10|18,7;0.06;0;0;0;0
18,11|18,8;0;0;0.06;0;0
17,11|18,9;0;0;0.06;0;0
16,11|17,9;0;0;0;0.02;0
17,11|17,10;0.036;0;0;0;-20
17,11|17,11;0;0;0;0;0
12,1|0,7;0;0.36;0;0;0
12,0|0,6;0;0;0;0;0.34
12,0|1,6;0;0;0;0;0.32
12,0|1,5;0;0;0;0.32;0
13,0|2,5;0;0.3;0;0;0
13,0|3,5;0.26;0;0;0;0
13,1|4,5;0.4284;0;0;0;0
13,2|5,5;0.18;0;0;0;0.2
13,3|6,5;0;0;0.14;0;0.16
13,3|6,4;0;0;0.12;0;0
12,3|6,3;0;0.12;0;0;0.1
12,2|7,3;0.0908;0;0;0;0
12,2|9,3;0;0;0.04;0;0
11,2|10,3;-36;0;0;0;0
11,2|17,0;0;0;0;0.12;0
12,2|17,1;0;0;0;0.08000001;0
13,2|16,1;0;0.0436;0;0;0
12,1|13,1;0.02;0;0;0;0
12,2|12,1;0;0;0;0;-20
12,2|12,2;0;0;0;0;0
17,6|4,2;0;0;0;0.34;0
18,6|5,2;0;0;0;0.34;0
19,6|6,2;0.34;0;0;0;0
19,7|7,2;0.34;0;0;0;0
19,8|8,2;0.34;0;0;0;0.32
19,9|9,2;0.34;0;0;0;0
19,10|10,2;0.34;0;0;0;0
19,11|11,2;0;0.3;0;0;0
19,10|12,2;0;0;0;0.28;0
19,10|13,2;0;0.28;0;0.3;0
19,10|13,1;0;0;0;0.28;0
19,10|14,1;0.5472;0;0.24;0;0
18,10|15,1;0;0.2;0;0;0
18,9|15,2;0.2;0;0;0;0
18,10|15,3;0;0.16;0;0;0
18,9|15,4;0;0;0.12;0;0
17,9|15,5;0;0.08000001;0;0;0
17,8|15,6;0;0;0.04;0;0
16,8|16,6;0.04;-20;0;0;0
2,8|7,4;0;0;0.18;0;0.16
1,8|6,4;0.18;0;0;0;0
1,9|5,4;0.18;0;0;0;0
1,10|5,5;0;0;0;0.14;0
2,10|5,6;0;0;0;0.1;0
3,10|5,7;0;0;0;0;0.08000001
3,10|5,8;0;0.04;0.0944;0;0.06
2,10|3,8;0.06720001;0;0;0.02;0
8,5|15,1;0.2524;0;0;0.18;0
9,5|14,1;0;0;0;0;0.16
9,5|13,1;0.1852;0;0;0;0
9,5|12,2;0.12;0;0;0;0
9,6|12,3;0.1;0;0;0;0
9,6|11,3;0;0;0;0.0744;0
10,6|8,4;0;0;0.04648;0;0.06
10,6|8,5;0;0;0.036;0;0
9,6|9,5;-36;0;0;0.02;0
12,18|0,7;0;0;0.42;0;0
11,18|0,8;0;0;0.38;0;0
10,18|0,9;0;0.34;0;0;0
10,17|0,10;0;0;0;0.34;0
11,17|0,11;0;0.594;0.3468;0;0
11,16|0,12;0.3;0;0;0;0.28
11,17|0,13;0.3;0;0;0;0
11,18|0,14;0;0.26;0;0;0
11,17|0,15;0;0.22;0;0;0
11,16|1,15;0;0.18;0;0;0
11,15|2,15;0;0;0;0.18;0
12,15|3,15;0;0;0;0.18;0
13,15|4,15;0.18;0;0;0;0
13,16|4,16;0.18;0;0;0;0
13,17|5,16;0;0.14;0;0;0
13,16|6,16;0.14;0;0;0;0
13,17|7,16;0;0;0;0.14;0
14,17|8,16;0.14;0;0;0;0.12
14,18|9,16;0;0;0.198;0;0
13,18|9,17;0;0;0.06;0.199944;0.08000001
13,18|9,18;0;0;0.04;0;0
12,18|10,18;0;0;0;0.04;0
13,18|11,18;0;0;0;0;0.0247664
13,17|13,18;0;0;0.02;0;0
12,17|12,18;0;0;0;0;-20
10,16|0,16;0;0;0;0.2;0
11,16|1,16;0;0;0;0.2;0
12,16|2,16;0;0;0.16;0;0
11,16|3,16;0;0;0;0;0.310752
11,16|7,16;0;0;0.04;0;0
10,16|8,16;0;0.072;0;0;0.02
10,16|9,16;0;0;0;0.04248;0
10,16|10,16;0;0;0;0;0
3,9|5,10;0.02;0;0;0;0
3,10|4,10;0.02;0;0;0;0
3,11|4,11;-20;0;0;0;0
5,3|15,4;0;0;0;0;0.2
5,3|15,3;0;0.2;0;0;0.22
5,3|15,2;0.26;0;0;0;0
5,4|15,1;0;0.22;0;0;0
5,3|14,1;0.22;0;0;0;0
5,4|13,1;0;0;0;0;0.2
5,4|13,2;0.2;0;0;0;0
5,5|12,2;0;0;0.2;0;0
4,5|12,3;0.2;0;0;0;0
4,6|11,3;0.2;0;0;0;0
4,7|10,3;0;0;0;0;0.18
4,7|9,3;0;0;0.18;0;0
3,7|8,3;0;0;0.18;0;0
2,7|7,3;0.2124;0;0;0;0
2,8|6,4;0.192688;0;0;0;0
3,9|5,5;0;0;0;0.08000001;0
4,9|5,6;0.08000001;0;0;0;0
4,10|5,7;0.08000001;0;0.1745856;0;0
3,9|4,8;0.04;0;0;0;0
3,10|4,9;0.04;0;0;0;0
3,11|4,10;0;-36;0;0;0
18,12|1,7;0.44;0;0;0;0
18,13|1,8;0;0;0;0;0.42
18,13|1,9;0;0;0;0.8244001;0
19,13|1,10;0;0;0.756;0;0
18,13|1,11;0;0;0.4412;0;0.792
18,13|0,11;0;0;0;0.7884;0.38
19,13|0,12;0.480712;0;0;0.38;0
19,13|0,13;0.7452;0;0;0;0
19,14|1,13;0.38;0.6732;0.34;0;0
19,13|2,13;0.34;0;0;0;0.32
19,14|3,13;0;0;0.3;0;0
18,14|4,13;0;0.26;0;0;0
18,13|5,13;0;0;0;0.26;0
19,13|6,13;0;0.26;0;0;0
19,12|7,13;0;0;0;0.24;0
19,12|8,13;0;0;0;0;0.22
19,12|9,13;0;0.22;0;0;0
19,11|10,13;0.3528;0;0;0;0
19,12|11,13;0;0.2124;0;0;0.16
19,12|12,13;0;0;0;0;0.14
19,12|13,13;0;0.38048;0;0;0
19,11|14,13;0.1;0.158;0;0;0.12
19,11|15,13;0.08000001;0;0;0;0
19,12|16,13;0;0;0;0.09209924;0.06
19,12|16,12;0.1783291;0.06;0;0;0.048496
19,13|17,12;0;0;0.02;0;0
18,13|17,13;0.02;0;0;0.04612464;-20
18,14|17,14;0;0;0;0;-20
2,8|7,1;0;0;0;0;0.22
2,8|6,1;0.22;0;0;0.2124;0
2,9|5,1;0;0;0;0.18;0
3,9|5,2;0;0;0;0.14;0
4,9|4,2;0;0.1;0;0;0
4,8|4,3;0.1;0;0;0;0
4,9|4,4;0;0.120744;0;0;0
4,8|4,5;0.12744;0;0;0;0
4,9|4,7;0;-20;0;0;0
2,17|6,16;0;0;0;0.06;0
3,17|5,16;0;0;0.06;0;0.04
2,17|4,16;0;0;0.06;0;0
1,17|3,16;0.06;0;0;0;0
1,18|3,17;0;0;0.0636;0;0
0,18|1,17;0;-20;0;0;0.02
0,18|0,17;0.0524;0;-36;0;0
19,13|7,0;0;0.46;0;0;0
19,12|8,0;0;0;0;0;0.44
19,12|9,0;0.44;0;0;0;0
19,13|10,0;0.44;0;0;0;0
19,14|11,0;0;0.4;0;0;0
19,13|11,1;0;0;0;0;0.38
19,13|12,1;0.38;0;0;0;0
19,14|13,1;0.38;0;0;0;0
19,15|14,1;0.38;0;0;0;0
19,16|15,1;0;0.34;0;0;0
19,15|15,2;0;0.3;0;0;0
19,14|15,3;0.3;0;0;0;0
19,15|15,4;0;0.26;0;0;0
19,14|15,5;0.26;0;0;0;0
19,15|16,5;0.3068;0.22;0;0;0.24
19,15|16,6;0.24;0;0;0;0
19,16|16,7;0;0;0;0;0.22
19,16|16,8;0.22;0;0;0;0
19,17|16,9;0.22;0;0;0;0
19,18|16,10;0;0;0;0;0.2
19,18|16,11;0;0;0;0.3492;0
19,18|16,12;0;0;0.14;0.16;0
18,18|16,13;0;0;0.1379557;0.158;0.12
18,18|17,13;0;0.08000001;0;0;0.116992
18,17|17,14;0.08000001;0;0;0;0
18,18|17,15;0.1664078;0;0;0;0
18,19|18,15;0.121608;0;0;0;0
18,19|18,16;0.07560001;0.0396;0;0;0.0534784
18,19|18,17;0.040248;-20;0;0.07488;0.02
10,3|3,19;0;0;0;0;0.44
10,3|3,18;0;0;0;0;0.42
10,3|3,17;0.4;0;0;0;0
10,3|3,16;0;0;0;0.4;0
11,3|3,15;0;0;0;0;0.38
11,3|3,14;0;0.38;0;0;0
11,2|3,13;0;0;0;0;0.4
11,2|2,13;0.4;0;0;0;0
11,3|1,13;0.42;0;0;0;0
11,3|0,13;0;0;0.38;0;0
10,3|0,12;0.36;0;0;0;0
10,3|0,11;0;0.36;0;0;0
10,2|1,11;0;0;0;0;0.34
10,2|1,10;0.3;0;0;0;0
10,3|1,9;0;0;0;0.354;0
11,2|3,8;0;0.28;0;0.28;0
11,1|3,7;0;0;0;0.28;0
12,1|3,6;0;0;0.24;0;0
11,1|4,6;0.2;0;0;0;0
11,2|4,5;0;0;0.16;0;0
10,2|5,5;0;0;0;0;0.1652
10,2|5,3;0;0;0;0;0.1
10,2|6,3;0;0;0;0.1;0
11,2|7,3;0;0;0.06;0;0
10,2|8,3;0.04536;0.0636;0.02;0.1572;0
18,0|17,9;0;0.18;0;0;0
18,0|17,8;0;0.16;0;0;0
18,0|17,7;0;0.14;0;0;0
18,0|17,6;0.1;0;0;0;0.12
18,1|18,6;0;0;0.1;0;0
17,1|17,6;0;0;0;0;0.08000001
17,1|17,5;0;0;0;0;0.06
17,1|17,4;0;0.06;0;0;0
17,0|17,3;0;0;0;0;0.07560001
17,0|17,2;0;0;0.04;0;0.02
17,0|17,1;0;0;0.02;0;0
16,0|17,0;0.02;0;0;0;0
16,1|17,1;0.02;0;0;0;0
16,2|17,2;0.02;0;0;0;0
16,3|17,3;0.02;0;0;-20;0
16,4|16,3;0;0;0;0;-20
16,4|16,4;0;0;0;0;0
13,9|15,3;0;0;0;0;0.18
13,9|15,2;0;0;0;0.2;0
13,9|15,1;0;0;0;0.2088;0.18
13,9|14,1;0.3132;0;0;0;0
13,9|13,1;0.27;0;0;0;0
13,9|13,2;0;0.1;0.14;0;0
13,8|13,3;0.14;0;0;0;0
13,9|12,3;0.16;0;0;0;0
13,9|11,3;0;0;0;0.18;0
13,9|10,3;0;0;0;0.2;0
13,9|9,3;0;0.2288;0;0;0
12,8|10,5;0;0;0.06;0.1235964;0
11,8|10,6;0;0;0.128592;0;0
10,8|11,6;0;0;0.218736;0;0
13,16|16,2;0;0.3;0;0;0
13,15|16,3;0;0.28;0;0;0
13,15|16,4;0.28;0;0;0.24;0
13,16|16,5;0.5472;0;0;0;0
13,17|16,6;0;0.468;0.3232;0;0
13,16|16,7;0;0.396;0;0;0
13,15|16,8;0.2;0;0.2;0;0
12,15|16,9;0.2;0;0;0;0
12,16|16,10;0;0;0;0;0.18
12,16|16,11;0;0;0;0.14;0
13,16|16,12;0;0;0;0.2898784;0
14,16|16,13;0.14;0.1;0;0;0.1416
15,16|17,14;0;0.04;0;0;0
15,15|17,15;0;0;0.04;0;0
14,15|16,15;0;0;0.04;0;0
13,15|15,15;0;0;0;-20;0
14,15|14,15;0;0;0;0;0
1,10|16,15;0.36;0;0;0;0
1,11|15,15;0;0;0;0;0.34
1,11|14,15;0.32;0;0;0;0
1,11|13,15;0;0;0;0;0.3
1,11|12,15;0;0.3;0;0;0
1,10|11,15;0.26;0;0;0;0
1,11|10,15;0;0;0;0.432;0
2,11|9,15;0.2;0;0.22;0;0
2,11|8,15;0.18;0;0;0;0
2,11|7,15;0.16;0;0;0;0
2,11|6,15;0;0.16;0;0;0
2,10|5,15;0.12;0;0;0;0
2,11|5,14;0;0;0;0.08000001;0
3,11|4,14;0;0;0;0.04;0
4,11|4,13;0.1224;0;0;0.162;0
5,11|3,13;0.1;0.164064;0;0;0
5,11|2,13;0;0;0.1252;0.12;0
5,11|1,13;0.14;0.189088;0;0.1616;0.1652
5,11|0,13;0.138;0.2939385;0;0.12;0
5,11|0,12;0.20592;0;0;0.1;0
5,11|0,11;0;0;0.06;0.108512;0.08000001
5,11|1,11;0;0.1584;0;0;0.07296
5,10|2,11;0;0.08000001;0.0472;0.06;0.06
5,9|3,11;0;0;0.04;0;0
4,9|3,10;0;0.04;0;0;0
4,8|4,10;-20;0;0;0;0
4,9|4,9;0;0;0;0;0
7,4|18,2;0;0.22;0;0;0
7,3|17,2;0;0;0.22;0;0
6,3|16,2;0.22;0;0;0;0
6,4|15,2;0;0;0;0.22;0
7,4|15,1;0.22;0;0;0;0
7,5|14,1;0;0.18;0;0;0
7,4|13,1;0.18;0;0;0;0
7,5|12,1;0;0;0;0;0.16
7,5|12,2;0;0.12;0.16;0;0
6,5|11,2;0.16;0;0;0;0
6,6|11,3;0.14;0.1416;0;0;0
6,6|10,3;0.12;0;0;0;0
6,6|9,3;0;0.08000001;0.136344;0;0
6,5|8,3;0;0.04;0;0.0436;0
6,4|7,3;0.04;0;0;0;0
6,5|6,3;0.04;0;0;0;0
6,6|6,4;0.02;0;0;0;0
6,6|6,5;0;-20;0;0;0
6,5|6,5;0;0;0;0;0
1,1|5,1;0;0;0.08000001;0;0
0,1|4,1;0;0.08000001;0;0;0
0,0|3,1;0;0;0;0.04;0
1,0|2,1;0;0;0.0472;0;0.02
1,0|2,0;0.02;0;0;0;0
1,1|1,0;0.02;0;0;0;0
1,2|1,1;0;0;0.0396;0.02;0
0,2|1,2;0.036;0;0;0;0
0,3|1,3;0;0;0;-20;0
1,3|1,3;0;0;0;0;0
13,3|1,0;0;0;0;0;0.28
13,3|1,1;0;0;0;0;0.26
13,3|2,1;0;0;0.22;0;0
12,3|3,1;0;0;0;0;0.2
12,3|4,1;0.18;0;0;0;0
12,3|4,2;0.16;0;0;0;0
12,3|5,2;0;0;0;0.16;0
13,3|6,2;0.14;0;0;0;0
13,3|7,2;0;0;0;0.12;0
13,3|8,2;0;0;0;0;0.1
13,3|9,2;0;0.06;0;0;0
13,2|10,2;0.11376;0;0;0;0.044248
13,3|11,2;0;0.0236;0;0;0
13,2|13,2;0;0;0;0;0
7,3|0,5;0;0;0;0.18;0
8,3|1,5;0.14;0;0;0;0
8,4|1,4;0;0;0.1;0;0
7,4|2,4;0;0;0;0;0.08000001
7,4|3,4;0;0;0;0;0.06
7,4|4,4;0.06;0;0;0;0
7,5|5,4;0;0.02;0;0;0
7,4|6,4;0;0;0;0.02;0
8,4|7,4;0.02;0;0;0;0
8,5|8,4;0;-20;0;0;0
16,18|4,17;0;0.22;0;0;0
16,17|5,17;0;0.22;0;0;0
16,16|6,17;0.18;0;0;0;0
16,17|7,17;0;0;0.14;0;0
15,17|8,17;0;0;0;0.14;0
16,17|9,17;0.14;0;0;0;0
16,18|10,17;0;0;0;0.14;0
17,18|10,18;0.14;0;0;0.299016;0
17,19|11,18;0;0;0.1;0;0
16,19|12,18;0.08000001;0;0;0;0
16,19|12,19;0.1188;0;0;0;0
16,19|13,19;0.0472;0.1116;0;0;0
16,19|15,19;-20;0;-20;0.046008;0
8,17|10,18;0;0;0;0;0.04
8,17|10,17;0.04;0;0;-20;0
9,17|9,17;0;0;0;0;0
10,11|13,5;0.18;0;0;0;0
10,12|13,6;0;0.14;0;0;0
10,11|13,7;0;0;0.14;0;0
9,11|12,7;0.14;0;0;0.121384;0
9,12|12,8;0;0;0;0.1;0
10,12|11,8;0;0;0;0.06;0
11,12|11,9;0.1;0;0;0;0.1656
11,12|10,9;0.12;0.08000001;0;0;0
11,13|9,9;0.427136;0;0;0;0
11,13|8,10;0.1;0.08000001;0;0;0
11,12|8,11;0.08000001;0;0;0;0
11,13|9,11;0.06720001;0;0;0;0
11,13|11,13;0;0;0;0;0
13,9|1,18;0.4;0;0;0;0
13,9|1,17;0;0;0;0.38;0
13,9|2,17;0;0;0;0.36;0
13,9|2,16;0.34;0;0;0;0
13,9|3,16;0;0;0.3;0;0
12,9|3,15;0;0;0;0.3;0
13,9|3,14;0;0;0.26;0;0
12,9|3,13;0.24;0;0;0;0
12,9|4,13;0;0;0.2;0;0
11,9|5,13;0;0;0.16;0.2;0
12,9|6,13;0.3528;0;0;0;0
12,9|7,13;0;0;0.14;0;0.16
12,9|8,13;0;0;0;0.16;0
13,9|8,12;0;0;0.12;0;0
12,9|8,11;0.1144;0;0;0;0
13,9|8,9;0;0;0;0;0.152496
13,9|9,9;0.06;0;0.0472;0;0
0,1|12,9;0;0.4;0;0;0
0,0|12,8;0.36;0;0;0;0
0,1|12,7;0;0;0;0;0.34
0,1|12,6;0;0.34;0;0;0
0,0|11,6;0.3;0;0;0;0
0,1|11,5;0.26;0;0;0;0
0,2|10,5;0.22;0;0;0;0
0,3|9,5;0;0;0;0.18;0
1,3|8,5;0;0.18;0;0;0
1,2|8,4;0;0;0;0;0.16
1,2|7,4;0;0;0;0;0.14
1,2|6,4;0.1;0;0;0;0
1,3|5,4;0;0;0;0.06;0
2,3|4,4;0;0;0.06;0;0
1,3|3,4;0;0;0;0.02;0
2,3|2,4;0;0.02;0;0.0236;0
2,3|3,3;0.02;0;0;0;-20
10,5|17,8;0;0;0;0.16;0
11,5|16,8;0;0.14;0;0;0
11,5|16,7;0;0;0;0;0.12
11,5|16,6;0;0.1;0;0;0
11,5|15,6;0;0;0;0;0.08000001
11,5|15,5;0.2376;0;0;0;0
11,6|15,4;0;0;0.16;0.12;0
12,6|15,3;0;0.12;0;0;0
12,5|15,2;0;0.14;0;0;0
12,5|15,1;0;0.12;0;0;0
12,5|14,1;0;0;0;0.08000001;0
13,5|13,1;0.08000001;0;0;0;0
13,6|13,2;0;0.04;0.08000001;0;0
12,6|12,2;0;0.04;0;0;0
12,5|12,3;0;0;0;0.08000001;0
13,5|11,3;0;0.1;0;0;0
13,5|10,3;0;0;0.24876;0;0
12,6|8,4;0.234;0;0;0;0
12,7|8,5;0;0;0.13564;0;0.1
12,7|9,5;0;0;0.08000001;0;0
12,7|9,6;0;0;0;0.0944;0.06720001
12,8|12,7;0.02;0;0;0;-20
13,19|16,16;0;0;0.12;0.08720001;0
13,19|15,17;0;0;0;0.04;0
1,10|2,16;0;0.14;0;0;0
1,9|2,15;0;0.14;0;0;0.12
1,8|2,14;0;0;0.14;0;0
0,8|1,14;0;0.14;0;0;0
0,7|1,13;0.198;0;0.1373419;0;0
0,8|0,13;0;0.1;0;0;0.08000001
0,7|0,12;0.06;0.120592;0;0;0
0,8|0,11;0;0;0;0;0.04
0,8|0,10;0;0;0;0.0792;0
1,8|1,10;-20;0;0;0.04;0
2,8|1,9;0;0.04;0;0.04;0
2,7|1,8;-20;0;0;0;0
1,18|7,1;0.46;0;0;0;0
1,19|6,1;0.44;0;0;0;0
1,19|6,2;0;0;0;0;0.42
1,19|6,3;0.4;0;0;0;0
1,19|5,3;0;0;0;0;0.38
1,19|4,3;0;0;0.38;0;0
0,19|4,4;0;0.34;0;0;0
0,18|4,5;0;0;0;0;0.32
0,18|3,5;0;0;0.3;0;0
0,18|3,6;0;0;0;0.26;0
1,18|2,6;0;0;0;0.22;0
2,18|2,7;0.256;0;0;0;0
2,18|2,9;0;0;0;0;0.16
2,18|2,10;0.16;0;0.16;0;0
2,19|2,11;0;0;0.16;0;0
1,19|1,11;0.37944;0;0.1816;0;0.18
1,19|0,11;0.3132;0;0;0.3528;0
1,19|0,12;0;0;0;0;0.38696
1,19|0,13;0.12;0.118;0;0.2736;0
2,19|0,14;0.12;0;0.1144;0;0
2,19|1,14;0;0.08000001;0;0;0
2,18|1,15;0.08000001;0;0;0;0
2,19|1,16;0.1116;0;0;0;0.080088
2,19|1,17;0;0.02;0;0;0.04
2,18|2,17;0;-20;0.0429984;0;0
1,18|1,17;0.04248;-20;0;0.02;0
1,19|1,18;0;-20;0.06264;0;-20
1,18|1,18;0;0;0;0;0
19,9|2,2;0.48;0;0;0;0
19,10|3,2;0;0;0;0.46;0
19,10|4,2;0;0;0.42;0;0
18,10|5,2;0;0.38;0;0;0
18,9|6,2;0.38;0;0;0.38;0
19,9|7,2;0;0.4012;0;0;0
19,8|9,2;0;0;0.28;0;0
18,8|10,2;0.28;0;0;0;0
18,9|11,2;0;0;0;0.28;0
19,9|12,2;0;0;0.24;0;0
18,9|13,2;0;0;0;0;0.26
18,9|13,1;0.26;0;0;0.3068;0.24
18,10|14,1;0.26;0;0;0;0
18,11|15,1;0.26;0;0;0;0
18,12|15,2;0;0.22;0;0;0
18,11|16,2;0;0;0;0;0.2324
18,10|17,3;0;0;0;0;0.14
18,10|17,4;0;0;0.1;0;0
17,10|17,5;0;0;0.1;0;0
16,10|17,6;0.1;0;0;0;0
16,11|17,7;0.1;0;0;0;0
16,12|17,8;0;0;0;0.06;0
17,12|17,9;0.06;0;0.06;0;0
17,13|17,10;0;0;0;0;0.04
17,13|17,11;0.04;0;0;0;0
17,14|17,12;0;0;0;0.04;0
18,14|17,13;0.04;0;0;0;0
18,15|17,14;0.04;0;0;0.04;0
19,15|18,14;0.04;0;0;0;0
19,16|18,15;0.04;-20;0;0;0
19,15|19,15;0;0;0;0;0
18,19|16,11;0;0;0;0.2;0
19,19|17,11;0;0;0.16;0;0
18,19|18,11;0.14;0;0;0;0
18,19|18,12;0;0;0;0.14;0
19,19|18,13;0;0.1;0;0.12;0
19,18|19,13;0.2124;0;0;0;0
19,19|19,14;0.08000001;0;0.18;0;0
18,19|19,15;0;0.06;0;0;0
18,18|19,16;0.06720001;0;0;0;0
18,12|0,6;0;0;0;0;0.46
18,12|0,7;0.46;0;0;0;0
18,13|0,8;0.46;0;0;0;0
18,14|0,9;0;0;0.42;0;0
17,14|0,10;0;0.38;0;0;0
17,13|0,11;0.38;0.34;0;0;0
17,12|0,12;0;0;0.34;0;0
16,12|0,13;0.3;0;0;0;0
16,13|1,13;0;0;0;0.3;0
17,13|2,13;0.3;0;0;0;0
17,14|3,13;0;0.5148;0;0;0
17,13|4,13;0;0.26;0;0;0.24
17,12|5,13;0;0;0.22;0;0
16,12|6,13;0;0;0.18;0;0
15,12|7,13;0;0;0.16;0;0
15,12|8,13;0;0;0;0.16;0
16,12|9,13;0.12;0;0;0;0
16,13|10,13;0.1144;0.2376;0;0;0
16,12|11,13;0.111091;0.12;0;0.12;0.1
16,12|12,13;0.06;0;0;0;0
16,13|13,13;0;0;0.0236;0;0.0792
16,13|14,13;0;0.04;-20;0;0
16,12|15,13;-20;0;0;0.04;0
8,4|2,14;0.28;0;0;0.3576;0
8,5|2,13;0.28;0.3848;0;0;0
8,6|1,13;0.3;0;0;0;0
8,6|0,13;0;0;0.26;0;0
7,6|0,12;0;0;0;0.26;0
8,6|0,11;0.24;0;0;0;0
8,6|0,10;0.22;0;0;0;0
8,6|0,9;0.2;0;0;0;0
8,6|0,8;0;0.2;0;0;0
8,5|1,8;0;0;0.16;0;0
7,5|2,8;0.12;0.1888;0;0;0
7,5|3,7;0;0.12;0;0;0
7,4|3,6;0;0;0;0;0.1
7,4|3,5;0;0;0.06;0;0
6,4|4,5;0.02;0;0;0;0
6,5|5,5;0.024248;0;0;0.02;0
7,5|6,5;0;0;-20;0;0
17,12|16,0;0;0;0;0.26;0
18,12|16,1;0;0;0;0.26;0
19,12|17,1;0;0.22;0.22;0;0
18,12|17,2;0.22;0;0;0;0
18,13|18,2;0;0;0;0.22;0
19,13|18,3;0.22;0;0;0;0
19,14|18,4;0;0;0;0;0.2
19,14|18,5;0;0.16;0;0;0
19,13|18,6;0;0;0.12;0;0
18,13|18,7;0;0;0;0;0.1
18,13|18,8;0.1;0;0;0;0
18,14|18,9;0;0.06;0;0;0
18,13|18,10;0;0;0;0.06;0
19,13|18,11;0;0.02;0;0;0
19,12|19,11;0;0;0.0521984;0;0
18,12|18,11;0;0;0;0.0236;-20
18,12|18,12;0;0;0;0;0
7,17|19,1;0;0;0;0;0.54
7,17|18,1;0;0;0.54;0;0
6,17|18,2;0.54;0;0;0;0
6,18|18,3;0.54;0;0;0;0
6,19|18,4;0.52;0;0;0;0
6,19|18,5;0;0;0.6100001;0;0
4,19|17,6;0;0;0;0.48;0
5,19|17,7;0;0;0.48;0;0
4,19|17,8;0;0;0;0.44;0
5,19|17,9;0;0.4;0;0;0
5,18|17,10;0.4684;0;0;0;0.38
5,18|17,12;0.36;0;0;0;0
5,19|17,13;0;0;0;0.3704;0
5,19|17,15;0;0;0;0;0.3
5,19|16,15;0.3232;0;0;0;0
5,19|14,16;0.22;0;0;0;0
5,19|13,16;0;0.18;0;0;0.2
5,19|12,16;0.18;0;0;0;0
5,19|12,17;0.1852;0;0.18;0;0
6,19|11,18;0;0.08000001;0;0;0
6,18|10,18;0;0;0;0;0.0708
6,18|8,18;0;0.04;0;0;0.02
6,18|7,18;0;0;0.04532602;-20;0
5,18|6,18;0;0.02;0.0728408;0;0
4,19|4,18;-20;0;0.02;0;0
2,19|3,19;0;0.04036464;0;0;0
2,18|3,18;0.0276464;0;0.024248;0;0
0,19|0,18;-48.8;0;-36;0.02;-20
3,5|15,7;0;0;0;0.24;0
4,5|15,6;0.24;0;0;0;0
4,6|15,5;0.28;0;0;0;0
4,7|15,4;0;0;0;0.28;0
5,7|15,3;0;0;0.32;0;0
4,7|15,2;0;0;0;0.32;0
5,7|15,1;0;0;0;0;0.3
5,7|14,1;0;0;0;0.28;0
5,7|13,1;0;0;0;0.468;0
5,7|13,2;0;0;0.26;0;0
4,7|13,3;0;0;0.26;0;0
3,7|12,3;0;0;0;0;0.24
3,7|11,3;0;0.2;0;0;0
3,6|10,3;0;0;0.236;0;0
2,5|8,3;0;0.12;0;0;0
2,4|7,3;0;0;0;0;0.1
2,4|6,3;0.1144;0;0;0;0
2,4|4,3;0;0.02;0;0;0
2,4|3,4;0.02;0;0;0;0
2,5|2,4;0.02;0;0;0;-20
2,6|2,5;0.0396;0;0;0;-20
2,7|2,6;0.02;0;0.02;0.0236;-20
2,8|2,7;0;-20;0;0;0
2,7|2,7;0;0;0;0;0
10,19|6,19;0;0;0;0;0.06
10,19|7,19;0;0;0.02;0;0
9,18|9,18;0;0;0;0;0
16,12|2,9;0.34;0;0;0;0
16,13|2,10;0.32;0;0;0;0
16,13|2,11;0;0.32;0;0;0
16,12|1,11;0;0.32;0;0;0
16,11|0,11;0;0;0.32;0.36;0
17,11|0,12;0.36;0;0;0;0
17,12|0,13;0;0;0.32;0;0
16,12|1,13;0.28;0;0;0;0
16,13|2,13;0;0.28;0;0;0
16,12|3,13;0;0;0.24;0;0
15,12|4,13;0;0.24;0;0;0
15,11|5,13;0;0.24;0;0.24;0
15,10|6,13;0.2;0;0;0;0
15,11|7,13;0;0;0;0;0.18
15,11|8,13;0;0;0.3168;0;0
15,11|9,13;0;0;0;0.3168;0
16,11|10,13;0.138;0.16;0;0;0
16,10|11,13;0;0.16;0;0;0
16,9|12,13;0;0;0.138;0;0.14
16,9|13,13;0;0;0;0.14;0
17,9|14,13;0;0;0;0.14;0
18,9|15,13;0.1;0;0;0;0
18,10|16,13;0.06;0;0;0;0
18,11|17,13;0.02;0;0;0;0
15,13|14,1;0.24;0;0.3032;0;0
15,13|15,1;0;0.241832;0;0;0.2596
15,12|15,3;0.2088;0;0;0;0.16
16,13|15,5;0;0;0;0.18;0
17,13|16,5;0;0;0;0.18;0
18,13|16,6;0;0;0;0;0.1816
19,13|16,8;0;0.12;0;0;0
19,12|16,9;0.12;0;0;0;0
19,13|16,10;0;0.08000001;0;0;0
19,12|16,11;0;0;0;0;0.0708
19,13|17,13;0.07560001;0;0;0.02724464;0
19,14|18,13;0;0;-20;0;0.02
19,14|19,13;0.02;0;0.02;0;0
19,15|19,14;0.024248;0;0.02;0;0
18,15|19,15;0;0.02;0;0;0
18,14|19,14;0;0;0;0;-20
13,9|8,1;0.24;0;0;0;0
13,9|8,2;0.2524;0;0;0;0
13,9|8,4;0.2088;0.209248;0;0;0
13,9|13,7;0;-20;0.04;0;0
12,9|13,8;0;-20;0;0;0
13,6|2,7;0.2;0;0;0;0
13,7|3,7;0;0;0;0;0.18
13,7|4,7;0;0;0.14;0;0
12,7|5,7;0;0.14;0;0;0
12,6|5,6;0.14;0;0;0;0
12,7|6,6;0;0.1;0;0.2772;0
12,6|7,6;0.118;0;0;0;0
13,7|9,6;0;0;0;0;0.1953216
13,6|11,6;0;0;0;0;0.02
13,6|12,6;0;0.02;0;-20;-36
3,7|16,13;0;0.38;0;0;0
3,6|15,13;0.34;0;0;0;0
3,7|14,13;0;0;0.34;0.3;0
2,7|13,13;0;0.34;0;0;0
2,6|12,13;0.3;0;0;0;0
2,7|11,13;0;0;0.3;0;0
1,7|10,13;0.26;0;0;0;0
1,8|9,13;0.22;0;0.26;0;0
1,9|8,13;0;0.22;0;0;0
1,8|7,13;0.18;0;0;0;0
1,9|6,13;0.14;0;0;0;0
1,10|5,13;0.1;0;0;0;0
1,11|4,13;0.08000001;0;0;0;0
1,11|3,13;0;0;0.08000001;0;0
0,11|2,13;0.0792;0;0.06;0;0
0,12|1,13;0;0.142704;0;0;0
0,11|0,13;0;0.11632;0;0.04;0
0,10|0,12;0;0.101848;0;0.04;0
0,9|0,11;-36;0.0472;0;0;0.0236
0,10|0,10;0;0;0;0;0
1,14|4,5;0;0;0;0;0.22
1,14|4,6;0.396;0;0;0;0
1,15|3,6;0.22;0;0;0;0
1,16|2,6;0;0;0;0;0.2
1,16|2,7;0;0.16;0;0.16;0
2,16|2,8;0.16;0;0;0;0
2,17|2,9;0.1888;0;0;0;0
1,18|1,10;0.1924;0;0;0;0
2,19|0,12;0.16;0.17564;0.1652;0;0
2,19|0,13;0;0.1416;0;0;0
2,19|0,15;0;0.096344;0;0.12;0
3,19|0,16;0.1;0;0;0;0
3,19|1,16;0;0;0;0;0.08720001
4,19|2,17;0;0.04;0;0;0
4,18|2,18;0.04;0;0;0;0
4,19|3,18;0.0236;0;-20;0;0.02
4,16|11,8;0;0.26;0;0;0
4,15|10,8;0;0.22;0;0;0
4,14|10,9;0;0;0;0.18;0
5,14|9,9;0.18;0;0;0;0.16
5,14|8,9;0.16;0;0;0;0
5,15|8,10;0.16;0;0;0;0
5,16|7,10;0;0;0;0;0.14
5,16|7,11;0;0;0.14;0;0
4,16|7,12;0.14;0;0.14;0;0
4,17|7,13;0;0;0;0;0.2304
4,17|6,13;0;0.1584;0;0;0
4,16|5,13;0.08000001;0;0.08000001;0;0.06
3,16|5,14;0;0;0;0.04;0
4,16|5,15;0;0;0.04;0;0
3,16|5,16;0.04;0;0;0;0
3,17|5,17;0.04;0;0;-20;0
9,0|8,4;0.06;0;0;0;0
9,1|8,3;0;0;0;0.06;0
10,1|8,2;0.040248;0;0.02;0;0
9,1|9,2;0;0;0.02;0;0
8,1|9,1;0;0;0.02;0;0
7,1|8,1;0;0.02;0;0;0
7,0|8,0;0;0;0;-20;0
8,0|8,0;0;0;0;0;0
0,14|14,18;0;0;0;0.32;0
1,14|13,18;0.28;0;0;0;0
1,15|12,18;0;0.28;0;0;0
1,14|12,17;0;0.28;0;0;0
1,13|12,16;0;0.26;0;0;0
1,13|11,16;0;0;0.26;0;0
0,13|10,16;0;0;0.24;0;0
0,13|10,15;0.2;0;0;0;0
0,14|9,15;0;0;0.18;0;0
0,14|8,15;0;0.18;0;0;0
0,13|7,15;0;0;0;0;0.16
0,13|6,15;0;0;0;0;0.14
0,13|5,15;0;0.14;0;0;0
0,12|4,15;0;0;0;0;0.138
0,13|4,13;0;0.08000001;0;0;0
0,12|3,13;0;0.08720001;0;0;0.06976608
1,11|0,12;0.02;0;0;0;0
1,11|0,11;-20;0;0;0;-20
1,11|1,11;0;0;0;0;0
9,6|10,12;0;0.14;0;0;0
9,5|9,12;0;0;0;0;0.12
9,5|9,11;0.12;0;0;0;0
9,6|8,11;0.20988;0;0;0.12;0
10,6|8,10;0;0;0.08000001;0;0.1
9,6|8,9;0.0708;0;0;0;0
10,6|9,8;0;0.06;0;0;0
10,5|10,8;0.078;0;0.1;0;0.08000001
10,5|11,8;0;0;0;0;0.1
10,5|12,8;0.0708;0;0;0;0
11,6|12,6;0;0.02;0;0;-20
11,6|11,6;0;0;0;0;0
19,13|11,12;0.324;0;0.14;0;0
19,14|11,13;0;0.14;0;0;0.16
19,14|12,13;0.1852;0;0;0;0.14
19,14|13,13;0;0;0.1;0;0
18,14|14,13;0.1;0;0.06;0;0
17,14|15,13;0.1188;0;0;0;0
17,15|16,13;0.06;0;0;0.06;0
17,16|17,13;0;0;0.06;0;0
16,16|17,14;0;0.0236;0;0.036;0.04
17,16|17,15;0;-36;0;0;-20
17,15|17,15;0;0;0;0;0
7,13|1,0;0;0.34;0;0;0
7,12|1,1;0.34;0;0;0;0
7,13|1,2;0.32;0;0;0;0
7,13|1,3;0;0;0.28;0;0
6,13|1,4;0.26;0;0;0;0
6,13|1,5;0;0;0;0;0.24
6,13|1,6;0;0;0;0.24;0
7,13|1,7;0;0;0;0;0.22
7,13|1,8;0.2;0;0;0;0
7,13|1,9;0;0.16;0;0;0
7,12|1,10;0;0;0;0.16;0
8,12|1,11;0;0;0.16;0;0
7,12|0,11;0.1852;0;0;0;0
8,13|0,13;0;0;0;0.16;0
9,13|1,13;0.1616;0;0;0;0.1652
9,12|3,13;0;0.14;0;0;0
9,11|4,13;0;0.12;0;0;0
9,11|5,13;0;0;0;0.12;0
10,11|6,13;0;0;0;0;0.1944
10,11|7,13;0;0;0.06;0;0.144
10,11|8,13;0;0;0;0;0.06
10,11|9,13;0;0;0;0;0.04
10,11|9,12;-20;0;0;0;0
10,12|10,12;0;0;0;0;0
0,7|1,4;0;0;0.06;0;0
0,7|1,5;0.06;0;0;0;0
0,8|1,6;0;0.02;0;0;0
0,7|1,7;0.02;0;0;0;0
0,8|0,7;0.02;0;0;0;0
0,9|0,8;0;0;0;0;-20
0,9|0,9;0;0;0;0;0
13,9|16,13;0;0.14;0;0;0
13,8|15,13;0;0;0;0.12;0
13,8|14,13;0;0;0.12;0;0
12,8|13,13;0;0.12;0;0.08000001;0
13,8|13,12;0;0;0.0944;0;0.0744
12,6|11,11;0.12;0;0.12;0;0
12,7|10,11;0;0;0;0;0.285336
12,7|9,11;0;0;0.209896;0;0.1852
12,5|10,9;0.0908;0;0;0;0
12,5|12,8;0;0;0;0.06;0
13,5|12,7;0.02;0;0;0;0
13,5|12,5;0;0;0;0;-20
13,5|13,5;0;0;0;0;0
14,0|4,0;0;0;0.16;0;0
13,0|5,0;0;0;0;0.16;0
14,0|6,0;0;0.14;0;0;0
14,0|7,0;0.14;0;0;0;0
14,1|7,1;0;0;0;0.14;0
15,1|8,1;0;0;0;0;0.12
15,1|9,1;0.12;0;0.08720001;0;0
15,2|10,1;0;0.08000001;0;0;0
15,1|11,1;0.08000001;0;0;0;0
15,2|12,1;0.08000001;0;0;0;0
15,3|13,1;0.08000001;0.04;0;0;0.06
15,4|14,1;0.08000001;0;0;0;0
15,5|15,1;0;0;0;0.08000001;0
16,5|15,2;0;0;0;0.08000001;0
17,5|15,3;0.1584;0;0;0;0
17,6|15,4;0;0;0;0;0.06
17,6|16,4;0;0;0;0.06;0.04
17,6|16,5;0;0;-20;0;0.02
17,6|16,6;0;0;0;0;-36
17,6|17,6;0;0;0;0;0
16,0|19,15;0.32;0;0;0;0
16,1|19,14;0.28;0;0;0;0
16,2|19,13;0;0;0;0;0.26
16,2|19,12;0;0;0.26;0;0
15,2|19,11;0.22;0;0;0;0
15,3|18,11;0;0;0;0.18;0
16,3|18,10;0.14;0;0;0;0
16,4|17,10;0;0;0;0.118;0
15,18|17,11;0;0.14;0;0;0
15,17|17,12;0;0.1;0;0.1108;0
16,17|17,14;0;0;0;0;0.1188
16,17|17,15;0.06;0;0;0.02;0
16,18|17,16;0.1152;0;0;0;0
16,19|17,17;0.072;0.02;0;0;0
16,18|16,17;0;-20;0.040248;0;0
15,18|15,17;0.0236;0;0.02;0.0236;0
14,19|15,19;-20;0;0;0;0
14,19|14,19;0;0;0;0;0
18,16|4,19;0;0;0;0;0.32
18,16|5,19;0.28;0;0;0;0
18,17|6,19;0;0;0;0.28;0
19,17|6,18;0.24;0;0;0;0
19,18|7,18;0;0;0.236;0;0.4356
19,18|8,18;0.22;0;0;0;0.2
19,19|8,19;0;0;0.18;0;0
18,19|9,19;0;0.18;0;0.2088;0
18,18|10,19;0;0;0;0;0.16
18,18|10,18;0.16;0;0;0;0.14
18,19|11,18;0.1616;0;0;0;0
18,19|13,19;0.0908;0;0;0;0
18,18|17,19;-20;0.04;0;0;0
0,14|10,8;0.32;0;0;0;0
0,15|9,8;0;0.28;0;0;0
0,14|8,8;0.28;0;0;0;0
0,15|8,9;0;0;0.26;0;0
0,15|8,10;0.26;0;0;0;0
0,16|8,11;0.26;0;0;0;0
0,17|7,11;0.5112;0;0;0;0
0,18|7,12;0;0;0.314831;0;0.468
0,18|7,13;0;0.2;0;0.6129632;0
1,18|6,13;0;0.44656;0.2288;0;0
1,17|5,13;0;0.216;0;0;0.14
1,16|5,14;0.12;0;0;0;0
1,17|5,15;0;0;0;0;0.1
1,17|4,15;0;0.06720001;0;0;0
2,17|1,16;0.04;0;0;0;0
2,18|2,16;0.0436;-20;0;0;0
1,19|2,18;0;0;0;0;0.0236
7,4|17,15;0;0;0;0;0.4
7,4|17,14;0.36;0;0;0;0
7,5|17,13;0.32;0;0;0;0
7,6|16,13;0;0.32;0;0;0
7,5|15,13;0;0.32;0;0;0
7,4|15,12;0;0;0;0.28;0
8,4|15,11;0.24;0;0;0;0
8,5|15,10;0;0;0;0;0.22
8,5|15,9;0;0.22;0;0;0
8,4|15,8;0.18;0;0;0;0
8,5|15,7;0.14;0;0;0;0
8,6|15,6;0;0.14;0;0;0
8,5|15,5;0;0.14;0;0.14;0
9,5|15,4;0;0.16;0;0;0
9,5|15,3;0;0.18;0;0;0
9,5|15,2;0.22;0;0;0;0
9,6|15,1;0;0;0;0.18;0
10,6|14,1;0;0;0.2088;0;0
9,5|13,2;0.1616;0;0;0;0
10,5|10,3;0;0;0;0;0.06
10,5|9,3;0.120592;0;0;0.1;0
14,18|16,1;0;0;0.38;0;0
13,18|16,2;0;0.34;0;0;0
13,17|16,3;0;0;0;0;0.32
13,17|16,4;0;0;0.32;0;0
12,17|16,5;0;0;0.32;0;0
11,17|16,6;0;0;0;0.28;0
12,17|16,7;0.28;0.24;0;0;0
12,16|16,8;0;0;0;0;0.22
12,16|16,9;0;0;0.22;0;0
11,16|16,10;0.22;0;0;0;0
11,17|16,11;0;0;0;0.18;0
12,17|16,12;0.2196;0;0;0;0
12,19|17,14;0;0;0;0.16;0
13,19|17,15;0;0.12;0;0;0
13,18|16,15;0.135696;0;0;0.08000001;0
12,19|15,16;0;0.08000001;0;0.08000001;0
13,19|14,16;0;0;0;0;0.06
13,19|13,16;0.04;0;0;0;0
13,19|13,17;0;-20;0;0;0
13,18|13,18;0;0;0;0;0
11,17|11,17;0;0;0;0;0
17,2|11,6;0.16;0;0;0;0
17,3|11,5;0.16;0;0;0;0
17,4|10,5;0.16;0;0;0;0
17,5|9,5;0;0;0;0.2;0
18,5|8,5;0;0;0.2;0;0
17,5|8,4;0.24;0;0;0;0
17,6|8,3;0;0;0;0.24;0
18,6|9,3;0;0;0.2;0;0
17,6|10,3;0;0.16;0.16;0;0
17,5|11,3;0.16;0;0;0;0
17,6|12,3;0;0.2412;0.12;0;0.1652
17,5|13,3;0;0;0;0;0.2844
17,5|13,2;0.18;0;0;0.18;0
17,6|13,1;0.18;0;0;0.18;0.16
17,6|14,1;0;0;0;0;0.14
17,6|15,1;0;0.196992;0;0.1652;0
18,5|15,3;0;0;0;0;0.08000001
18,5|15,4;0;0.04;0;0;0
18,4|16,4;0;0;0;0.04;0.02
19,4|17,4;0;0.04;0;0;0
19,3|18,4;0;0.04;0;0;0.02
19,3|18,3;0.02;0.02;0;0;-20
19,3|19,3;0;0;0;0;0
2,1|0,6;0.1;0;0;0.14;0
2,2|0,5;0;0;0.06;0;0
1,2|0,4;0;0.1188;0;0;0
1,1|0,3;0.02648;0;0;0.06;0
2,1|0,2;0;0;0;0;0.04
2,1|0,1;0;0.04;0;0;0
2,0|0,0;0;0;-20;0;0
1,0|1,0;0;0;0;0;0
5,4|17,10;0.32;0;0;0;0
5,5|16,10;0.28;0;0;0;0
5,6|16,9;0;0;0;0;0.26
5,6|16,8;0;0;0.26;0;0
4,6|15,8;0;0;0;0.22;0
5,6|15,7;0.22;0;0;0;0
5,7|15,6;0;0;0.26;0;0
4,7|15,5;0;0.26;0;0;0
4,6|15,4;0;0;0;0;0.28
4,6|15,3;0;0.5544;0.32;0;0
3,6|15,2;0.7056;0;0;0;0
3,7|15,1;0.7092;0.32;0;0;0
3,6|14,1;0;0;0;0.28;0
4,6|13,1;0.28;0;0;0;0
4,7|13,2;0.28;0;0;0;0
4,8|12,2;0.28;0;0;0;0
4,9|12,3;0;0;0.28;0;0
3,9|11,3;0;0;0;0;0.26
3,9|10,3;0.26;0;0;0;0
3,10|9,3;0;0;0.26;0;0
2,10|8,3;0;0.2596;0;0;0
1,10|6,4;0;0;0;0;0.2
1,10|5,4;0;0.16;0;0;0
1,9|5,5;0.16;0;0;0;0
1,10|5,6;0.16;0;0;0.216;0
1,11|4,6;0;0;0;0.12;0
2,11|3,6;0.198;0;0;0;0
2,11|3,7;0.08000001;0;0.1;0;0
1,11|3,8;0;0;0;0;0.08000001
1,11|3,9;0;0;0;0.0436;0
2,11|3,11;0;0;0.02;-20;0
3,14|19,7;0;0.42;0;0;0
3,13|18,7;0.42;0;0;0;0
3,14|18,8;0.42;0;0;0;0
3,15|18,9;0;0.38;0.42;0;0
3,14|18,10;0.38;0;0;0;0
3,15|18,11;0;0.34;0;0;0
3,14|17,11;0;0;0.34;0;0
2,14|16,11;0;0.3;0;0;0
2,13|16,12;0;0;0;0.26;0
3,13|16,13;0.26;0;0;0;0
3,14|15,13;0;0;0;0;0.24
3,14|14,13;0;0;0;0.2288;0.22
5,13|10,13;0.1;0;0;0;0
5,14|9,13;0.1;0;0;0;0
5,15|8,13;0;0;0.118;0;0
3,16|5,13;0.1;0;0;0;0
3,17|5,14;0;0;0;0;0.08000001
3,17|5,15;0;0;0;0.04;0
4,17|5,16;0;0;0;-20;0
2,9|11,15;0.26;0;0;0;0
2,10|10,15;0;0.26;0;0;0
2,9|9,15;0;0.26;0;0;0
2,8|8,15;0.22;0;0;0;0
2,9|7,15;0;0;0;0;0.2
2,9|6,15;0;0;0;0.16;0
3,9|5,15;0;0;0.16;0.12;0
2,9|5,14;0;0.16;0;0;0
2,8|4,14;0;0.16;0;0;0
2,7|3,14;0;0.314784;0;0;0
2,6|2,14;0.26784;0;0;0;0
2,7|1,13;0;0.3564;0;0;0.16
2,7|0,13;0.1344;0;0;0;0
2,9|0,9;0.0472;0;0;0;0
0,4|2,2;0;0;0.06;0;0
0,4|2,3;0.06;0;0;0;0
0,5|2,4;0;0.02;0;0;0
0,4|1,4;0;0.02;0;0;0
0,3|0,4;-20;0;0;0;0
0,4|0,4;0;0;0;0;0
2,17|0,9;0;0;0;0;0.18
2,17|0,10;0;0;0.14;0;0
1,17|0,11;0.14;0;0;0;0
1,18|0,12;0;0;0;0.158;0
1,18|0,14;0.1;0.06;0.06;0.1;0
1,19|0,15;0.08000001;0;0;0;0
1,19|0,16;0;0;0;0;0.06
1,19|0,17;0;0;0.02;0;0
3,6|19,17;0;0;0;0.5;0
4,6|18,17;0;0.5;0;0;0
4,5|17,17;0;0;0;0;0.48
4,5|16,17;0;0;0;0;0.46
4,5|15,17;0;0.46;0;0;0
4,4|14,17;0;0;0;0;0.44
4,4|14,16;0;0.44;0;0;0
4,3|14,15;0;0;0;0;0.42
4,3|13,15;0;0.42;0;0.38;0
4,2|12,15;0;0;0.42;0;0
3,2|11,15;0;0;0;0.38;0
4,2|10,15;0;0;0.38;0;0
3,2|9,15;0;0.38;0;0;0
3,1|8,15;0;0;0;0.34;0
4,1|7,15;0;0;0;0.3;0
5,1|6,15;0;0.3;0;0;0
5,0|5,15;0;0;0;0.3;0
6,0|5,14;0;0;0.26;0;0
5,0|5,13;0;0;0;0;0.28
5,0|4,13;0.28;0;0;0;0
5,1|3,13;0.28;0;0;0;0
5,2|2,13;0;0;0;0.32;0
6,2|1,13;0;0;0.32;0;0
5,2|0,13;0;0.32;0;0;0
5,1|0,12;0;0;0.28;0;0
4,1|0,11;0;0.28;0;0;0
4,0|1,11;0.24;0;0;0;0
4,1|1,10;0.2;0;0;0;0
4,2|2,10;0;0;0.16;0;0
3,2|2,9;0;0;0;0;0.14
3,2|2,8;0.1;0;0;0;0
3,3|3,8;0;0;0.1;0;0.08000001
3,3|3,7;0.04;0;0;0;0
3,4|3,6;0;0;0;0.04;0
4,4|3,5;0;0;0;0.04;0
5,4|4,5;-20;0;0;0;0
5,5|5,5;0;0;0;0;0
5,10|13,9;0;0;0.18;0;0
4,10|12,9;0;0;0.22;0;0
3,10|12,8;0;0.22;0;0;0
3,9|12,7;0;0;0;0.22;0
4,9|12,6;0;0;0.22;0;0.2
4,9|11,6;0;0;0;0;0.18
4,9|10,6;0;0;0;0.14;0
5,9|9,6;0;0;0;0.12;0
5,9|8,6;0;0.160344;0;0;0.1
5,8|7,6;0.0908;0;0;0.06;0
5,10|5,7;0.06;0;0;0.04;0
5,11|5,8;0.04;0;0;0.0472;0
5,11|5,9;0;0;0.072;0;0.02830243
4,11|5,10;0;-20;0.04;-20;0
7,16|7,2;0;0;0;0.28;0
8,16|7,3;0;0;0.24;0;0
7,16|7,4;0;0;0;0;0.22
7,16|7,5;0;0;0;0.22;0
8,16|7,6;0;0;0;0.22;0
9,16|8,6;0;0;0;0;0.2
9,16|9,6;0.24;0;0;0;0
9,17|10,6;0;0;0;0.24;0
10,17|11,6;0.28;0;0;0;0
10,18|12,6;0.28;0;0;0;0
10,19|12,7;0;0;0.28;0;0
9,19|12,8;0.468;0;0;0.24;0
9,19|12,9;0.24;0;0;0;0
9,19|11,9;0;0;0.276;0;0
8,19|9,9;0;0;0;0;0.2
8,19|8,9;0.18;0;0;0.2324;0
8,19|8,10;0;0;0.3492;0;0
7,19|8,11;0;0;0.18;0.14;0
8,19|8,12;0;0;0.14;0;0
7,19|8,13;0;0.1;0;0;0
7,18|7,13;0;0;0;0.14;0
8,18|6,13;0.18;0;0;0;0
8,19|5,13;0.16;0;0;0;0
8,19|5,14;0.293472;0;0;0;0
8,19|5,15;0;0;0;0;0.30432
8,19|6,15;0;0.144;0;0;0
8,18|6,16;0;0;0;0.0944;0
9,17|9,16;0.027128;-36;0;0;0
11,0|5,9;0;0;0;0;0.28
11,0|5,8;0;0.26;0;0;0
11,0|5,7;0;0;0;0;0.24
11,0|5,6;0;0.22;0;0;0
11,0|6,6;0;0;0;0;0.2
11,0|7,6;0.16;0;0;0;0
11,1|8,6;0.136344;0;0;0;0
10,2|8,4;0;0;0;0;0.1308384
4,1|18,4;0;0;0.34;0;0
3,1|17,4;0.3;0;0;0;0
3,2|17,3;0;0;0;0.26;0
4,2|16,3;0;0;0.26;0;0
3,2|15,3;0;0.26;0;0;0
3,1|15,2;0;0;0;0;0.4752
3,1|15,1;0.24;0;0;0.2;0
3,2|14,1;0.24;0;0;0;0
3,3|13,1;0.24;0;0;0;0
3,4|12,1;0;0.2;0;0;0
3,3|11,1;0;0;0.2;0;0
2,3|10,1;0;0;0.2;0;0
1,3|10,2;0;0;0;0;0.18
1,3|9,2;0;0;0;0.14;0
2,3|9,3;0;0;0;0;0.12
2,3|8,3;0;0;0.12;0;0.1
2,3|7,3;0;0.1;0;0;0.08000001
2,2|6,3;0;0;0;0.06;0
3,2|5,3;0.02;0;0;0;0
3,3|4,3;0.02;0;0;0;-20
3,4|4,4;0.02;0.0236;0;0;0
3,5|4,5;0;0.0236;0;-48.8;0
4,5|4,5;0;0;0;0;0
16,13|19,10;0.1;0;0;0;0
16,13|18,10;0;0;0.1;0;0
15,13|17,10;0;0;0;0.06;0
16,13|17,11;0;0;0.06;0;0
15,13|16,11;0;0;0;0;0.04
15,13|16,12;0.02;0;0;0;0.02
15,13|16,13;-20;0.02;0;-36;0
1,15|12,16;0;0;0;0;0.22
1,15|11,16;0.18;0;0;0;0
1,16|10,16;0;0.18;0;0;0
1,15|9,16;0.1616;0;0;0;0.16
1,15|9,15;0.16;0;0;0;0
1,16|9,16;0;0;0;0;0.14
1,16|8,16;0;0;0;0;0.234
1,16|7,16;0;0;0;0.0944;0.1
1,16|6,16;0.1;0;0;0;0
1,17|6,17;0;0;0.1;0;0
0,17|5,17;0;0.1930939;0;0;0
0,16|4,17;0.072744;0.1;0;0;0
0,16|2,17;0;0;0;0;0.04
0,16|2,16;0.0436;0;0;-20;0
0,17|0,16;0.0396;0;-20;0;0
8,13|10,18;0.12;0;0;0;0
8,13|10,17;0.1;0;0;0;0
8,13|10,16;0;0;0;0;0.08000001
8,13|9,16;0.06;0;0;0;0
8,13|8,16;0.04;0;0;0;0
8,13|8,15;0;0;0;0.08000001;0
9,13|7,15;0;0;0;0.12;0
10,13|6,15;0;0.16;0;0.16;0
10,12|5,15;0;0;0.12;0;0
9,12|5,14;0;0;0;0.135696;0
10,12|7,13;0;0;0;0.1584;0
11,12|8,13;0;0;0;0.1512;0
12,12|9,13;0;0;0.0792;0;0
11,12|10,13;-20;0;-20;0.04;0
12,12|10,12;0;0;0;0.04;0
13,12|11,12;0;0;-20;0;0
12,12|12,12;0;0;0;0;0
17,4|1,0;0;0;0.36;0;0
16,4|1,1;0.36;0;0;0;0
16,5|2,1;0.36;0;0;0;0
16,6|3,1;0.36;0;0;0;0
16,7|4,1;0.36;0;0;0;0
16,8|5,1;0;0;0.32;0;0
15,8|6,1;0.32;0;0;0;0
15,9|7,1;0;0.28;0;0;0
15,8|8,1;0;0;0.26;0;0
15,8|9,1;0;0.22;0;0;0
15,7|10,1;0;0;0.2;0;0
15,7|11,1;0.2;0;0;0;0
15,8|12,1;0.3888;0;0;0;0
15,9|13,1;0;0.16;0.2052;0;0
15,8|14,1;0.16;0;0;0;0
15,9|15,1;0;0.12;0;0;0
15,8|15,2;0;0.08000001;0;0;0
15,7|15,3;0;0;0;0;0.06
15,7|15,4;0;0.02;0;0;0
15,6|15,5;0.02;0;0;0;0
15,7|15,6;0.02;0;0;0;0
15,8|15,7;0;-20;-20;0;0
5,16|11,5;0;0;0;0.3;0
6,16|11,6;0;0;0.4012;0;0
5,16|12,7;0;0.28;0;0;0
5,15|12,8;0.28;0;0;0;0
5,16|12,9;0;0.24;0;0;0
5,15|11,9;0.24;0;0;0;0
5,16|10,9;0;0;0.24;0;0
4,16|9,9;0;0;0.24;0;0
3,16|8,9;0;0.2;0;0;0
3,15|8,10;0;0;0;0.16;0
4,15|7,10;0.16;0;0;0;0
4,16|7,11;0;0;0.16;0;0
3,16|7,12;0;0.2304;0;0;0
3,15|7,13;0;0;0;0.160344;0
4,15|6,13;0.0944;0.04;0.0908;0;0.06
4,15|5,13;0;0.051104;0;0;0
4,13|5,13;0.04248;0;0.02;0;0
3,13|4,13;0;0;0.02;0;0
2,13|3,13;0.02;0;0;0;0
2,14|2,13;0;0;0;0;-20
2,14|2,14;0;0;0;0;0
17,16|1,13;0.38;0;0;0;0
17,17|1,14;0;0;0.34;0;0
16,17|2,14;0.34;0;0;0;0
16,18|2,15;0;0;0.3;0;0
15,18|2,16;0;0.26;0;0;0
15,17|3,16;0;0;0;0.26;0
16,17|4,16;0;0;0;0.26;0
17,17|5,16;0;0;0;0.26;0
18,17|6,16;0;0.2596;0;0;0
18,16|8,16;0;0.2;0.16;0;0
18,15|9,16;0;0;0;0;0.18
18,15|10,16;0;0;0;0.3492;0
19,15|11,16;0.14;0;0;0;0.16
19,16|12,16;0;0;0;0.1416;0
19,15|15,15;0;0;0.04;0;0
18,15|16,15;0.04;0;-20;0;0
8,19|1,2;0;0;0;0;0.46
8,19|1,3;0;0;0.42;0;0
7,19|1,4;0.4;0;0;0;0
7,19|1,5;0;0.36;0;0;0
7,18|1,6;0;0;0;0;0.34
7,18|1,7;0;0;0;0.34;0
8,18|1,8;0;0.3;0;0;0
8,17|1,9;0.3;0;0;0;0
8,18|1,10;0;0;0.26;0;0
7,18|1,11;0;0;0;0;0.28
7,18|0,11;0;0;0;0.28;0
8,18|0,12;0;0;0;0;0.26
8,18|0,13;0.26;0;0;0.26;0
8,19|1,13;0.2796;0;0;0.5112;0
9,19|2,13;0.432;0;0;0;0
9,19|3,13;0;0;0;0.24;0
10,19|3,14;0.22;0;0;0;0
10,19|4,14;0;0.18;0;0;0
10,18|4,15;0;0.14;0;0;0
10,17|5,15;0.14;0.1;0;0;0
10,18|6,15;0.14;0.1;0.120592;0;0
10,19|7,15;0.12;0;0;0;0
10,19|8,15;0;0;0.0908;0;0
9,19|8,17;0.04;0;0.02;0;0
9,19|8,18;0.0236;0;0;0;0
9,18|9,19;0;0;0;0.028784;-20
5,18|19,18;0.28;0;0;0;0
5,19|18,18;0;0;0;0.24;0
6,19|17,18;0;0.2;0;0;0
6,18|16,18;0;0;0.2;0;0
5,18|15,18;0.2;0;0;0;0
5,19|14,18;0.2088;0;0;0;0
5,18|11,18;0;0.12;0;0;0
5,17|10,18;0.08000001;0;0;0;0
5,18|9,18;0;0.08000001;0;0;0
5,17|8,18;0.0472;0;0;0;0
5,19|7,19;0;0.04;0;0;0
5,18|6,19;0;0;0;0;0.02518112
4,19|5,19;-20;0.0396;0;0;-20
7,15|8,15;0;0;0;-20;0
8,15|8,15;0;0;0;0;0
2,15|3,7;0;0.14;0;0;0
2,14|2,7;0.14;0;0;0;0
2,15|2,8;0.14;0;0;0;0
2,16|2,9;0;0;0;0;0.1416
1,17|1,14;0;0;0.06;0;0
0,17|1,15;0;0.02;0;0;0
0,16|1,16;0;0;0;-20;0
1,16|1,16;0;0;0;0;0
17,4|16,3;0;0;-20;0;0
2,1|1,19;0.34;0;0;0;0
2,2|1,18;0;0.34;0;0;0
2,1|1,17;0;0.34;0;0;0
2,0|1,16;0;0.63;0;0;0
2,0|1,15;0.28;0.3;0;0;0
2,0|1,14;0;0;0;0;0.28
2,0|1,13;0;0.3;0;0;0
2,0|0,13;0;0;0;0;0.28
2,0|0,12;0;0;0.24;0;0
1,0|0,11;0;0;0;0;0.4356
1,0|0,10;0;0.236;0;0.22;0.2
1,0|0,9;0;0;0.1888;0;0
0,1|0,7;0.08000001;0.12;0;0;0
0,2|0,6;0;0.0908;0.1152;0.08000001;0
1,2|0,5;0;0;0;0.08000001;0
2,2|0,4;0;0;0;0;0.06
2,2|0,3;0.02;0;0;0;0
2,3|1,3;0;0;0;0.02;-20
3,3|2,3;0;0;-20;0;0
8,18|19,8;0.42;0;0;0;0
8,19|19,9;0;0;0.42;0;0
7,19|18,9;0;0;0;0.38;0
8,19|18,10;0.36;0;0;0;0
8,19|18,11;0;0;0;0.32;0
9,19|18,12;0.3;0;0;0;0
9,19|17,12;0;0.26;0;0;0
9,18|17,13;0.26;0;0.26;0;0
9,19|17,14;0.24;0;0.26;0;0
9,19|17,15;0;0;0;0.2;0
10,19|17,16;0;0;0.2;0;0
9,19|16,16;0;0;0;0.16;0
10,19|15,16;0.14;0.12;0;0;0
10,19|14,16;0;0;0.14;0;0
9,19|14,17;0;0.198;0;0;0
9,18|13,17;0.1;0.06;0;0;0
9,19|12,17;0;0.06;0;0;0
9,18|12,18;0;0;0;0.02;0
10,18|11,18;0;0;0.0236;0;0
9,17|10,17;0.0236;0.036;0.02;0;0
9,16|10,16;0.07160141;0;0.02;0;0
9,16|9,17;0;0.02;0;0.024248;0
5,16|0,8;0;0;0.22;0;0
4,16|0,9;0;0.18;0;0;0
4,15|0,10;0;0;0.14;0;0
3,15|0,11;0;0.1944;0;0;0
3,14|0,12;0;0;0.0636;0;0.08000001
3,14|0,13;0.1512;0;0;0;0
3,15|0,14;0;0.04;0;0;0.06
3,14|1,14;0;0.04;0;0;0
3,13|2,14;0;0;0;0;0.02
3,13|2,13;0.036;0;0;0;0
3,14|2,14;0;0.02;0;0;0
3,13|3,14;-20;0;0;0;0
3,14|3,14;0;0;0;0;0
16,0|2,0;0;0;0.24;0;0
15,0|3,0;0;0.22;0;0;0
15,0|4,0;0;0;0;0;0.3924
15,0|5,0;0;0.18;0;0;0.2124
15,0|6,0;0;0.16;0;0.18;0
16,0|7,0;0;0.16;0;0;0
16,0|8,0;0;0.14;0;0;0
16,0|9,0;0;0;0;0;0.12
16,0|10,0;0;0;0;0;0.1
16,0|11,0;0;0.08000001;0;0;0
16,0|12,0;0;0.06;0;0;0
16,0|13,0;0;0.04;0;0;0
16,0|14,0;0.04;0;0;0;0
16,1|15,0;0.04;0;0;0;0
16,2|15,1;0.07560001;0;0;0;0
16,3|16,1;0;0;0;0.04;0.02
16,3|16,2;0;0;0;0;-20
16,3|16,3;0;0;0;0;0
1,1|16,4;0;0.36;0;0;0
1,0|16,3;0.32;0;0;0;0.34
1,1|16,2;0.28;0;0;0;0
1,2|15,2;0.32;0;0;0;0
1,3|15,1;0.3704;0.28;0;0;0
2,4|13,1;0;0.24;0;0;0
2,3|12,1;0;0;0;0;0.22
2,3|11,1;0.22;0;0;0;0
2,4|10,1;0;0.18;0;0;0
2,3|9,1;0;0;0;0;0.16
2,3|8,1;0.1888;0;0;0;0
1,4|7,2;0.16;0;0;0;0
1,5|7,3;0.16;0;0;0;0
1,6|7,4;0.16;0;0;0;0
1,7|6,4;0;0.12;0;0;0
1,6|5,4;0.12;0;0;0;0
1,7|4,4;0.12;0;0;0;0
1,8|3,4;0;0.08000001;0;0;0
1,7|3,5;0.08000001;0;0;0;0
1,8|3,6;0.08000001;0;0;0;0
1,9|2,6;0;0.04;0;0;0
1,9|1,7;0.07560001;0;0;0;0
1,10|1,8;0;0;0;0;0.0396
1,10|1,9;0.02;0;0.02;0.02;0
0,10|0,9;0;0;-20;0;-20
5,15|5,16;0;0;0;0.02;0
6,15|5,15;0;0;0;0;-20
6,15|6,15;0;0;0;0;0
14,16|17,17;0.04;0;0;0;0
14,17|16,17;0.04;0;0;0;0
14,18|16,18;0.0436;0;0;0;0
13,19|15,19;0;0.04;0;-20;0
11,18|4,2;0.46;0;0;0;0
11,19|4,3;0;0;0;0.46;0
12,19|4,4;0;0;0;0;0.44
12,19|4,5;0;0.4;0;0;0
12,18|4,6;0;0;0;0.4;0
13,18|4,7;0;0;0;0.4;0
14,18|4,8;0.4;0;0;0;0
14,19|4,9;0;0;0;0.4;0
15,19|4,10;0.38;0;0;0;0
15,19|4,11;0;0.38;0;0;0
15,18|3,11;0.42;0;0;0;0
15,19|2,11;0;0;0;0;0.44
15,19|1,11;0;0;0;0.48;0
16,19|0,11;0;0.44;0;0;0
16,18|0,12;0;0.4;0;0;0
16,17|0,13;0;0;0;0.4;0
17,17|0,14;0.4;0;0;0;0
17,18|0,15;0;0;0;0;0.4448
17,17|2,15;0.34;0;0;0;0
17,18|3,15;0.34;0;0;0;0
17,19|4,15;0;0;0;0.34;0
18,19|4,16;0.576;0;0;0;0
18,19|4,17;0.3;0;0;0;0
18,19|5,17;0.28;0;0;0;0
18,19|6,17;0;0;0;0.330328;0.26
18,19|7,17;0;0.22;0;0;0
18,18|8,17;0;0;0;0.22;0
19,18|9,17;0.22;0;0;0;0
19,19|10,17;0.2;0;0;0;0
19,19|11,17;0;0.16;0;0;0.18
19,18|12,17;0.16;0;0;0;0
19,19|13,17;0;0.234;0;0;0
19,18|14,17;0;0.08000001;0;0.1;0
19,18|14,18;0;0;0.1870104;0;0
18,17|16,18;0;0.06;0;0;0
18,16|17,18;0.02;0;0;0;0
18,17|18,18;-36;0;0;0.02;0
1,9|18,18;0;0.52;0;0;0
1,8|18,17;0;0;0.52;0;0
0,8|17,17;0;0;0;0;0.5
0,8|17,16;0;0;0;0;0.48
0,8|17,15;0;0;0;0;0.46
0,8|16,15;0;0.46;0;0;0
0,7|15,15;0.42;0;0;0;0
0,8|14,15;0;0.42;0;0;0
0,7|13,15;0;0.42;0;0;0
0,6|12,15;0;0;0.4;0;0
0,6|11,15;0;0;0;0.36;0
1,6|10,15;0;0;0;0;0.34
1,6|9,15;0;0;0;0.3;0
2,6|8,15;0.26;0;0;0;0
2,7|7,15;0;0.26;0;0;0
2,6|6,15;0;0.3032;0;0;0
2,6|5,14;0;0.22;0;0;0
2,5|4,14;0;0.2524;0;0;0
2,5|2,13;0.3168;0;0;0;0
2,6|1,13;0;0.2;0.16;0;0
1,6|0,13;0;0.16;0.12;0;0
0,6|0,12;0.08000001;0;0;0;0
0,7|0,11;0;0;0.06;0.08000001;0.0708
0,7|0,10;0.02;0;0;0.06;0
1,7|0,9;0.02;0;0.02;0;0
0,7|0,8;-20;0;-20;0.02;0
1,7|0,7;0;0.0236;0;0;0
14,18|1,1;0;0;0;0.6;0
15,18|1,2;0;0;0.56;0;0
14,18|1,3;0;0;0;0;0.54
14,18|1,4;0;0.5;0;0;0
14,17|1,5;0;0;0;0.5;0
15,17|1,6;0;0;0;0.5;0
16,17|1,7;0;0;0.9036;0;0
15,17|1,8;0;0.8244001;0;0;0
15,16|1,9;0;0;0.7524;0;0
14,16|1,10;0;0;0;0.7524;0
15,16|1,11;0;0.38;0;0.42;0
15,15|0,11;0;0;0;0.7488;0
16,15|0,12;0;0;0;0;1.047888
16,15|0,13;0.36;0;0;0;0.6696
16,15|0,14;0;0;0;0;0.576
16,15|0,15;0;0;0.28;0;0
15,15|1,15;0;0;0.24;0;0
14,15|2,15;0;0;0;0.24;0
15,15|3,15;0.24;0;0;0.24;0
16,15|4,15;0;0;0;0.24;0
17,15|5,15;0.24;0.24;0;0;0
17,16|5,16;0;0;0;0.24;0
18,16|6,16;0;0;0;0;0.2596
17,16|9,16;0.16;0;0;0;0
17,17|10,16;0;0;0.12;0;0
16,17|11,16;0.12;0;0;0;0
16,18|12,16;0;0.08000001;0;0;0
16,17|13,16;0;0;0;0.08000001;0.081384
17,17|14,16;0;0;0;0.08000001;0
18,17|15,16;0;0;0;0;0.06
18,17|16,16;0.06;0;0;0;0
18,18|17,16;0.0636;0;0;0;0
18,18|17,18;0.02;0.02;0;0;0
11,17|9,0;0;0;0;0;0.36
11,17|9,1;0;0;0;0.36;0
12,17|10,1;0;0;0;0;0.34
12,17|11,1;0;0;0;0.34;0
13,17|12,1;0;0;0;0;0.32
13,17|13,1;0.36;0;0;0;0
13,18|14,1;0.4;0;0;0;0
13,19|15,1;0.38;0;0;0;0
13,19|15,2;0;0;0;0;0.36
13,19|15,3;0;0;0;0;0.34
13,19|15,4;0.374;0.6106795;0;0;0.32
13,19|15,5;0.8987952;0;0;0;0
13,19|15,6;0;0.3032;0;0.71864;0
14,19|15,7;0;0.2596;0.26;0.22;0
13,19|15,8;0;0.256;0;0;0
12,18|15,10;0;0.18;0;0;0.2324
12,17|15,12;0.16;0;0;0;0
12,18|15,13;0;0;0.2;0.16;0
13,18|16,13;0;0;0;0.16;0.2219295
14,18|17,13;0;0;0;0;0.1652
14,19|17,18;0;0;0.08000001;0.04;0
15,19|17,19;0.02;0;0.04;0;0
15,19|16,19;0;0.02;0;0;0
15,18|15,19;-20;0;0;0;0
17,6|14,0;0;0;0;0;0.16
17,6|15,0;0;0;0.12;0;0
16,6|15,1;0;0;0.08000001;0;0
15,6|15,2;0;0.04;0;0;0
15,5|15,3;0;-20;0;0;0
15,4|15,4;0;0;0;0;0
17,15|8,8;0;0;0;0.32;0
18,15|8,9;0;0;0.28;0;0
17,15|8,10;0.28;0;0;0;0
17,16|8,11;0.28;0;0;0;0
17,17|9,11;0;0;0;0.28;0
18,17|9,12;0;0;0;0;0.26
18,17|10,12;0;0;0.2524;0.26;0
19,17|11,12;0;0.22;0;0;0
19,16|12,12;0;0.18;0;0;0
19,15|12,13;0;0;0;0;0.1816
19,15|14,13;0.2772;0;0;0;0
19,16|15,13;0.2772;0;0;0;0
19,17|16,13;0.14;0;0;0.138;0
19,18|17,13;0;0.118;0.1;0.12;0
18,18|17,14;0;0.06;0;0.1144;0.0944
18,17|18,14;0;0;0.0708;0;0
17,19|17,17;0.0646112;-20;0;0.1061824;0
17,18|17,18;0;0;0;0;0
16,6|15,6;0;0;-20;0;0
11,16|7,18;0.08000001;0;0;0;0
11,17|8,18;0.04;0;0;0;0
11,18|9,18;0;0.04;0;0;0
11,17|9,17;0;0;0;0.04;0
12,17|10,17;0;0;0;0;0.027128
8,6|2,19;0;0;0.34;0;0
7,6|2,18;0;0;0;0.34;0
8,6|2,17;0.32;0.34;0;0;0
8,5|2,16;0;0;0;0;0.32
8,5|2,15;0.28;0;0;0;0
8,6|2,14;0;0;0;0.28;0
9,6|2,13;0;0;0;0.32;0
10,6|1,13;0.34;0;0;0;0
10,6|0,13;0.32;0;0;0;0
10,6|0,12;0.3;0;0;0;0
10,6|0,11;0;0;0;0;0.28
10,6|1,11;0;0.3304;0;0;0
10,6|1,8;0.2;0;0;0;0
10,6|1,7;0;0.2;0;0;0
10,5|2,7;0;0;0;0;0.18
10,5|2,6;0;0.16;0;0;0
10,5|3,6;0;0;0.12;0;0
9,5|4,6;0;0.1;0;0;0
9,5|5,6;0;0;0;0.1;0
10,5|6,6;0;0;0;0;0.08720001
10,5|7,5;0.0636;0;0;0;0.04
10,5|8,5;0;0.036;-20;0;0
10,5|9,5;0;-20;-20;0;0
10,5|10,5;0;0;0;0;0
17,16|11,13;0;0.14;0;0;0
17,15|12,13;0.14;0;0;0;0
17,16|13,13;0;0;0;0.14;0
18,16|14,13;0.14;0;0;0;0
18,17|15,13;0;0;0.1;0;0
17,17|16,13;0.118;0;0;0;0
17,18|17,14;0;0.0472;0;0;0.080088
19,18|19,18;0;0;0;0;0
0,12|8,4;0;0;0;0;0.3
0,12|7,4;0;0;0.28;0;0
0,12|7,5;0.28;0;0;0;0
0,13|6,5;0;0;0;0;0.26
0,13|5,5;0;0;0;0.22;0
1,13|4,5;0.2596;0;0;0.18;0
1,15|4,7;0;0;0.22;0;0
0,15|3,7;0.22;0;0;0;0
0,16|2,7;0.22;0;0;0;0
0,17|1,7;0;0;0.2;0;0
0,17|1,8;0.2;0;0;0;0
0,18|1,9;0.2;0;0;0;0
0,19|1,10;0.18;0;0.18;0;0
0,19|0,10;0;0;0.16;0;0
0,19|0,11;0;0.12;0.14;0;0
0,18|0,12;0.12;0;0;0;0
0,19|0,13;0;0;0;0;0.1944
0,19|0,14;0;0;0.0908;0;0.08000001
0,19|0,15;0.1116;0;0;0;0
0,19|0,16;0.04;0.04248;0;0;0
18,4|12,9;0;0.22;0;0;0
18,3|12,8;0;0;0;0.22;0
19,3|12,7;0;0;0;0.2;0
19,3|12,6;0;0;0.16;0;0
18,3|12,5;0;0;0;0;0.18
18,3|11,5;0.3636;0;0;0;0
18,4|10,5;0;0;0.18;0.22;0
19,4|9,5;0;0;0;0.24;0
19,4|8,5;0;0;0;0.22;0
19,4|8,4;0;0;0.22;0;0
18,4|8,3;0;0;0.18;0;0
17,4|9,3;0;0.14;0;0;0
17,3|10,3;0.14;0;0;0;0
17,4|11,3;0;0.1;0;0;0
17,3|12,3;0.1;0;0;0.1;0
17,4|13,3;0;0;0;0.14;0
18,4|13,2;0;0;0.14;0;0
17,4|13,1;0.14;0;0;0;0
17,5|14,1;0;0;0;0.14;0
18,5|15,1;0;0.1144;0;0.14;0
19,4|16,2;0;0;0;0;0.0944
18,4|18,2;0.04;0;0;0;0
18,5|18,3;0.04;0;0;0;0
18,6|18,4;0.04;-20;0;0;0
18,7|18,5;0;0;0;0.04;0
19,7|18,6;0;0;-20;0;0.02
19,7|19,6;0;0;0.02;0;0
17,7|17,6;0.02;0;0.02;0;0
17,8|17,7;0;0;0;0;-20
8,17|2,5;0;0;0.32;0;0
7,17|2,6;0;0.28;0;0;0
7,16|2,7;0;0;0;0.28;0
8,16|2,8;0;0.24;0;0;0
8,15|2,9;0;0;0.2;0;0
7,15|2,10;0.2;0;0;0;0
7,16|2,11;0.24;0;0;0.24;0
8,16|1,11;0.28;0.4752;0;0;0.26
8,17|0,11;0;0;0.24;0;0
7,17|0,12;0;0;0;0.24;0.22
8,17|0,13;0;0;0.2;0;0
7,17|0,14;0;0;0;0.2;0
8,17|1,14;0;0;0;0.2;0
9,17|2,14;0;0;0;0.2;0
10,17|3,14;0.2;0;0;0;0
10,18|3,15;0.2;0;0;0;0
10,19|4,15;0;0;0.16;0;0.18
10,19|4,16;0.16;0;0;0;0
10,19|5,16;0;0.12;0;0;0
10,18|6,16;0.12;0;0;0;0
10,19|7,16;0;0;0.08000001;0;0
9,19|7,17;0.06720001;0;0;0;0.06
9,19|7,18;0;0;0;0.06;0.0436
17,8|17,18;0;0;0;0.2;0
18,8|17,17;0.16;0;0;0;0
18,9|17,16;0;0;0.1344;0;0
17,8|17,14;0;0;0;0;0.1
17,8|17,13;0;0;0.1;0.1;0
16,8|17,12;0;0;0;0;0.08000001
16,8|17,11;0.04;0.08000001;0;0;0
16,9|17,10;-20;0;0;0;0
10,16|5,1;0;0;0;0.4;0
11,16|5,2;0;0;0;0;0.38
11,16|5,3;0;0;0;0;0.36
11,16|5,4;0;0.32;0;0;0
11,15|5,5;0;0.3504;0;0;0
12,15|5,8;0;0.26;0;0;0
12,15|5,9;0;0;0.22;0;0
11,15|5,10;0.22;0;0;0;0
11,16|5,11;0.26;0;0;0;0
11,17|4,11;0;0;0;0.3612;0
11,17|2,11;0;0.3;0;0;0
11,16|1,11;0;0;0.3;0;0
10,16|0,11;0.3;0;0;0;0
10,17|0,12;0;0.26;0.26;0;0
9,17|0,13;0;0;0;0.26;0
10,17|1,13;0;0;0;0;0.6576
10,17|2,13;0;0.2;0;0.24;0.22
10,16|3,13;0;0;0.16;0;0
9,16|4,13;0.16;0;0;0;0
9,17|5,13;0.16;0.12;0;0;0.14
9,18|5,14;0;0;0;0.16;0
10,18|5,15;0;0;0.240192;0;0
9,18|6,15;0.1344;0.08000001;0;0;0
8,19|6,17;0;0;0;0;0.06
8,19|7,17;0;0;0;0;0.04
8,19|7,18;0.02;0;0;0;0
18,3|2,18;0.58;0;0;0;0
18,4|3,18;0;0;0.54;0;0
17,4|4,18;0;0.54;0;0;0
17,3|5,18;0.5;0;0;0;0
17,4|5,17;0;0;0.46;0;0
16,4|5,16;0;0.46;0;0;0
16,3|5,15;0;0;0.42;0;0
15,3|5,14;0;0;0.4;0;0
15,3|5,13;0;0.4;0;0;0
15,2|6,13;0;0;0;0;0.38
15,2|7,13;0.34;0;0;0;0
15,3|8,13;0;0;0;0.34;0
16,3|9,13;0;0.34;0;0;0
16,2|10,13;0;0;0;0;0.32
16,2|11,13;0.28;0;0;0;0
16,3|12,13;0;0;0;0;0.26
16,3|13,13;0.22;0;0;0;0
16,4|14,13;0.18;0;0;0;0
16,5|15,13;0.14;0;0;0;0
16,6|15,12;0.1;0;0;0;0
16,7|15,11;0.06;0;0;0;0
16,8|16,11;0;0;0.06;0;0
15,8|16,10;0;0;0;0.02;0
16,8|16,9;-20;0;0;0;0
16,9|16,9;0;0;0;0;0
18,10|17,13;0;0;0;0;0.06
18,10|17,12;0;0;0;0.06;0
19,10|17,11;0;0.06;0;0;0
19,9|18,11;0;0;0.02;0;0
18,9|18,10;0;0;0;0;-20
8,0|6,5;0;0;0;0.14;0
9,0|6,4;0;0;0.1;0;0
8,0|7,4;0.06;0;0;0;0
8,1|7,3;0;0;0;0.06720001;0
9,2|8,2;0;0;-20;0;0
8,2|8,2;0;0;0;0;0
18,14|13,11;0;0.12;0;0;0
18,13|13,12;0;0.12;0;0;0
18,12|13,13;0;0;0.08000001;0.12;0.1
17,12|14,13;0.1019856;0;0;0;0
17,13|15,13;0;0;-36;0;0.02436464
13,6|5,9;0;0;0;0;0.2
13,6|5,8;0.16;0;0;0;0
13,7|5,7;0;0;0;0;0.18
13,7|5,6;0;0;0.158;0;0
13,7|7,6;0.281088;0;0;0;0
13,8|8,6;0.1616;0.1195322;0;0;0
3,8|14,1;0;0;0;0;0.6696
3,8|13,1;0;0;0;0;0.576
3,8|13,2;0.32;0;0;0;0
3,9|12,2;0;0.28;0.32;0;0
2,9|11,2;0.32;0;0;0;0
2,10|11,3;0.374;0;0;0;0.3
2,10|10,3;0;0;0.3;0;0
1,10|9,3;0;0.26;0;0;0
1,9|8,3;0.26;0;0;0;0
1,10|7,3;0;0;0.50544;0;0
0,9|6,4;0;0;0.2;0;0
0,9|5,4;0.36;0;0;0;0
0,10|5,5;0.236;0;0.18;0.31104;0
2,10|4,6;0.12;0;0;0;0
2,11|4,7;0.1;0;0;0;0
2,11|4,8;0.0908;0;0;0;0
2,10|3,9;0;0;0;-20;0.02
6,6|14,18;0;0;0;0.36;0
7,6|14,17;0;0;0;0.32;0
8,6|14,16;0;0.32;0;0;0
8,5|13,16;0;0;0;0;0.3
8,5|12,16;0.26;0;0;0;0
8,6|12,15;0;0.26;0;0;0
8,5|11,15;0;0;0;0.22;0
9,5|10,15;0.18;0;0;0;0
9,6|9,15;0;0.22;0;0;0
9,5|8,15;0.22;0;0;0;0
9,6|7,15;0;0.26;0;0;0
9,5|6,15;0;0.28;0;0;0
9,5|5,15;0;0;0;0;0.26
9,5|5,14;0.29128;0;0;0;0.24
9,5|5,13;0;0.22;0.2;0;0
8,5|6,13;0;0;0;0;0.18
8,5|7,13;0;0.2052;0;0;0
7,4|7,11;0;0;0.14;0;0
6,4|7,10;0;0;0;0.1108;0
6,4|7,8;0;0;0;0;0.12
6,4|8,8;0.12;0;0;0;0
6,5|9,8;0;0;0;0;0.14
6,5|10,8;0;0;0;0;0.16
6,5|11,8;0.16;0;0;0;0
6,6|12,8;0;0;0;0.12;0
7,6|12,7;0;0.12;0;0;0
7,5|12,6;0.08000001;0;0;0;0
7,6|11,6;0;0;0;0;0.06
7,6|10,6;0.04;0;0;0.02;0
7,6|9,6;0;0;0;-20;0
16,16|7,0;0.5;0;0;0;0
16,17|8,0;0;0;0.46;0;0
15,17|9,0;0;0.42;0;0;0
15,16|10,0;0;0.38;0;0;0
15,15|11,0;0;0.36;0;0;0
15,15|12,0;0;0;0;0;0.34
15,15|13,0;0;0;0;0;0.32
15,15|13,1;0.6264;0;0;0;0
15,16|14,1;0;0.28;0;0.3776;0
15,15|15,1;0;0;0;0;0.26
15,15|15,2;0.26;0;0;0;0
15,16|15,3;0.3068;0;0;0;0
15,16|15,5;0;0.18;0;0;0
15,15|15,6;0;0;0.2124;0;0
14,15|15,8;0;0;0;0;0.1616
14,16|15,11;0;0.0908;0;0;0
13,15|15,13;0.12;0;0;0;0
13,16|16,13;0;0;0;0.1416;0
14,16|17,14;0.118;0;0;0;0
14,16|16,15;0;0.02;0.06;0;0.0472
14,15|15,15;0;0;0;0;-20
12,7|18,2;0;0;0;0;0.2
12,7|17,2;0;0;0;0;0.18
12,7|16,2;0;0;0;0.14;0
13,7|15,2;0;0;0.18;0;0
12,7|15,1;0;0.158;0;0;0
12,7|13,1;0.14;0;0;0;0
12,8|13,2;0;0;0;0;0.12
12,8|13,3;0.12;0;0;0;0
12,9|12,3;0.2772;0;0;0;0
12,9|11,3;0;0;0.2808;0;0
11,9|10,3;0.3168;0;0;0;0
11,9|9,3;0.18;0;0.16;0;0
10,9|8,3;0;0;0;0;0.14
10,9|8,4;0;0;0.1;0;0
9,9|8,5;0.08000001;0;0;0;0
9,9|8,6;0.06;0;0;0;0
9,9|9,6;0;0;0;0;0.162
9,9|10,6;0;0;0.12;0;0.1
9,9|11,6;0;0;0;0.1;0
10,9|12,6;0;0;0;0;0.08000001
10,9|12,7;0;0;0;0.0436;0
8,15|1,9;0;0;0;0;0.24
8,15|1,10;0.2904;0;0;0;0
8,15|0,11;0.24;0;0;0.24;0
8,16|0,12;0;0.2324;0;0;0
8,15|1,13;0;0;0.14;0;0
7,15|1,14;0;0.12;0;0.14;0
8,15|1,15;0.14;0;0;0;0
8,16|2,15;0.14;0;0;0;0
8,17|2,16;0;0.1;0;0;0
8,16|3,16;0;0.1;0;0;0
8,15|4,16;0.06;0;0;0;0
8,16|5,16;0.06;0.06;0;0;0
8,15|6,16;0;0.04;0;0;0
8,15|6,15;0;0.02;0;0;0
4,0|12,3;0;0;0;0.18;0
5,0|11,3;0.14;0;0;0;0
5,1|11,2;0.1;0;0;0;0
5,2|10,2;0.1;0;0;0;0
5,3|9,2;0;0;0;0;0.08000001
5,3|8,2;0.08000001;0;0;0;0
5,4|8,3;0.08000001;0;0;0;0
5,5|8,4;0.08000001;0;0;0;0.06
5,5|7,4;0;0.02;0;0;0
5,4|6,4;0;0;0.02;-20;0
6,4|6,4;0;0;0;0;0
1,14|16,16;0;0.34;0;0;0
1,13|15,16;0;0.32;0;0;0
1,13|14,16;0;0.3;0;0;0
1,13|13,16;0;0;0;0.26;0
2,13|12,16;0.22;0;0;0;0
2,14|11,16;0;0;0.22;0;0
1,14|10,16;0.2088;0;0;0;0
2,17|5,16;0.08000001;0;0;0;0
2,18|5,17;0.08000001;0;0;0;0
2,19|4,17;0;0;0;0.04;0
8,2|6,13;0;0;0.22;0;0
7,2|7,13;0;0;0;0;0.2
7,2|7,12;0.16;0;0;0;0
7,3|7,11;0;0;0.16;0;0
6,3|7,10;0;0;0.16;0;0
5,3|7,9;0;0;0.16;0;0
4,3|7,8;0.16;0;0;0;0
4,4|8,8;0;0;0;0;0.18
4,4|9,8;0.18;0;0;0;0
4,5|10,8;0;0;0;0.18;0
5,5|11,8;0.18;0;0.22;0;0
4,5|12,8;0;0;0;0;0.2
4,5|12,7;0;0;0.2;0;0
3,5|12,6;0.16;0;0;0;0
3,6|11,6;0;0;0;0;0.14
3,6|10,6;0;0.14;0;0;0
3,5|9,6;0;0;0.14;0;0
2,5|8,6;0;0;0;0.1;0
3,5|7,6;0;0.1;0;0;0
3,4|7,5;0.06;0;0;0;0
3,5|6,5;0;0;0;0.02;0
4,5|5,5;0;0;0.0564464;0;-20
3,14|16,6;0.42;0;0;0;0
3,15|16,7;0.42;0;0;0;0
3,16|16,8;0.42;0;0;0;0
3,17|16,9;0;0.38;0;0;0
3,16|16,10;0;0;0.38;0;0
2,16|16,11;0;0;0.38;0;0
1,16|15,11;0.38;0;0;0;0
1,17|15,12;0.38;0;0;0;0.36
1,17|15,13;0.36;0;0;0;0
1,18|14,13;0;0;0;0;0.34
1,18|13,13;0.34;0;0;0;0
1,19|12,13;0.378176;0;0;0;0.32
1,19|11,13;0;0;0;0.3232;0.3504
2,19|9,13;0.24;0.22;0.26;0;0
2,19|8,13;0.22;0.2;0;0;0
2,19|7,13;0;0;0.22;0.2052;0
1,19|6,13;0;0.3564;0;0;0
1,18|5,13;0.3564;0;0;0;0
1,19|5,14;0;0;0.18;0.14;0
0,19|5,15;0;0.14;0;0;0
0,18|4,15;0;0;0.25128;0.1;0
0,19|4,17;0.1144;0;0;0;0
0,19|1,17;0;0;0;0.02648;0.04
0,19|1,18;0;-20;0;0;0
19,7|15,0;0;0;0;0;0.2
19,7|15,1;0.2324;0;0;0.18;0
19,7|16,1;0;0.1616;0;0;0
19,6|17,2;0.140592;0;0.08000001;0;0
18,6|17,3;0.08000001;0;0;0;0
18,7|17,4;0.08000001;0;0;0;0.06
18,8|17,5;0.08000001;0;0;0;0
18,9|17,6;0;0;0.04;0;0
17,9|17,7;0;0;0;0.04;0
18,9|17,8;0.04;0;0;0;0
18,10|17,9;0;0;0;0.04;0
19,10|17,10;0.04;0.083664;0;0;0
19,11|17,11;0.1043968;0.04;0;0;0
19,12|17,12;0.0472;0.0472;0;0.02;0.0236
19,10|18,11;0;0.0436;0;0;0
19,9|19,10;0;0;0;-20;0
12,15|0,10;0;0;0;0;0.32
12,15|0,11;0;0.3;0;0;0.3504
12,15|0,12;0;0.5544;0.26;0;0
11,15|0,13;0.2996;0;0;0;0
12,16|1,14;0;0;0.22;0;0
11,16|2,14;0;0;0;0.22;0
12,16|2,15;0.22;0;0;0;0
12,17|3,15;0.22;0;0;0;0
12,18|4,15;0;0.18;0;0;0
12,17|5,15;0;0.14;0;0.18;0
12,16|6,15;0.252;0;0;0;0
12,17|6,16;0.1652;0;0;0;0
12,18|8,16;0;0;0;0;0.1
12,18|8,17;0;0;0;0.198;0
13,18|8,18;0;0;0.06;0;0
12,18|9,18;0.06;0;0;0;0
12,19|9,19;0;0;0;0.06;0.047848
13,19|10,19;0;0;0;0.06;0.04
13,19|11,19;0.058808;0;0;0;0
13,19|12,19;-20;0;-20;0.0396;0
14,19|13,19;-20;0.02;-20;0;0
14,18|13,18;0;0;-20;0;0
11,11|12,17;0;0;0;0.1;0
12,11|12,16;0.06;0;0;0;0
12,12|12,15;0;0;0;0;0.08000001
12,12|13,15;0.08000001;0;0;0;0
12,13|14,15;0.1;0;0;0;0
12,13|15,15;0.12;0;0;0;0
12,13|16,15;0;0.16;0;0;0
12,12|17,15;0;0;0;0;0.14
12,12|17,14;0.1;0;0;0;0
12,13|17,13;0;0;0;0.06;0
13,13|16,13;0.04;0;0;0;0
13,13|15,13;0.02;0;0;0;0
8,17|18,1;0;0;0;0;0.5
8,17|18,2;0;0;0;0;0.48
8,17|18,3;0;0.44;0;0;0
8,16|17,3;0;0;0.44;0;0
7,16|17,4;0.44;0;0;0;0
7,17|17,5;0;0;0;0.4;0
8,17|17,6;0;0;0;0;0.38
8,17|17,7;0.38;0;0;0;0.36
8,17|17,8;0;0;0;0.32;0
9,17|17,9;0;0;0.32;0;0
8,17|17,10;0;0;0;0.5508;0
9,17|17,11;0;0;0;0;0.5112
9,17|17,12;0;0.22;0.26;0;0.24
9,17|17,13;0;0.2;0;0;0
9,16|17,14;0.3888;0;0;0;0
9,17|17,15;0;0.16;0;0.16;0
9,16|16,15;0;0.12;0;0;0
9,15|15,15;0;0.1;0;0;0
9,15|14,15;0.198;0;0;0;0
9,16|13,15;0;0.06;0.1;0;0
8,16|12,15;0.1;0;0;0;0
8,17|12,16;0;0;0;0.06;0
9,17|11,16;0;0.02436464;0;0;0
8,16|9,16;0.02;0;0;0;0
8,17|8,16;0;-20;0;0;0
8,16|8,16;0;0;0;0;0
7,0|11,5;0;0;0;0;0.16
7,0|10,5;0;0.2772;0;0;0
7,0|9,5;0.1;0;0.14;0;0
6,0|8,5;0;0;0.14;0;0
5,0|8,4;0;0;0;0;0.12
5,0|7,4;0.08000001;0;0;0;0
5,1|6,4;0.04;0;0;0;0
5,2|6,3;0;0.072;0;0;0
5,1|5,3;-36;0.0854784;0;0;0
4,11|4,18;0;0.14;0;0;0
4,10|4,17;0;0;0.14;0.14;0
3,10|4,16;0;0.14;0;0;0
3,9|4,15;0;0;0;0;0.12
3,9|3,15;0.08000001;0;0;0;0
3,10|3,14;0;0;0.08000001;0;0
2,10|3,13;0.04;0;0;0;0
2,11|2,13;0;0.08000001;0;0;0.06
2,11|1,13;0;0;0;0;0.08000001
2,11|0,13;0.06;0;0;0;0
2,11|0,12;0;0.06;0;0;0
2,10|0,11;0;0;0;0;0.04
2,10|1,11;-20;0.04;0;0.04;0
2,9|1,10;-20;0.0472;0;0;0.02648
3,8|2,9;0;0;-20;0;0
13,11|3,9;0.24;0;0;0;0
13,12|3,10;0;0.2;0;0;0
13,11|3,11;0;0;0;0;0.22
13,11|2,11;0;0;0;0.24;0
13,11|1,11;0.28;0;0;0;0
13,12|0,11;0.28;0;0;0.26;0
13,13|0,12;0;0.28;0;0;0
13,12|0,13;0.24;0;0;0;0
13,13|1,13;0;0.24;0;0;0
13,12|2,13;0.2;0;0;0;0
13,13|3,13;0;0.2;0.16;0;0
13,12|4,13;0;0;0;0;0.18
13,12|5,13;0;0;0;0;0.16
13,12|6,13;0.12;0;0;0;0
13,13|7,13;0;0.12;0;0;0
13,12|7,12;0.12;0;0;0;0
13,13|8,12;0.1;0;0;0;0
13,13|8,13;0.08000001;0;0;0;0
13,13|9,13;0;0.08000001;0.072;0;0
12,13|10,13;0;0;-20;0.07560001;0
19,12|0,9;0;0;0;0;0.42
19,12|0,10;0.42;0;0;0;0
19,13|0,11;0.42;0;0;0;0
19,14|0,12;0;0.4484;0;0;0
19,15|1,14;0;0;0;0.36;0
19,15|2,14;0;0.32;0;0;0
19,14|3,14;0.32;0;0;0;0
19,15|4,14;0.32;0;0;0;0
19,16|4,15;0;0.28;0;0;0
19,15|5,15;0;0;0;0.3068;0
19,16|7,15;0;0.22;0;0;0
19,15|8,15;0.22;0;0;0;0
19,16|9,15;0.22;0;0;0;0
19,17|10,15;0.22;0;0;0;0
19,18|10,16;0;0;0;0.2;0
19,18|11,16;0.2288;0;0;0;0
19,19|12,17;0;0.14;0;0.1816;0
19,18|13,17;0.14;0;0;0;0
19,19|14,17;0.12;0;0;0;0
19,19|15,17;0;0;0;0;0.1
19,19|15,18;0;0;0.07296;0;0.0908
16,19|16,13;0;0;0.3096;0;0.1652
15,19|17,13;0.29088;0.12;0.16;0.12;0
16,19|17,14;0.1;0.08000001;0.138;0.0944;0.1132872
18,19|17,16;0;0.072;0.047848;0;0.1682031
16,19|6,13;0;0;0;0.32;0
17,19|7,13;0;0;0.28;0;0
16,19|8,13;0;0;0;0.28;0
17,19|9,13;0.26;0;0;0;0
17,19|10,13;0.24;0;0;0;0
17,19|11,13;0.22;0;0;0;0
17,19|12,13;0.2;0;0.18;0;0
17,19|13,13;0.3528;0;0;0.2;0
17,19|14,13;0.3132;0;0;0;0
17,19|15,13;0.14;0;0;0.16;0
17,19|16,13;0;0.118;0;0.14;0
18,19|17,13;0;0;0.20952;0;0
18,19|17,15;0;0;0.07381796;0;0.1732979
17,17|10,9;0;0;0.3;0;0
16,17|9,9;0;0;0.3;0;0
15,17|8,9;0;0;0.26;0;0
14,17|8,10;0;0;0;0.26;0
15,17|8,11;0;0;0.22;0;0
14,17|8,12;0;0;0;0.22;0
15,17|9,12;0;0;0;0.22;0
16,17|10,12;0;0;0;0.22;0
17,17|11,12;0.22;0.18;0;0;0
17,16|12,12;0;0;0.14;0;0
16,16|12,13;0;0;0;0;0.12
16,16|13,13;0.12;0;0;0;0
16,17|14,13;0.12;0;0;0;0
16,18|15,13;0;0;0.12;0.12;0
17,18|16,13;0;0.08000001;0.12;0;0
17,17|17,13;0;0;0.0908;0;0
17,17|17,16;0.0276464;0;0;0.02;0
18,17|17,17;0.0236;0;0;0;0
2,3|11,15;0;0;0;0;0.4
2,3|10,15;0.36;0;0;0;0
2,4|9,15;0;0.36;0.36;0;0
1,4|8,15;0;0;0;0;0.34
1,4|7,15;0;0;0;0.3;0
2,4|6,15;0;0.3;0;0;0
2,3|5,15;0;0;0.3;0;0
1,3|4,15;0;0;0;0.26;0
2,3|3,15;0;0;0;0.22;0
3,3|3,14;0;0;0;0.22;0
4,3|3,13;0;0;0.2668;0;0
3,3|1,13;0;0;0;0;0.26
3,3|0,13;0.4284;0;0;0;0
3,4|0,12;0.3492;0;0.18;0;0
3,5|0,11;0.14;0;0.14;0;0
3,6|0,10;0.1;0;0;0;0
3,7|0,9;0.06;0;0;0;0
3,8|1,9;0;0;0.02;0;0
2,8|1,8;0.0236;0;0;0;0
2,9|2,9;0;0;0;0;0
7,10|9,19;0;0;0;0.18;0
8,10|9,18;0.14;0;0;0;0
8,11|8,18;0;0.14;0;0;0
8,10|8,17;0;0;0;0;0.12
8,10|8,16;0;0;0;0.1;0
8,10|8,15;0;0;0;0;0.12
8,10|7,15;0.12;0;0;0;0
8,11|6,15;0.12;0;0;0.16;0
9,11|5,15;0;0;0;0.16;0
10,11|5,14;0.1492896;0;0;0;0
9,12|7,12;0.04;0;0;0;0
9,13|7,13;0.02;0.04;0;0;0
9,13|8,13;0;0;-20;0;-20
9,13|9,13;0;0;0;0;0
11,0|7,3;0;0;0;0;0.12
11,0|8,3;0.08000001;0.1;0;0;0
11,1|9,3;0.04;0;0;0;0
16,11|8,18;0;0.3;0;0;0
16,10|9,18;0;0;0;0;0.28
16,10|10,18;0.24;0;0;0;0
16,11|10,17;0;0;0;0.24;0
17,11|11,17;0.2;0;0;0;0
17,12|12,17;0;0;0.16;0;0
16,12|12,16;0;0;0;0.16;0
17,12|12,15;0;0.16;0;0;0
17,11|13,15;0.12;0;0;0;0
17,12|14,15;0.08000001;0;0;0;0.1
17,13|15,15;0;0;0.04;0;0
16,13|16,15;0.06;0;0;0;0
16,13|17,15;0.0472;0;0.06;0;0
15,13|17,14;0;0;0;0;0.0472
15,13|15,13;0;0;0;0;0
19,12|9,12;0;0;0;0;0.18
19,12|10,12;0.2124;0;0;0;0
18,13|12,12;0;0;0;0.14;0
19,13|13,12;0;0.189248;0;0;0.12
19,13|13,13;0;0;0.08000001;0;0
18,13|14,13;0;0;0;0.16704;0
19,14|16,13;0;0;0;0;0.06
19,14|17,13;0;0.0236;0;0;0
19,12|18,12;0.02;0.04248;0;-20;0
19,12|19,12;0;0;0;0;0
15,7|18,19;0;0;0;0;0.28
15,7|17,19;0;0;0;0.24;0
16,7|17,18;0;0;0;0;0.22
16,7|17,17;0.18;0;0;0;0
16,8|17,16;0;0.18;0;0;0
16,7|17,15;0.14;0;0;0;0
16,8|17,14;0;0;0.1616;0.118;0
18,8|18,13;0;0;0;0.1;0
19,8|18,12;0.06;0;0;0;0
19,9|19,12;0.02;0;0;0;0
19,10|19,11;-20;0;0.0236;0;0
19,11|19,11;0;0;0;0;0
5,15|15,13;0.24;0;0;0;0.22
5,16|14,13;0;0;0.24;0;0
4,16|13,13;0.24;0;0;0;0
4,17|12,13;0.24;0;0;0;0
4,18|11,13;0.24;0;0;0;0
4,19|10,13;0;0.270632;0;0.2;0
5,19|9,13;0.3492;0;0;0;0
5,19|8,13;0.189088;0;0;0.14;0
6,19|7,13;0;0;0.3026862;0;0
5,19|5,13;0.1;0;0;0;0
5,19|5,14;0;0.12744;0;0;0
4,16|4,17;0;0;0;0.02;0
5,16|5,17;0;0;0;0.02;0
6,16|6,17;-20;0;0;0.02;0
7,1|2,6;0;0.2;0;0;0
7,0|3,6;0;0.18;0;0;0
7,0|4,6;0;0;0;0.18;0
8,0|4,5;0.14;0;0;0;0
8,1|5,5;0;0.14;0;0;0.12
8,0|5,4;0.1;0;0;0;0
8,1|5,3;0;0.1;0;0;0
8,0|6,3;0;0.08000001;0;0;0
8,0|7,3;0;0;0;0;0.0708
9,0|8,2;0;0;0;0.06;0
10,0|8,1;0.02;0;0;0;0
10,1|9,1;0.02;0;0;0;0
10,2|10,1;0;-20;0;0;0
10,1|10,1;0;0;0;0;0
3,8|12,2;0.3;0.26;0;0;0
3,9|11,2;0.3;0;0;0;0
3,10|10,2;0.3;0;0;0.26;0
3,11|9,2;0;0.26;0;0;0
3,10|8,2;0.26;0;0;0;0
3,11|7,2;0;0;0;0.22;0
4,11|7,3;0;0;0.22;0;0
3,11|7,4;0.2;0;0;0;0
3,11|6,4;0.18;0;0;0;0
3,11|5,4;0;0;0;0.14;0
4,11|5,5;0;0.1;0;0;0
4,10|5,6;0;0;0.1;0;0.2377989
3,10|5,9;0;0;0;0.02;0
4,10|4,9;0;0;0;0;-20
4,10|4,10;0;0;0;0;0
3,17|15,16;0.26;0;0;0;0
3,18|15,17;0;0;0.26;0;0
2,18|14,17;0;0;0;0;0.24
2,18|13,17;0;0;0;0.2;0
3,18|12,17;0;0;0;0.16;0
4,18|11,17;0;0;0;0.12;0
5,18|10,17;0.12;0;0;0;0
5,19|10,18;0;0;0;0;0.1
5,19|9,18;0;0;0;0.06720001;0
6,19|8,19;0.036;0;0;0;0
6,19|7,19;0;0.02815868;0;-20;0
7,10|2,19;0.24;0;0;0;0
7,11|3,19;0;0;0;0.24;0
8,11|4,19;0.2;0;0;0;0
8,12|5,19;0;0;0.16;0;0
7,12|5,18;0;0;0;0;0.14
7,12|5,17;0;0;0.12;0;0
7,12|5,16;0;0;0.1;0;0
7,12|5,15;0.06;0;0;0;0
7,13|5,14;0;0;0.02;0;0
5,3|5,5;0;0;0;0.04;0
6,3|5,4;-20;0;0;0;0
8,19|8,18;-20;-36;0;0;-20
6,16|2,8;0;0;0.2;0;0
5,16|2,9;0.2;0;0;0;0
5,17|2,10;0;0.16;0;0;0
5,16|2,11;0.2432;0;0;0.2;0
6,16|1,11;0;0;0;0.24;0
7,16|0,11;0.2832;0.2;0;0;0
7,17|0,13;0;0.18;0;0;0
7,16|0,14;0.18;0.1652;0;0;0
7,15|2,14;0;0;0;0.12;0
8,15|3,14;0;0;0;0.1416;0
9,15|4,15;0.1;0;0;0;0
9,16|4,16;0.1;0;0;0;0
9,17|4,17;0.1;0;0;0;0
9,18|4,18;0;0;0;0;0.08000001
9,18|5,18;0;0;0;0.08000001;0.06
9,18|6,18;0.067848;0.06;0;0;0
10,19|8,18;0.04;0;0;0;0
10,19|8,19;0;0;-20;0.04;0
11,19|9,19;0.02;0;0;0;0
11,19|10,19;-20;0;0;0.02;0
12,19|11,19;0;0;-20;0;0
4,4|11,2;0;0;0;0.14;0
5,4|10,2;0;0;0;0.1;0
6,4|10,3;0;0.16584;0;0;0
6,3|9,3;0.06;0;0.1152;0;0
6,4|8,3;0;0;0;0.02;0
7,4|7,3;0;-20;0.02;0;0
6,4|7,4;0;0.02;0;0;0
6,3|7,3;0;0;0.02;0;-20
6,3|6,3;0;0;0;0;0
4,13|3,18;0;0.1;0;0;0
4,13|3,17;0;0.08000001;0;0;0
4,13|4,17;0.04;0;0;0;0
4,14|4,16;0;0.04;0;0;0
4,13|4,15;0;0;0;0.04;0
5,13|5,15;0;0;0.04;0;0
4,13|5,14;0;0;0;-20;0
0,15|18,2;0;0;0;0;0.6
0,15|18,3;0;0;0;0;0.58
0,15|18,4;0;0;0.56;0;0
0,15|18,5;0;0;0.54;0;0
0,15|18,6;0;0.5;0;0;0
0,14|18,7;0;0;0;0;0.48
0,14|18,8;0.48;0;0;0;0
0,15|18,9;0.48;0;0;0;0
0,16|18,10;0.48;0;0;0;0
0,17|17,10;0;0.44;0.46;0;0
0,17|16,10;0;0.42;0;0;0
0,16|16,11;0.42;0;0;0;0
0,17|15,11;0.8316001;0;0;0;0
0,18|15,12;0.42;0;0;0;0.4
0,19|15,13;0;0;0;0.38;0
1,19|14,13;0;0;0.38;0;0.36
0,19|13,13;0.36;0;0;0;0.4212
0,19|12,13;0.34;0.32;0;0;0
0,19|11,13;0;0;0;0.3;0
1,19|10,13;0.28;0;0;0;0.3304
1,19|9,13;0;0;0.5472;0.2796;0
0,19|8,13;0;0.314831;0;0.24;0
1,19|7,13;0;0.2288;0;0;0
1,16|4,13;0;0.08000001;0;0;0
1,15|3,13;0.08000001;0;0;0;0
1,16|3,14;0.08000001;0;0;0;0
1,17|3,15;0.08000001;0;0;0;0
1,18|2,15;0.08000001;0;0.0908;0;0
1,19|2,16;0;0;0;0;0.06
1,19|1,16;0;0;0;0.06720001;0.04
3,19|2,17;0.04;0.02;0;0;0
3,18|3,17;0.04036464;-20;0;0;0
3,19|3,18;-48.8;-20;0.024248;0.0236;0
7,11|3,0;0;0;0.28;0;0
7,11|3,1;0;0.24;0;0;0
7,10|3,2;0.24;0;0;0;0
7,11|3,3;0;0;0;0;0.22
7,11|3,4;0;0;0;0.22;0
8,11|4,4;0.22;0;0;0;0
8,12|5,4;0;0.18;0;0;0
8,11|6,4;0;0;0;0.18;0
9,11|6,5;0;0;0;0.18;0
10,11|7,5;0;0;0;0.18;0
11,11|8,5;0.18;0;0;0;0
11,12|8,6;0;0;0;0.18;0
12,12|9,6;0.18;0;0;0;0
12,13|10,6;0.16;0;0;0;0
12,13|11,6;0;0;0;0;0.14
12,13|12,6;0;0;0;0.14;0
13,13|12,7;0;0.1;0;0;0
13,12|12,8;0.1;0;0;0;0
13,13|12,9;0;0;0.1216;0;0
11,13|8,11;0;0;0;0.1108;0
12,13|9,12;0;0;0;0;0.06
12,13|10,12;0;0.0524;0;0;0
12,12|11,12;0;0.02;-20;0.02;0
11,12|11,12;0;0;0;0;0
0,8|0,12;0.04;0.0908;0;0;0
1,7|0,10;0;0;0.04;0;0
0,7|0,9;0;0;0.0236;0;0
0,7|0,7;0;0;0;0;0
5,18|11,15;0.18;0;0;0;0
5,19|11,16;0;0;0;0;0.16
5,19|11,17;0.14;0;0;0;0
5,19|11,18;0;0.1108;0;0;0
4,18|4,18;0;0;0;0;0
10,18|10,2;0.36;0;0;0;0
10,19|11,2;0;0;0.4;0;0
9,19|12,2;0;0;0;0.4;0
10,19|13,2;0.42;0;0;0;0
10,19|13,1;0;0;0;0.42;0
11,19|14,1;0;0;0;0.42;0
12,19|15,1;0;0;0;0;0.4
12,19|15,2;0.38;0;0;0;0
12,19|15,3;0;0;0;0.40732;0.36
12,19|15,4;0.34;0;0;0;0
12,19|15,5;0.32;0;0;0;0
12,19|15,6;0;0.28;0;0;0
12,18|15,7;0.28;0;0;0;0
12,19|15,8;0;0.24;0;0;0
12,18|15,9;0;0;0;0.236;0.261832
12,17|15,11;0.2052;0;0;0;0
11,18|15,13;0;0;0.22;0;0
10,18|16,13;0;0;0;0.22;0
11,18|17,13;0.22;0;0;0;0
11,19|17,14;0;0;0.22;0;0.2
11,19|17,15;0;0;0.2;0;0
10,19|16,15;0;0;0;0;0.18
10,19|15,15;0;0;0;0.14;0
11,19|14,15;0;0;0;0;0.12
11,19|13,15;0;0;0;0;0.1
11,19|12,15;0.08000001;0;0;0;0
11,19|11,15;0.06;0;0;0;0
11,19|11,16;0.04;0;0;0;0
11,19|11,17;0;-20;0;0;0
1,15|16,16;0;0;0;0.28;0
2,15|15,16;0.24;0;0;0;0
2,16|14,16;0;0;0;0.2;0
3,16|13,16;0;0;0;0;0.18
3,16|12,16;0;0;0;0;0.16
3,16|11,16;0;0;0;0.12;0
4,16|10,16;0.12;0;0;0;0
4,17|9,16;0.12;0;0;0;0
4,18|9,17;0;0.08000001;0;0;0
4,17|8,17;0;0;0;0;0.06
4,17|7,17;0.0708;0.064248;0;0;0
2,5|1,7;0.0236;0;0;0.1152;0
3,5|1,6;0;0;0;0;0.0792
3,5|2,6;0;0.04;-20;0;0
3,4|2,5;0;0;-20;0.04;0
2,4|2,4;0;0;0;0;0
5,11|1,18;0;0;0.18;0;0
4,11|1,17;0;0;0;0;0.16
4,11|1,16;0;0.16;0;0;0
4,10|1,15;0.12;0;0;0;0
4,11|1,14;0;0;0;0;0.1
4,11|1,13;0.138;0.14;0;0;0.12
4,10|0,13;0;0;0;0;0.2404253
4,10|0,12;0;0.1344;0.1584;0.135696;0
3,10|0,11;0;0;0.091368;0.08000001;0
4,10|1,11;0.04;0;0.07560001;0;0
4,11|2,11;0;0.04;0;0;0
4,10|3,11;0;0.04;0;0.04;0
5,10|4,11;0;0;-20;0;0
17,16|13,2;0;0;0.36;0;0
16,16|13,1;0;0.32;0;0;0
16,15|14,1;0.32;0;0;0;0
16,16|15,1;0.32;0.28;0;0;0
16,17|15,2;0;0;0;0;0.3
16,17|15,3;0.3;0;0;0;0
16,18|15,4;0;0.26;0;0;0
16,17|15,5;0.26;0;0;0;0
16,18|16,5;0.26;0;0;0;0
16,19|16,6;0;0;0;0;0.24
16,19|16,7;0.22;0;0;0;0
16,19|16,8;0.2;0;0;0;0
16,19|16,9;0.2124;0;0;0;0
16,18|16,11;0;0;0;0;0.12
16,18|16,12;0;0;0;0;0.118
16,19|17,13;0.136992;0;0.14;0;0
15,19|17,14;0.250992;0.1;0;0;0
15,19|17,15;0.1944;0.08000001;0;0.08000001;0.1144
16,19|16,15;0;0;0;0.0944;0
18,18|17,17;0;0;-20;0;0
5,0|19,3;0;0.32;0;0;0
5,0|18,3;0;0;0;0.28;0
6,0|18,2;0.24;0;0;0;0
6,1|17,2;0.2;0;0;0;0
6,2|16,2;0;0.2;0;0;0
6,1|15,2;0;0;0.2;0;0
5,1|15,1;0.2;0;0;0;0
5,2|14,1;0.2;0;0;0;0
5,3|13,1;0;0;0.2;0;0.18
5,3|13,2;0.18;0;0;0;0
5,4|13,3;0;0;0;0.14;0
6,4|12,3;0;0;0;0;0.12
6,4|11,3;0.12;0;0;0;0
6,5|10,3;0.1344;0;0.12;0;0
5,5|9,3;0.12;0;0;0;0
5,6|8,3;0;0.0908;0.12;0;0
5,6|8,5;0;0;0.08000001;0;0
4,6|7,5;0.08000001;0;0.08000001;0;0
4,7|6,5;0.08000001;0;0;0;0
4,8|5,5;0;0.04;0.08000001;0;0
3,8|5,6;0;0.04;0;0;0
3,7|4,6;0;-20;0;0;0
17,0|9,2;0.16;0;0;0;0
17,1|9,1;0;0;0.12;0;0
16,1|10,1;0;0;0;0;0.1
16,1|11,1;0;0;0;0;0.08000001
16,1|12,1;0;0.08000001;0;0;0
16,0|13,1;0;0;0;0.08000001;0
17,0|14,1;0;0;0.04;0;0
16,0|15,1;0;0;-20;0;0
15,0|15,0;0;0;0;0;0
14,17|10,11;0;0;0;0.2;0
15,17|11,11;0;0;0;0.2;0
16,17|11,12;0.2;0;0;0;0
16,18|12,12;0.2;0;0;0;0
16,19|12,13;0;0;0;0.449424;0
18,19|16,13;0.160592;0.1344;0;0.1852;0
19,18|12,16;0.2052;0;0;0;0
19,17|15,17;0;0;0.04;0;0
18,17|16,17;0;0.04;0;0;0
18,16|17,17;0;0;0;0.04;0
19,16|18,17;-20;0;0;0;0
19,17|19,17;0;0;0;0;0
12,12|0,9;0;0;0;0;0.28
12,12|0,10;0;0;0;0.3304;0
13,12|0,12;0.26;0;0;0;0
13,13|0,13;0;0.26;0;0;0
13,12|1,13;0.22;0;0;0;0
13,13|2,13;0.236;0;0;0;0
12,13|4,13;0;0.16;0.12;0;0
12,12|5,13;0;0;0;0;0.14
12,12|6,13;0;0;0.1;0;0
11,12|7,13;0.06;0;0.06;0;0
11,13|8,13;0.04;0;0;0;0
11,13|9,13;0;0;-20;0;0.02
11,13|10,13;0;0;0;0;-20
7,5|8,2;0.08000001;0;0;0;0
7,6|8,3;0;0.04;0;0;0
7,5|8,4;0;0;0;0;0.0396
7,5|7,4;0.02;0;0.02;0;-20
6,5|6,4;0;0;0;0;-20
18,2|11,5;0;0;0.2;0;0
17,2|10,5;0.2;0;0;0;0
17,3|9,5;0;0.24;0;0;0
17,2|8,5;0;0.24;0.2;0;0
17,1|8,4;0;0;0;0.24;0
18,1|8,3;0.2;0;0;0;0
18,2|8,2;0;0.2;0;0;0
18,1|9,2;0.16;0;0;0;0
18,2|10,2;0;0;0;0;0.1652
19,2|12,2;0.14;0;0;0;0
19,3|13,2;0;0;0;0.3132;0
19,3|13,1;0.16;0;0;0;0.14
19,3|14,1;0;0.198;0;0;0
19,2|15,1;0.1;0;0;0.08000001;0
19,3|15,2;0;0.06;0;0;0.08000001
19,3|15,3;0.08000001;0;0;0;0
19,4|16,3;0;0;0;0;0.06
19,4|17,3;0;0.02;0;0;0
19,4|19,3;0;0;0;-20;0
1,11|19,4;0;0;0;0;0.48
1,11|18,4;0.46;0;0;0;0
1,11|17,4;0;0;0;0.42;0
2,11|16,4;0;0;0;0;0.4
2,11|15,4;0;0;0;0;0.42
2,11|15,3;0;0;0;0;0.44
2,11|15,2;0;0;0;0;0.46
2,11|15,1;0;0;0;0;0.44
2,11|14,1;0.42;0;0;0;0
2,11|13,1;0;0;0;0.38;0
3,11|12,1;0;0;0;0;0.36
3,11|12,2;0;0.32;0;0;0
3,10|11,2;0;0;0.63;0;0
2,10|10,2;0.32;0;0;0;0
2,11|10,3;0.3;0;0.32;0;0
2,11|9,3;0.28;0;0;0;0
2,11|8,3;0.26;0;0;0;0
2,11|7,3;0;0;0;0;0.24
2,11|7,4;0.256;0;0;0;0
2,11|5,5;0.16;0;0;0;0
2,11|4,5;0;0;0.1852;0;0
2,11|3,8;0.073608;0;0;0;0
1,11|1,10;0;-20;0.0396;0;-20
11,2|8,2;0;0.0636;0;0;0
11,0|9,1;0.02;0;0;0;0
11,2|11,1;0;-20;0;0;0
8,18|2,11;0;0;0;0.3;0
9,18|1,11;0;0;0;0.34;0
10,18|0,11;0.34;0;0;0;0
10,19|0,12;0;0.3;0.3;0.34;0
11,19|0,13;0;0;0;0;0.32
11,19|1,13;0;0;0;0;0.3
11,19|1,14;0;0;0;0;0.28
11,19|2,14;0;0;0;0;0.26
11,19|2,15;0.24;0;0;0;0
11,19|2,16;0;0.2;0;0;0
11,18|2,17;0;0;0;0.2;0
12,18|3,17;0;0;0;0.2;0
13,18|4,17;0.2;0;0;0;0
13,19|4,18;0;0;0;0.2;0
14,19|5,18;0;0;0;0;0.18
14,19|6,18;0.16;0;0;0;0.1888
14,19|7,18;0.14;0;0;0.16;0
15,19|8,18;0;0.12;0;0;0
15,18|9,18;0;0;0;0;0.1
15,18|10,18;0;0.1908;0;0;0
15,17|11,18;0.06;0.1;0;0;0
15,18|12,18;0.06;0;0;0;0
15,19|12,19;0.04;0;0;0.068496;0
15,19|13,19;0;0;0;0.0472;0.02
15,19|14,19;0;0;-20;0;0
0,7|5,0;0;0;0.22;0;0
0,7|5,1;0.22;0;0;0;0
0,8|5,2;0;0.18;0;0;0
0,7|4,2;0;0;0.16;0;0
0,7|4,3;0.16;0;0;0;0
0,8|3,3;0;0;0;0.12;0
1,8|2,3;0;0;0;0;0.1
1,8|2,4;0;0;0.1;0;0
0,8|2,5;0;0;0;0;0.08000001
0,8|2,6;0.08000001;0;0;0;0
0,9|2,7;0;0;0;0.04;0
1,9|2,8;0;0;0.04;-20;0
0,9|1,8;0.04;0;0;0;0
0,10|1,9;0.04;0;0;0;0
0,11|0,9;0;-36;0;0;0
12,18|3,19;0;0.2;0;0;0
12,17|4,19;0.16;0;0;0;0
12,18|5,19;0.12;0;0;0;0
12,19|6,19;0;0;0.08000001;0;0.1
11,19|7,19;0;0;0.0472;0;0
3,18|4,9;0.2;0;0;0;0
3,19|4,10;0;0.16;0;0;0
3,18|3,10;0;0;0;0.16;0
4,18|3,11;0;0;0;0;0.18
4,18|2,11;0;0.216;0;0;0
4,18|0,11;0.22;0;0;0;0
4,19|0,12;0;0;0;0;0.2324
4,18|1,14;0;0;0.1;0.14;0.25488
3,18|2,14;0.20592;0;0;0;0
3,19|2,18;0.02;0;0;0;0.02436464
3,19|2,19;-20;0;0;0;0
17,16|0,2;0;0;0;0;0.6
17,16|0,3;0;0;0.56;0;0
16,16|0,4;0;0;0.52;0;0
15,16|0,5;0;0;0.48;0;0
14,16|0,6;0;0;0;0;0.46
14,16|0,7;0.46;0;0;0;0
14,17|0,8;0;0.42;0;0;0
14,16|0,9;0;0;0;0.42;0
15,16|0,10;0;0.4484;0;0;0
16,15|1,14;0.32;0;0;0;0
16,16|1,15;0;0.28;0.28;0;0
15,16|2,15;0.28;0;0;0;0
15,17|2,16;0.28;0;0;0;0
15,18|3,16;0;0;0;0;0.26
15,18|4,16;0.26;0;0;0;0
15,19|5,16;0.24;0;0;0;0
15,19|6,16;0.4284;0;0;0;0
15,19|7,16;0;0;0.3492;0;0
14,19|8,16;0;0;0.272592;0;0
13,19|8,17;0;0.1144;0;0.14;0
14,18|10,17;0.20304;0;0;0;0
14,19|12,17;0;0.04;0.04;0;0
14,18|12,18;0;0.04;0;0;0
14,17|12,17;0;0;-20;0;0
13,17|13,17;0;0;0;0;0
19,12|12,9;0;0;0.2;0;0
18,12|11,9;0;0;0;0.24;0
19,12|10,9;0.28;0;0;0;0
19,13|9,9;0;0;0;0;0.3
19,13|8,9;0.3;0;0;0;0
19,14|8,10;0;0.26;0;0;0
19,13|8,11;0.26;0;0;0;0
19,14|9,11;0;0.22;0;0;0
19,13|9,12;0;0;0.18;0;0
18,13|10,12;0;0;0;0.2124;0
19,14|12,12;0;0;0;0.1852;0
19,17|17,14;0;0;0;0.0908;0
16,9|7,3;0;0;0.26;0;0
15,9|8,3;0.26;0;0;0;0
15,10|9,3;0;0;0;0.3068;0
15,10|11,3;0;0;0.2;0;0
15,10|12,3;0.2;0;0;0.396;0
15,11|13,3;0;0;0.22;0;0
15,11|13,2;0;0;0;0;0.24
15,11|13,1;0;0;0.22;0;0
15,11|14,1;0;0;0.2;0;0
15,11|15,1;0.2;0;0.18;0;0
15,12|15,2;0.2324;0;0;0;0.217584
16,13|15,4;0;0.3168;0;0;0
16,12|15,5;0.288;0;0;0;0
16,13|15,6;0;0;0.12;0;0
15,13|15,7;0;0;0;0;0.1908
15,13|15,8;0;0.06;0;0;0.08000001
15,12|15,9;0;0;0.04;0;0
15,12|15,10;0.0472;0;0;0.04;0.0236
16,12|15,11;0;0;-20;0;0
15,12|15,12;0;0;0;0;0
18,4|19,9;0;0.12;0;0;0
18,3|18,9;0;0;0;0.2304;0.1108
19,3|18,8;0;0.16212;0.08000001;0;0
18,3|18,7;0;0;0.1512;0;0
17,3|18,6;0.04;0;0.08000001;0;0
17,4|17,6;0;0.04;0;0;0
17,3|17,5;-20;0.04;0;0;0
8,16|6,17;0;0;0;0.06;0
9,16|7,17;0.02;0;0;0;0
9,17|8,17;0.06100832;0;0;0;-36
18,5|17,17;0;0.26;0;0;0
18,4|17,16;0;0;0;0.26;0
19,4|18,16;0.22;0;0;0;0
19,5|18,15;0.2052;0;0;0;0
19,6|18,13;0;0;0.234;0;0
18,6|18,12;0;0.2506752;0;0;0.1
18,6|18,11;0.06;0;0;0;0
18,7|18,10;0.0396;0;0;0;0
18,8|18,9;0;0.02;0;0;-20
18,7|18,8;-20;0;0;0;0
18,8|18,8;0;0;0;0;0
3,13|11,9;0.24;0;0;0;0
3,14|10,9;0;0;0;0.2;0
4,14|9,9;0;0;0.2;0;0
3,14|8,9;0;0;0.2;0;0
2,14|8,10;0.2;0;0;0.288;0
3,14|7,10;0;0.12;0;0;0
3,13|7,11;0;0;0;0;0.1
3,13|7,12;0;0.08000001;0;0;0
3,13|7,13;0;0.06;0;0;0
3,13|6,13;0;0;0.06;0;0
2,13|5,13;0.06;0;0;0;0
2,14|4,13;0;0;0;0.02;0
3,14|3,13;0;-20;0;0;-20
4,0|15,4;0;0;0.3;0;0
3,0|15,3;0.3032;0;0;0;0
4,1|14,1;0;0;0;0.16;0
5,1|13,1;0;0;0.16;0;0
4,1|12,1;0.16;0;0;0;0
4,2|11,1;0.16;0;0;0;0
4,3|10,1;0;0.12;0;0;0
4,2|9,1;0.12;0;0.12;0;0.1
3,2|8,1;0;0.08000001;0;0;0
3,1|7,1;0;0;0;0.04;0
4,1|6,1;0;0;0;-20;0
12,18|15,6;0;0.26;0;0.26;0
13,18|15,7;0;0;0;0;0.4752
13,18|15,8;0.24;0;0;0;0.2596
13,19|15,9;0.22;0;0;0;0
13,19|15,10;0.2;0;0;0;0
13,19|15,11;0.389448;0;0;0;0
13,19|15,12;0.16;0;0.3636;0;0
12,19|15,13;0.2;0;0.22;0;0
11,19|16,13;0;0;0.26;0.256;0
10,19|17,13;0;0.22;0;0;0
10,18|17,14;0;0;0;0;0.2
10,18|17,15;0;0;0;0.16;0
11,18|16,15;0.16;0;0;0;0
11,19|15,15;0;0;0.1852;0;0
10,18|15,17;0;0;0;0.08000001;0
11,18|14,17;0;0;0;0.04;0
12,18|13,17;0;-20;0.04;0;0
11,18|12,17;0;-36;0;0;0
15,10|5,10;0;0;0;0;0.22
15,10|4,10;0;0.26;0;0;0
15,9|3,10;0;0;0.28;0;0
15,9|2,10;0;0;0;0;0.3
15,9|1,10;0.3;0;0;0;0
15,10|0,10;0.3;0;0;0;0
15,11|0,11;0;0;0;0.6768;0
16,11|0,12;0;0;0;0;0.7056
16,11|0,13;0;0;0.32;0;0.34
15,11|1,13;0.28;0;0;0;0
15,12|2,13;0.2796;0;0;0;0
14,13|4,13;0;0.18;0;0.236;0
14,13|5,13;0.357408;0;0;0;0.16
14,13|6,13;0.2736;0;0;0;0.165488
14,13|7,13;0.1416;0.2376;0;0;0
14,13|8,13;0;0;0.16416;0.12;0
15,13|9,13;0;0;0.08000001;0;0
14,13|10,13;0;0;0;0.08000001;0
15,13|11,13;0.06;0;0;0;0
15,13|12,13;0.0436;0;0;0;0
15,12|14,13;-20;0;0;0.04;0
15,13|7,1;0.38;0;0;0;0
15,13|8,1;0;0;0.34;0;0
14,13|9,1;0;0;0.3;0;0
13,13|10,1;0;0;0;0.3;0
14,13|11,1;0.28;0;0;0;0
14,13|12,1;0;0;0.24;0;0
13,13|13,1;0;0;0.28;0;0
12,13|14,1;0.3;0;0;0;0
12,13|15,1;0;0;0.3;0;0
11,13|15,2;0.28;0;0;0;0
11,13|15,3;0;0.24;0;0;0
11,12|15,4;0;0;0.24;0;0
10,12|15,5;0;0;0;0.2;0
11,12|15,6;0;0.16;0.2;0;0
11,11|15,7;0;0.14;0;0;0
11,11|15,8;0.14;0;0;0;0
11,12|15,9;0;0;0.14;0;0
10,12|15,10;0;0;0.14;0;0
9,12|15,11;0.14;0;0;0;0
9,13|15,12;0.12;0;0;0;0
9,13|15,13;0.1;0;0;0;0
9,13|14,13;0.08000001;0.1;0;0;0
9,12|13,13;0;0.1;0;0;0
9,11|12,13;0.06;0;0;0;0
9,12|11,13;0.02;0;0;0;0
9,13|10,13;0;0;0;0;-20
3,3|11,17;0;0;0.44;0;0
2,3|11,16;0.4;0;0;0;0
2,4|10,16;0.36;0;0;0;0
2,5|10,15;0;0.4248;0;0;0
2,3|8,15;0;0;0.36;0;0.34
1,3|7,15;0.6336;0;0;0;0
1,4|6,15;0;0.32;0;0.28;0
1,3|5,15;0;0;0.6336;0;0
0,3|5,14;0;0;0.3;0;0
0,3|5,13;0;0.3;0;0;0
0,2|4,13;0;0;0.562824;0;0
0,2|3,13;0;0.58824;0;0;0
0,2|1,13;0;0;0;0;0.22
0,2|0,13;0;0.5072544;0.2;0;0
1,1|0,11;0;0.4248;0.2088;0;0
2,0|0,9;0;0;0;0;0.2
2,0|0,8;0;0;0;0;0.18
2,0|0,7;0.158;0;0;0;0
3,1|0,5;0.1;0;0;0;0
3,2|1,5;0.06;0;0;0;0
3,3|2,5;0.02;0;0;0;0
3,4|3,5;0;0.0236;0;0;0
2,2|2,3;0;0;0;0.02;-20
3,2|2,2;0;0;-20;0;0
2,2|2,2;0;0;0;0;0
15,3|2,4;0;0;0;0;0.26
15,3|2,3;0;0;0.24;0;0
15,3|3,3;0.24;0;0;0;0
15,4|4,3;0.24;0;0;0;0
15,5|5,3;0.24;0;0;0;0
15,6|6,3;0.24;0;0;0;0
15,7|7,3;0;0;0.22;0;0
15,7|8,3;0.22;0;0;0;0
15,8|9,3;0;0;0;0;0.2
15,8|10,3;0.2;0;0;0;0
15,9|11,3;0.4248;0;0;0;0
16,10|13,3;0;0;0.2;0;0.22
15,10|13,2;0;0;0;0.24;0
16,10|13,1;0.24;0;0;0;0.2596
16,11|14,1;0.24;0.3924;0.236;0;0
15,11|15,2;0;0;0.16;0;0
15,11|15,3;0;0;0;0;0.14
15,11|15,4;0;0.1;0;0;0
15,10|15,5;0.1908;0;0;0;0
15,11|15,6;0;0.1188;0;0;0.08000001
15,10|15,7;0;0;0;0.108;0.04
15,10|15,8;0.04;0;0;0;0
15,11|15,9;0.0472;-20;0.02;0;0
0,12|1,6;0;0;0;0.12;0
0,12|1,7;0;0.08720001;0;0.1;0.1
0,12|0,7;0;0;0;0;0.08000001
0,12|0,8;0;0;0;0;0.06
0,12|0,9;0;0;0.0436;0;0.0436
11,11|18,18;0;0.26;0;0;0
11,11|18,17;0;0.24;0;0;0
11,11|17,17;0;0;0.24;0;0
10,11|17,16;0;0.22;0;0;0
10,11|17,15;0;0;0;0.18;0
11,11|17,14;0.14;0;0;0.14;0
11,12|17,13;0.1;0;0;0;0
11,13|16,13;0;0;0;0.06;0
12,13|15,13;0;0;0;0.02;0
13,12|13,13;0;0.02;0;0;-20
13,11|13,12;-20;0;0;-20;0
13,12|13,12;0;0;0;0;0
18,0|15,0;0.06;0;0;0;0
18,1|16,0;0;0;0.02;0;0.04
18,1|16,1;0.04;0;0;0;0
18,2|16,2;0.08049601;0;0;0;0
18,3|16,3;0.07776;0;0;0.04;0
18,4|17,4;0;0;-36;0;0
0,2|16,17;0;0.6200001;0;0;0
0,1|15,17;0.58;0;0;0;0
0,2|14,17;0;0;0;0;0.56
0,2|14,16;0;0;0.54;0;0
0,2|13,16;0;0;0;0;0.52
0,2|13,15;0.48;0;0;0;0
0,3|12,15;0.44;0;0;0;0
0,4|11,15;0;0;0;0;0.42
0,4|10,15;0.38;0;0;0;0
0,5|9,15;0;0.38;0;0;0
0,4|8,15;0.34;0;0;0;0
0,5|7,15;0.3;0;0;0;0.32
0,6|6,15;0;0;0;0;0.28
0,6|5,15;0;0;0.26;0;0.26
0,6|4,15;0.22;0;0;0;0
0,7|3,15;0;0;0;0;0.2
0,7|2,15;0.16;0;0.18;0;0
0,8|2,14;0;0.16;0;0;0
0,7|1,14;0.12;0;0;0;0
0,8|0,14;0.08000001;0;0;0;0
0,9|0,13;0.0472;0;0;0;0
1,10|0,11;0;0;0;0.0472;0.0396
3,10|1,10;0.08049601;0;0;0;0
3,11|2,10;0;-20;-20;0;0
11,13|4,14;0;0;0;0.1888;0
11,13|5,13;0;0.235944;0;0;0
11,12|6,13;0;0;0;0.12;0.1108
10,12|7,12;0;0;0;0.06;0
11,12|8,12;0.06;0;0;0;0.04
11,12|9,12;0;0;-20;0;0
2,8|13,0;0;0;0;0;0.36
2,8|12,0;0.36;0;0;0;0
2,9|11,0;0;0;0.36;0;0
1,9|11,1;0;0;0;0;0.34
1,9|10,1;0;0;0;0;0.32
1,9|10,2;0;0;0.32;0;0
0,9|9,2;0.32;0;0;0;0
0,10|9,3;0;0;0;0;0.5868
0,10|8,3;0;0;0;0.5148;0
1,10|8,4;0.26;0;0;0;0.24
1,11|8,5;0;0;0;0;0.24
1,11|7,5;0.22;0;0;0;0
1,11|6,5;0.2;0;0;0;0
1,11|5,5;0;0.1888;0;0;0
2,10|5,7;0.12;0;0;0;0
2,11|5,8;0;0;0.12;0;0
1,11|5,9;0;0;0.12;0;0
0,11|4,9;0;0;0;0;0.1
0,11|4,10;0;0.06;0;0;0
0,10|3,10;0;0;0;0;0.04
0,10|2,10;0;0;0;-20;0
1,10|1,10;0;0;0;0;0
5,0|7,13;0;0;0;0.26;0
6,0|7,12;0;0;0;0.22;0
7,0|7,11;0;0;0;0.22;0
8,0|8,11;0;0;0.22;0;0
7,0|8,10;0.18;0;0;0;0
7,1|8,9;0;0;0;0.14;0
8,1|8,8;0.14;0;0;0;0
8,2|9,8;0.14;0;0;0;0
8,3|10,8;0;0;0;0;0.343728
8,6|12,6;0.06;0.08000001;0;0.04;0
8,5|11,6;0;0;0;0.04;0
9,5|10,6;0;0.036;0;0;0
9,5|10,5;0;0;0;0;-20
9,5|9,5;0;0;0;0;0
4,9|6,18;0.18;0;0;0;0
4,10|6,17;0.14;0;0;0;0
4,11|5,17;0;0;0.14;0;0
3,11|5,16;0;0;0;0;0.12
3,11|4,16;0.1;0;0;0;0
3,11|4,15;0;0;0;0.06;0
4,11|4,14;0.0544;0;0;0;0
4,11|3,13;0;0;0;0.1216;0.08000001
4,11|2,13;0;0;0;0.2701958;0.1252
5,10|0,12;0;0.14;0.1;0.232992;0.1410586
5,10|0,11;0.0944;0;0.15696;0;0.116992
3,10|2,11;-20;0;0;0;0.036
13,0|16,12;0;0.28;0;0;0
13,0|16,11;0;0.26;0;0;0
13,0|16,10;0.22;0;0;0;0
13,1|15,10;0;0;0.22;0;0
12,1|15,9;0;0;0.22;0;0
11,1|15,8;0.18;0;0;0;0
11,2|15,7;0;0;0;0;0.16
11,2|15,6;0;0;0.185488;0;0
11,2|15,3;0;0.1;0;0;0
11,1|15,2;0.1;0;0;0.06;0
11,2|15,1;0;0;0;0.06;0.16992
12,2|14,1;0;0;0.1188;0;0
11,2|13,1;0.06;0.02;0;0;0.04
11,1|12,1;0;0;0;0;-20
4,1|10,18;0;0;0.46;0;0
3,1|9,18;0.42;0;0;0;0
3,2|8,18;0;0.42;0;0;0
3,1|8,17;0;0;0;0;0.4
3,1|8,16;0;0;0.4;0;0
2,1|8,15;0;0;0;0;0.38
2,1|7,15;0;0;0;0;0.36
2,1|6,15;0;0;0.36;0;0
1,1|5,15;0.32;0;0;0.32;0
1,2|5,14;0;0;0.32;0;0
0,2|4,14;0;0;0.3504;0;0
1,1|1,13;0;0;0.50688;0;0
0,0|0,12;0;0.256;0.290632;0.2796;0
0,0|0,6;0;0;0;0.12;0
1,0|0,5;0.08000001;0;0;0;0
1,1|1,5;0;0;0;0.08000001;0
2,1|2,5;0.08496;0;0;0;0
8,16|8,17;-20;0;0;0;0
3,8|17,1;0;0;0.42;0;0
2,8|16,1;0;0;0.42;0;0
1,8|15,1;0;0;0;0;0.4
1,8|14,1;0;0;0.4;0;0
0,8|13,1;0;0;0.38;0;0
0,8|12,1;0;0.34;0;0;0
0,7|11,1;0;0;0;0;0.32
0,7|10,1;0;0;0;0;0.3
0,7|9,1;0.3;0;0;0;0
0,8|9,2;0.3504;0;0;0;0
1,9|7,3;0.468;0;0;0;0
1,10|6,3;0;0.2;0;0;0
1,9|6,4;0;0;0;0.16;0
2,9|6,5;0.1816;0;0;0;0
2,9|3,5;0;0.1188;0;0;0
2,8|2,5;0.115848;0;0;0;0
2,9|2,6;0.072744;0;0;0;0.0436
0,11|1,11;0.02;0;-20;0;0
19,11|13,12;0.1652;0;0;0;0
19,12|15,13;0.08328912;0.1;0;0;0
19,11|16,13;0;0;0;0;0.08000001
19,11|17,13;0;0.08000001;0;0;0
19,10|18,13;0;0;0;0.06;0.06
19,10|18,12;0.02;0;0;0;0
19,11|18,11;0;0.02;0;-20;0
19,10|18,10;0.0236;0;0;0;0
15,12|4,3;0;0;0;0.4;0
16,12|5,3;0;0;0.36;0;0
15,12|6,3;0.36;0;0;0;0
15,13|7,3;0;0;0;0.36;0
16,13|8,3;0;0;0.32;0;0
15,13|9,3;0;0;0;0;0.3
15,13|10,3;0.28;0;0;0;0
15,13|11,3;0;0;0;0.28;0
16,13|12,3;0.319472;0;0;0;0
17,13|13,1;0.32;0;0.3304;0;0
17,14|14,1;0;0.3304;0;0;0
18,13|16,1;0.28;0;0;0;0
18,14|16,2;0;0;0;0;0.26
18,14|16,3;0;0;0;0.26;0
19,14|16,4;0.557784;0;0;0;0
19,15|17,6;0;0;0;0;0.2
19,15|17,7;0.2;0;0;0;0
19,16|17,8;0.2;0;0;0;0
19,17|18,8;0.2;0.16;0;0;0
19,18|18,9;0;0;0;0.18;0
19,18|18,10;0.18;0;0;0;0
19,19|18,11;0;0;0;0.16;0
19,19|18,12;0.158;0;0;0;0
19,19|19,13;0;0.08000001;0;0.118;0
18,19|18,14;0.0908;0;0;0;0
18,18|18,17;0;0;0;0.02;-20
19,18|19,17;0.046008;-20;0;0;-36
7,2|11,0;0;0;0;0.08000001;0
8,2|11,1;0;0;0.08000001;0;0
7,2|11,2;0;0;0;0.04;0
8,2|10,2;0.0472;0;0;0;0
8,2|16,19;0.46;0;0;0;0
8,3|16,18;0;0.46;0;0;0
8,2|16,17;0;0;0;0.42;0
9,2|16,16;0.38;0;0;0;0
9,3|16,15;0;0;0;0.38;0
10,3|17,15;0;0;0;0;1.038528
10,3|17,14;0;0;0;0.940928;0
11,3|17,13;0.3;0.6336;0;0;0
11,2|17,12;0;0.32;0;0.28;0
11,1|17,11;0;0;0;0.28;0
12,1|17,10;0;0;0.28;0;0
11,1|17,9;0.24;0;0;0;0
11,2|17,8;0.2;0;0.24;0;0
10,2|17,7;0;0;0;0;0.22
10,2|16,7;0;0.22;0;0;0
10,1|15,7;0.18;0;0;0;0
10,2|15,6;0;0;0.18;0;0
9,2|15,5;0;0.2088;0;0.2772;0
10,2|15,4;0.1216;0.14;0.1652;0;0
10,1|15,3;0;0.14;0;0;0
10,0|15,2;0;0.12;0;0;0
10,0|15,1;0.08000001;0;0;0;0
10,1|14,1;0;0;0;0;0.0708
10,2|12,1;0;0;0;0;0.04
10,2|11,1;0;0;0.04;0;0
9,2|10,1;0.04;0;0;0;0
9,3|9,1;0.02;0;0;0;0
9,3|9,2;0;0;0;0.02;0
10,3|10,2;0;-20;0;0;0
10,2|10,2;0;0;0;0;0
16,5|0,12;0;0.99;0;0;0
16,4|0,13;0;0;0;0.5;0.48
17,4|1,13;0.46;0;0;0;0
17,5|2,13;0;0;0;0.46;0
18,5|3,13;0;0;0;0;0.44
18,5|4,13;0.472;0;0;0;0
18,6|6,13;0.34;0;0;0;0
18,7|7,13;0;0.34;0;0;0
18,6|8,13;0;0;0.3;0;0
17,6|9,13;0;0;0.26;0;0
16,6|10,13;0.22;0;0;0;0
16,7|11,13;0.18;0;0;0;0
16,8|12,13;0;0;0;0;0.16
16,8|13,13;0.12;0;0;0;0
16,9|14,13;0.08000001;0;0;0;0
16,10|15,13;0;0;0.04;0;0
4,10|10,3;0.26;0;0;0;0
4,11|9,3;0;0;0.26;0;0.24
3,11|8,3;0;0;0;0;0.24
3,11|7,3;0.22;0;0;0;0
3,11|6,3;0;0;0.289984;0;0
2,11|5,4;0;0;0;0.16;0
3,11|4,4;0.14;0;0;0;0
3,11|3,4;0;0;0;0.14;0
4,11|3,5;0;0.1;0;0;0.12
4,10|4,5;0;0;0;0.1;0
5,10|4,6;0.1;0;0;0;0
5,11|4,7;0;0.0708;0;0;0
5,10|5,8;0;-20;0;0;0
5,9|5,9;0;0;0;0;0
5,9|11,12;0;0;0;0;0.16
5,9|10,12;0;0;0.16;0;0
4,9|9,12;0.12;0;0;0;0
4,10|8,12;0;0;0;0;0.1
4,10|7,12;0;0.14;0.14;0;0
4,9|7,13;0;0;0;0;0.12
4,9|6,13;0;0;0.1416;0;0
0,8|0,9;-20;0.0236;-20;0;0
0,8|0,8;0;0;0;0;0
5,9|13,8;0;0;0;0;0.16
5,9|12,8;0;0;0;0.18;0
5,9|12,7;0;0.18;0;0;0
5,8|12,6;0;0;0;0.16;0
5,8|11,6;0;0;0;0;0.14
5,8|10,6;0;0;0;0.12;0.144192
5,8|9,6;0.2563819;0;0;0;0
5,8|6,6;0;0;0.06;0.04;0
5,8|5,6;0;0;0.04;0;0
4,8|5,7;0;-20;0;0;0
4,7|4,7;0;0;0;0;0
15,12|18,15;0.08000001;0;0;0;0
15,13|18,14;0;0;0;0;0.06
15,13|18,13;0;0;0.06;0;0
14,13|17,13;0.044248;0;0;0;0
4,19|4,14;0.0944;0;0;0;0
3,19|3,17;0.02436464;-20;0;0.044248;0.04385635
5,17|6,13;0.1144;0;0;0;0
7,17|7,15;0;0;0;0;0.02
7,17|7,16;0.02;0;0;0;0
7,18|7,17;0;-20;0;0;0
7,17|7,17;0;0;0;0;0
10,6|0,3;0.24;0;0;0;0
10,6|1,3;0.22;0;0;0;0
10,6|2,3;0.2;0;0;0;0
10,6|3,3;0;0;0;0.2;0
11,6|4,3;0.18;0;0;0;0
11,6|4,4;0;0;0;0.18;0
12,6|5,4;0;0;0;0;0.16
12,6|6,4;0.16;0;0;0;0
12,7|6,5;0;0;0;0;0.14
12,7|7,5;0;0.118;0;0;0
11,6|9,5;0;0.02;0;0;0
11,5|10,5;0;0;0;0.02;0
12,5|11,5;0.02;0;0;0;0
12,6|12,5;0;0;0;0.0396;0
16,5|2,16;0.46;0;0;0;0
16,6|2,15;0;0;0;0;0.44
16,6|2,14;0;0;0.4;0;0
15,6|3,14;0.36;0;0;0;0
15,7|4,14;0;0;0;0;0.34
15,7|4,13;0;0;0.3704;0;0
16,7|9,13;0.22;0;0;0;0
16,8|10,13;0.18;0;0;0;0
16,9|11,13;0.14;0;0;0;0
16,10|12,13;0;0;0.1;0.272592;0
17,10|13,13;0.22716;0;0;0;0
18,11|15,13;0;0;0;0.1;0.08000001
19,11|15,12;0.09209924;0;0;0;0
19,11|16,11;0;0;0;0.0472;0
19,13|19,12;0.0236;0;0;0;0
18,14|18,13;0.02;0;0.02;0;0
18,15|18,14;0.02;0;0;0;0
18,16|18,15;0.02;0;0;0;-20
18,17|18,16;0;0;0;0.036;-20
19,17|19,16;0;0;0.0236;-20;0
19,17|18,17;0.040248;0;0;0;0
19,18|18,18;0.02;0;-20;0;0
19,19|18,19;-20;0;-36;-20;0
0,9|19,1;0;0;0;0.5;0
1,9|18,1;0;0;0;0;0.48
1,9|17,1;0;0;0;0.44;0
2,9|16,1;0;0.4;0;0;0
2,8|15,1;0.4648;0;0;0;0
2,8|13,2;0;0;0.3976;0.354;0
3,7|11,2;0;0;0.26;0;0
2,7|10,2;0;0.22;0;0;0
2,6|10,3;0;0;0.22;0;0
1,6|9,3;0;0.18;0;0;0
1,5|8,3;0;0;0.18;0;0
0,5|7,3;0;0.14;0;0;0
0,4|7,4;0.14;0;0;0;0
0,5|7,5;0.14;0;0;0;0
0,6|6,5;0;0.1;0;0;0
0,5|5,5;0;0.1;0;0;0
0,4|5,4;0;0;0;0.06;0
1,4|4,4;0;0.06;0;0;0
1,3|4,3;0.06;0;0;0;0
1,4|3,3;0.06;0;0;0;0.04
1,5|2,3;0.06;0;0;0;0
1,6|2,4;0;0;0;0.0236;0
1,6|1,6;0;0;0;0;0
4,14|11,1;0.4;0;0;0;0
4,15|11,2;0;0;0.4;0;0
3,15|10,2;0;0.36;0;0;0
3,14|9,2;0;0;0;0;0.34
3,14|8,2;0.34;0;0;0;0
3,15|7,2;0;0;0;0.3;0
4,15|7,3;0.354;0;0;0;0
4,15|7,5;0;0;0;0.22;0
5,15|7,6;0;0.18;0;0;0
5,14|6,6;0;0;0.18;0;0
4,14|5,6;0.18;0;0;0;0
4,15|5,7;0;0;0;0.14;0
5,15|5,8;0.14;0;0;0;0
5,16|5,9;0;0.1;0;0;0
5,15|5,10;0;0;0;0;0.08000001
5,15|5,11;0;0.08000001;0;0;0
5,14|4,11;0;0;0;0.1;0
5,14|3,11;0;0;0.1;0;0
4,14|2,11;0.14;0;0;0;0
4,15|1,11;0;0;0;0;0.16
4,15|0,11;0;0.12;0;0;0
4,14|0,12;0.12;0;0;0;0
4,15|0,13;0;0.08000001;0;0;0
4,14|1,13;0;0;0;0.08000001;0
5,14|2,13;0;0;0;0.06;0
5,14|2,14;0;0;0;0.04;0
5,14|3,14;0.04;0;0;0;0
5,15|3,15;0;0.04;0;0;0
5,14|4,15;0;0;0;0;0.02
5,14|4,14;0;0;0;-20;-20
5,14|5,14;0;0;0;0;0
4,9|0,18;0.22;0;0;0;0
4,10|0,17;0;0;0;0.22;0
5,10|0,16;0.18;0;0;0;0
5,11|0,15;0.16;0;0;0;0
5,11|0,14;0;0;0;0;0.1652
4,11|1,11;0;0.06;0;0.06720001;0
4,10|2,11;0.02;0;0;0;0
4,11|3,11;-36;0.02;0;0;-36
15,6|4,17;0.4;0;0;0;0
15,7|5,17;0.4212;0;0;0;0
16,8|5,15;0.32;0;0;0;0
16,9|5,14;0;0;0;0;0.3
16,9|5,13;0;0.5868;0;0;0
16,8|6,13;0.26;0;0;0.3;0
16,9|7,13;0;0.3068;0;0;0.24
16,9|9,13;0;0;0.18;0.4284;0
17,9|10,13;0.4927248;0;0;0;0
17,10|11,13;0;0;0.29736;0;0.16
15,10|13,13;0;0;0.08000001;0.1;0
15,10|14,13;0.04;0;0;0;0
15,11|15,13;0;0;0;0;0.02
15,11|15,12;0;0.02;0;0;0
15,10|15,11;0;0.036;0;0;0
15,9|15,10;-36;0;-20;0;0
15,10|15,10;0;0;0;0;0
11,15|12,5;0;0;0.22;0;0
10,15|12,6;0.437184;0;0;0;0
10,16|12,7;0;0;0.22;0;0.2288
10,16|11,8;0;0;0;0;0.16
10,16|11,9;0.16;0;0;0;0
10,17|10,9;0;0.16;0;0;0
10,16|9,9;0.2;0;0;0;0
10,17|8,9;0;0;0.16;0;0
9,17|8,10;0.16;0;0;0;0
9,18|8,11;0.16;0;0;0;0
9,19|8,12;0;0;0;0;0.14
9,19|8,13;0;0;0.14;0.18;0
10,19|7,13;0;0;0;0;0.2
10,19|6,13;0.22;0;0;0;0
10,19|5,13;0;0;0;0;0.2
10,19|5,14;0.2052;0;0;0;0
10,17|7,15;0.1;0;0;0;0
10,18|7,16;0;0;0;0;0.08000001
10,18|8,16;0;0;0;0.08000001;0
11,18|9,16;0.08000001;0;0;0;0
11,19|10,16;0;0;0;0;0.06
11,19|10,17;0;0.02;0;0;0
11,18|11,17;0.02;0;0;0;0
11,6|17,1;0;0;0;0;0.2
11,6|16,1;0.18;0;0;0;0
11,6|15,1;0;0;0;0;0.16
11,6|14,1;0;0.12;0;0;0
11,5|13,1;0.12;0;0;0;0
11,6|13,2;0;0;0.234;0;0
10,6|12,2;0.1;0.08000001;0;0;0
10,6|11,2;0.15264;0;0;0;0
10,5|8,3;0;0;0.04;0;0
9,5|8,4;0.048784;0.02;0;0.0436;0
9,5|8,5;0.02;-20;0;0;0
5,5|7,13;0;0;0.2;0;0
4,5|6,13;0.16;0;0;0;0
4,6|5,13;0.12;0;0;0;0
4,7|4,13;0;0;0;0;0.1652
5,7|2,13;0;0.22;0;0;0.2
5,6|1,13;0;0;0.22;0;0
4,6|0,13;0.18;0;0;0;0
4,7|0,12;0.14;0;0.14;0.2052;0
4,8|0,11;0.1108;0;0.1;0;0
3,8|0,10;0;0;0.0636;0;0
2,7|2,10;0.02;0;0;0;0
2,8|2,9;-20;0.02;0;0;0
5,9|8,11;0;0;0.1;0;0
4,9|7,11;0.1252;0;0;0;0
3,10|7,13;0.1;0;0.14;0;0
3,11|6,13;0.08000001;0.1108;0;0;0
3,11|5,13;0;0;0.1548;0;0
2,11|4,13;0.117144;0;0;0;0
2,11|3,13;0;0;0;0.06;0.0508
2,10|1,13;0;0;0.08000001;0;0
1,10|0,13;0;0;0;0.08000001;0
2,10|0,12;0;0;0.08729281;0.0944;0
1,10|1,11;-20;0;0.02;0;0
0,10|1,10;0;0;-20;0;0
17,17|13,9;0;0;0.24;0;0
16,17|12,9;0;0.24;0;0;0
16,16|11,9;0;0.24;0;0;0
16,15|10,9;0;0;0.24;0;0
15,15|9,9;0;0;0.24;0;0
14,15|8,9;0;0;0;0;0.22
14,15|8,10;0;0;0.18;0;0
13,15|8,11;0;0.16;0;0;0
13,15|8,12;0;0;0;0.16;0
14,15|8,13;0;0;0.16;0;0
13,15|7,13;0;0.18;0;0;0
13,15|6,13;0;0;0.18;0;0
12,15|5,13;0;0.16;0;0;0
12,15|5,14;0;0;0.12;0;0
11,15|5,15;0.148512;0;0;0.12;0
12,15|6,15;0;0;0.08000001;0;0
11,15|7,15;0.08000001;0;0;0;0
11,16|8,15;0;0;0.0436;0;0
10,15|8,15;0.04;0.0524;0;0;0
10,15|9,15;0.02;-20;0;0.02;0
10,15|10,15;0;0;0;0;0
9,0|8,3;0;0;0.04;0;0
8,0|8,2;0;0;0.04;0;0
7,0|7,2;0;0.02;0;0;0
7,0|7,1;-20;0;0;0;0
7,1|7,1;0;0;0;0;0
0,19|6,1;0;0.44;0;0;0
0,18|5,1;0;0;0;0;0.42
0,18|5,2;0;0;0;0;0.4
0,18|4,2;0.4;0;0;0;0
0,19|4,3;0;0;0.38;0;0
0,19|3,3;0;0.34;0;0;0
0,18|3,4;0;0;0;0.3;0
1,18|3,5;0.3;0;0;0;0
1,19|3,6;0.28;0;0;0;0
1,19|2,6;0;0.24;0;0;0
1,18|2,7;0;0;0;0;0.22
1,18|2,8;0;0.18;0;0;0
1,17|2,9;0;0.14;0;0;0
1,16|1,9;0;0.1;0;0;0
1,15|1,10;0.1;0;0.1;0;0
0,15|0,10;0.1;0;0;0;0
0,16|0,11;0.1;0;0;0;0.08000001
0,16|0,12;0;0;0.06;0;0
0,16|0,13;0;0.036;0;0;0
0,15|0,14;0;-20;-20;0.02;0
0,15|0,15;0;0;0;0;0
15,7|17,3;0.12;0;0;0;0
15,8|16,3;0;0;0.1;0;0
15,8|16,4;0;0;0;0.0708;0
16,9|16,7;0;0;0;0;0.02
16,9|16,8;0;0;0;0.02;-20
2,16|4,4;0;0;0;0;0.26
2,16|4,5;0;0;0;0.22;0
3,16|3,5;0.22;0;0;0;0
3,17|3,6;0;0;0;0.22;0
4,17|3,7;0;0.18;0;0;0
4,16|3,8;0.18;0;0;0;0
4,17|3,9;0.18;0;0;0;0
4,18|3,10;0;0;0;0.18;0
5,18|3,11;0;0.18;0;0;0
5,17|2,11;0;0.18;0;0;0
5,16|1,11;0.22;0;0;0;0
5,17|0,11;0.22;0;0;0;0
5,18|0,12;0;0;0;0.22;0
6,18|0,13;0;0;0.18;0;0
5,18|1,13;0;0.14;0;0;0
5,17|1,14;0;0;0;0;0.12
5,17|2,14;0;0.08000001;0;0;0
5,16|2,15;0;0;0;0;0.06
5,16|3,15;0;0.02;0;0;0
5,15|4,15;0;0.02;0;0;0
18,6|15,4;0;0;0.06720001;0;0
18,6|17,4;0;0;0;0;0.0472
17,6|3,15;0;0.46;0;0;0
17,5|3,14;0;0.46;0;0;0
17,4|3,13;0;0;0;0;0.44
17,4|4,13;0;0;0;0.44;0
18,4|5,13;0.4;0;0;0;0
18,5|6,13;0;0;0.36;0;0
17,5|7,13;0.32;0;0;0;0
17,6|8,13;0.28;0;0;0;0
17,7|9,13;0;0;0;0.3268;0
18,6|12,13;0;0.26;0.22;0;0
17,6|13,13;0.18;0;0;0;0
17,7|14,13;0;0.18;0;0;0
17,6|15,13;0.38696;0;0;0;0
17,7|15,12;0;0.252;0;0;0.12
17,6|15,11;0.1;0;0;0;0
17,7|15,10;0;0;0;0;0.08000001
17,7|15,9;0.04;0;0;0;0
17,8|15,8;0;0;0;0;0.02
17,8|16,8;0.036;0;0;0;0
17,9|16,9;0.02;0;-20;0;0
13,16|0,8;0.42;0;0;0;0
13,17|0,9;0;0;0;0.42;0
14,17|0,10;0;0;0.45092;0;0
13,18|0,12;0;0;0;0;0.36
13,18|0,13;0;0.32;0;0;0
13,17|0,14;0;0;0;0;0.3
13,17|0,15;0;0;0.26;0;0
12,17|1,15;0.2996;0;0;0.26;0
11,18|3,15;0.22;0;0;0;0
11,19|4,15;0.2;0;0;0;0
11,19|4,16;0;0;0;0.2324;0
12,18|5,17;0;0;0;0.16;0
13,18|6,17;0;0;0;0.16;0
14,18|7,17;0;0;0;0.16;0
15,18|7,18;0;0;0;0.16;0
16,18|8,18;0;0;0;0;0.14
16,18|9,18;0;0;0.118;0;0
15,16|12,18;0.06;0;0.06;0;0
15,17|12,17;0;0;0;0.0708;0
16,19|15,18;0;0;-20;0;0
8,3|12,0;0;0;0.14;0;0
7,3|12,1;0;0;0;0.1;0
8,3|12,2;0;0;0.1;0;0
7,3|11,2;0;0;0.1108;0.06;0
8,3|10,2;0;0;0;0;0.0472
8,3|8,2;0.02;0;0;0;0
2,13|18,17;0;0;0.4;0;0
1,13|17,17;0;0;0.4;0;0
0,13|16,17;0;0;0;0.36;0
1,13|15,17;0.32;0;0;0;0
1,14|14,17;0.28;0;0;0;0
1,15|14,16;0;0;0.28;0;0
0,15|13,16;0.24;0;0;0;0
0,16|12,16;0.24;0;0;0;0
0,17|11,16;0;0;0;0;0.22
0,17|10,16;0;0;0;0;0.2288
0,17|9,17;0;0;0.16;0;0
0,17|8,17;0;0;0;0.12;0
1,17|7,17;0;0;0.12;0;0
0,17|6,17;0;0;0;0;0.118
0,15|3,17;0;0.1108;0;0;0
0,14|1,17;0;0;0;0.04;0
1,14|1,16;0;0;0;0.04;0
2,14|1,15;0;0;0;0;0.02
2,14|1,14;0;0;-36;0;0
1,14|1,14;0;0;0;0;0
17,17|16,6;0;0.2;0;0;0
17,16|16,7;0.2;0;0;0;0
17,17|16,8;0;0;0;0;0.18
17,17|17,8;0;0;0;0.18;0
18,17|17,9;0;0;0.14;0;0
17,17|17,10;0.14;0;0.14;0;0
16,17|17,11;0;0;0;0;0.12
16,17|17,12;0.1460712;0;0;0;0.1144
18,8|10,12;0;0;0;0.24;0
19,8|11,12;0.2;0;0;0;0
19,9|12,12;0;0;0;0.18;0
19,9|13,12;0;0;0;0;0.2
19,9|13,13;0;0;0;0.18;0
19,9|14,13;0;0;0;0;0.16
19,9|15,13;0;0;0;0.1616;0
19,8|16,11;0.08000001;0.12;0;0;0
19,9|17,11;0.0472;0;0;0;0
19,10|19,10;0;0;0;0;0
3,11|19,7;0;0;0;0;0.38
3,11|19,8;0.36;0;0;0;0
3,11|19,9;0.34;0;0;0;0
3,11|18,9;0.32;0;0;0;0
3,11|17,9;0;0;0;0.28;0
4,11|16,9;0;0.24;0;0;0
4,10|16,10;0;0;0;0.2;0
5,10|15,10;0;0.24;0;0;0
5,9|15,11;0.24;0;0;0;0
5,10|15,12;0;0;0;0;0.2996
5,10|14,13;0;0.24;0;0;0
5,9|13,13;0;0.24;0;0;0
5,8|12,13;0;0;0;0;0.22
5,8|11,13;0;0;0.22;0;0
4,8|10,13;0.3492;0;0;0;0
4,9|9,13;0.28044;0;0;0;0
4,10|8,13;0.116344;0;0.158;0;0
2,10|6,13;0;0;0;0.1;0
3,10|5,13;0;0;0;0.130536;0
4,10|4,13;0;0;0;0.2469715;0
5,10|2,13;0.149088;0.16;0.2448;0.14;0.178232
4,10|1,13;0;0.1888;0;0.16;0
5,10|0,13;0;0;0;0.3140985;0.1616
5,9|0,11;0.1;0;0;0;0.12
5,10|1,11;0;0;0;0;0.16992
5,10|2,10;0;0;0;0.04;0.0472
5,10|3,10;0.04;0;-20;0;0
5,11|4,10;0.036;0;0;0.02;0
5,11|5,10;0;0;0.04612464;0;-20
11,1|3,10;0;0;0;0;0.32
11,1|3,9;0.3304;0;0;0;0
12,2|3,7;0;0;0;0;0.26
12,2|4,7;0.22;0;0;0;0
12,3|5,7;0;0;0.18;0;0
11,3|5,6;0;0;0;0;0.30816
11,2|6,5;0;0;0;0.288;0
12,2|7,5;0;0;0;0;0.1652
11,2|8,4;0;0;0.13608;0;0
11,2|9,3;0.0236;0.06;0;0;0
11,1|10,3;0;0.06;0;0;0
11,0|10,2;0;0;0;0;0.04
11,0|11,2;0;0;0;0;0.02
11,0|11,1;0;0;0.02;0;0
10,0|10,1;0;-36;0;0;0
10,0|10,0;0;0;0;0;0
17,13|11,0;0;0;0.34;0;0
16,13|12,0;0;0;0;0.34;0
17,13|12,1;0;0;0;0;0.3776
19,13|16,2;0;0;0;0;0.26
19,13|17,2;0;0;0;0.24;0
19,13|17,3;0;0;0.2;0;0
18,13|17,4;0;0;0.16;0;0
17,13|17,5;0;0;0.16;0;0
16,13|17,6;0;0.1416;0;0;0
15,12|17,8;0;0;0;0;0.1144
16,12|16,9;0;0.02;0;0.0708;0
16,12|17,10;0.0708;0;0;0;0
16,13|16,11;0;0;0.0436;0;0.0236
12,9|16,7;0;0;0;0;0.1
12,9|16,8;0.08000001;0;0;0;0.08000001
12,9|16,9;0;0.08000001;0;0;0
12,8|15,9;0;0.12;0;0.08000001;0
12,7|15,10;0.12;0;0;0;0
12,8|15,11;0;0.16;0;0;0
12,7|15,12;0;0.2;0;0;0
12,6|15,13;0;0;0.2;0;0
11,6|14,13;0;0;0.2;0;0
10,6|13,13;0;0;0;0.16;0
11,6|13,12;0;0.16;0;0;0
11,5|13,11;0;0;0;0.12;0
12,5|12,11;0.1416;0;0;0;0
11,6|10,11;0;0.16;0.12;0;0
11,5|9,11;0;0;0.16;0;0
10,5|8,11;0.1344;0;0;0;0
10,6|8,9;0.08000001;0.2584;0;0;0.0908
10,5|8,8;0;0;0;0.1;0.08000001
11,5|9,8;0.07680912;0;0.0744;0;0
9,5|11,8;0;0.12;0;0;0
9,5|12,8;0;0;0;0.08000001;0
10,5|12,7;0;0;0;0.0792;0
11,5|12,6;-20;0;0.072;0;0
9,16|0,2;0.46;0;0;0;0
9,17|0,3;0;0.42;0;0;0
9,16|0,4;0;0;0.38;0;0
8,16|0,5;0.4484;0;0;0;0
9,18|0,8;0;0;0;0;0.36
9,18|0,9;0;0;0;0;0.34
9,18|0,10;0.34;0;0;0;0
9,19|0,11;0.32;0;0;0;0
9,19|0,12;0;0;0.3232;0;0
9,19|2,14;0;0;0;0;0.22
9,19|3,14;0.2;0;0;0.22;0
9,19|4,14;0;0;0;0.2324;0
9,19|5,15;0.1616;0;0;0;0
9,18|6,16;0.19152;0;0;0;0
9,18|7,17;0;0.04817751;0;0;0
13,8|16,15;0;0;0;0;0.22
13,8|17,15;0.18;0;0.22;0;0
13,9|17,14;0;0.18;0;0;0
13,8|17,13;0;0.18;0;0;0
13,7|16,13;0;0.18;0;0;0
13,6|15,13;0.14;0;0.18;0;0
13,7|14,13;0.118;0;0;0.12;0
13,7|13,12;0.06;0;0;0;0
13,8|13,11;0;0.1;0;0.08000001;0
13,8|12,11;0.08000001;0.12;0;0;0
13,9|11,11;0;0;0.08000001;0;0
12,9|10,11;0;0;0;0.12;0
13,9|9,11;0.1616;0;0;0.14;0
13,9|8,11;0;0;0;0.2376;0
13,9|8,10;0;0.12;0;0.1144;0
13,8|8,9;0;0;0;0.18;0
13,8|8,8;0.1;0;0;0;0
13,9|9,8;0.08000001;0;0;0;0
13,9|10,8;0;0;0;0;0.06
13,9|11,8;0.0436;0;0;0;0
9,1|3,4;0;0;0.14;0;0
8,1|3,3;0;0.14;0;0;0
8,0|4,3;0;0.12;0;0.14;0
8,0|4,2;0;0;0.08000001;0;0
7,0|5,2;0;0;0.04;0;0
6,0|6,2;0;0.036;0;0;0
6,0|6,1;0;-20;0;0;-36
6,0|6,0;0;0;0;0;0
3,1|12,8;0.28;0;0;0;0
3,2|12,7;0;0;0;0;0.26
3,2|12,6;0;0;0;0;0.24
3,2|12,5;0;0;0;0;0.22
3,2|11,5;0.18;0;0;0;0
3,3|10,5;0.14;0;0;0;0
3,4|9,5;0;0;0;0;0.12
3,4|8,5;0.08000001;0;0;0;0
3,5|7,5;0;0;0;0.0472;0
5,5|8,3;0.1908;0;0;0;0
5,6|7,3;0;0.06;0.1;0;0
5,5|6,3;0.06;0;0;0;0
5,6|5,3;0;0.02;0;0;0
5,5|5,4;0;0;0;0;-20
10,15|7,17;0;0.0908;0;0;0
10,15|8,16;0;0.0436;0;0;0
10,16|9,15;0.04;0;0;0;0
10,17|9,16;0;0;-20;0;0
8,15|13,2;0;0;0.4;0;0
7,15|13,1;0;0;0.44;0;0
6,15|14,1;0;0;0;0.5156;0
8,15|15,3;0.38;0;0;0;0
8,16|15,4;0;0;0;0;0.36
8,16|15,5;0.36;0;0;0;0
8,17|15,6;0.36;0;0;0;0
8,18|15,7;0.36;0;0;0;0
8,19|15,8;0;0;0.36;0;0
7,19|15,9;0;0;0;0;0.34
7,19|15,10;0;0;0.34;0;0
6,19|15,11;0;0;0;0.399792;0
8,19|15,13;0;0;0;0.26;0
9,19|16,13;0.28;0;0;0;0
9,19|17,13;0.3032;0;0;0;0
8,19|17,15;0;0;0;0.22;0
9,19|17,16;0;0;0.22;0;0
8,19|16,16;0.2;0;0.22;0.2088;0
8,19|16,17;0;0.16;0;0;0
8,18|16,18;0;0.16;0;0;0
8,17|15,18;0;0.16;0;0;0
8,16|14,18;0.1344;0;0;0;0
8,16|13,17;0;0;0;0.08000001;0
9,16|12,17;0.04;0;0;0;0
9,17|11,17;0;0;0.04;0;0
8,18|9,17;0;0;0;0;0.02
8,18|8,17;0;0;0;0.02;0
11,12|8,8;0.1652;0;0;0;0
13,13|8,11;0.234;0;0;0;0
13,13|9,11;0.1;0;0;0.12;0
13,13|10,11;0;0;0.0636;0;0
12,11|11,11;0;-36;0;0;0
12,11|12,11;0;0;0;0;0
4,10|12,5;0;0.256;0;0;0
3,9|11,6;0;0.18;0;0;0
3,8|10,6;0;0;0.18;0;0
2,8|9,6;0;0;0;0;0.16
2,8|8,6;0.16;0;0;0;0
2,9|7,6;0;0;0;0.12;0
3,9|6,6;0;0;0.12;0;0
2,9|5,6;0;0.08000001;0;0;0
2,8|5,7;0;0.0792;0.08000001;0;0
2,7|4,7;0;0.04;0;0;0.02
2,6|3,7;0;0;0;-20;0.02
6,15|16,4;0.42;0;0;0;0
6,16|15,4;0;0.4448;0;0;0
7,15|15,6;0;0;0.34;0;0
6,15|15,7;0;0;0;0.3;0
7,15|15,8;0;0;0;0;0.28
7,15|15,9;0;0;0.28;0;0
6,15|15,10;0;0.26;0;0;0
6,15|15,11;0;0.24;0;0;0
6,15|15,12;0;0;0.2832;0;0
5,15|14,13;0.4356;0;0;0;0
5,16|13,13;0;0;0.22;0;0.2
4,16|12,13;0;0;0;0;0.2
4,16|11,13;0.2;0.16;0;0;0
4,17|10,13;0;0;0.2;0;0
3,17|9,13;0;0;0;0;0.18
3,17|8,13;0;0;0;0.1616;0
4,16|5,14;0;0.02;0;0;0
4,15|4,14;0.0436464;-20;0;0;-20
4,14|4,14;0;0;0;0;0
8,5|4,1;0;0;0;0;0.14
8,5|5,1;0;0;0;0;0.12
8,5|6,1;0.12;0;0;0;0
8,6|6,2;0.1;0;0;0;0
8,6|7,2;0.08000001;0;0;0;0
8,6|8,2;0;0;0;0.08000001;0
9,6|8,3;0;0;0;0.0908;0
10,6|10,5;0;-20;0;0;0
7,12|2,1;0;0.28;0;0;0
7,11|2,2;0;0;0;0;0.26
7,11|2,3;0;0;0;0;0.24
7,11|2,4;0;0.2;0;0;0
7,10|3,4;0.2;0;0;0;0
7,11|4,4;0;0;0.18;0;0
7,11|4,5;0.18;0;0;0;0
7,12|5,5;0.324;0;0;0;0
7,13|5,6;0;0;0;0.18;0
8,13|6,6;0;0;0.14;0;0
7,13|7,6;0.16;0;0.18;0;0
7,13|8,6;0.18;0;0;0;0
7,13|9,6;0;0;0.482184;0;0
6,13|10,6;0;0.4788;0;0.515448;0
6,13|11,6;0;0;0;0;0.5148
6,13|12,6;0;0;0.5148;0;0
5,13|12,7;0;0;0.26;0;0.24
4,13|12,8;0;0;0.26;0;0
3,13|11,8;0.26;0;0;0;0
3,14|10,8;0;0;0;0;0.24
3,14|9,8;0;0;0;0;0.22
3,14|8,8;0.22;0;0;0;0
3,15|7,8;0;0;0;0.18;0
4,15|7,9;0.18;0;0;0;0
4,16|7,10;0.18;0;0;0;0
4,17|7,11;0;0.1652;0;0;0
3,16|7,13;0;0.1;0;0;0
3,15|6,13;0;0;0.1;0.064248;0.08000001
4,14|4,13;0.02;-36;0;0;-20
17,6|7,15;0;0;0;0.38;0
18,6|8,15;0;0;0;0;0.36
18,6|9,15;0;0;0;0;0.34
18,6|10,15;0;0;0;0.34;0
19,6|11,15;0;0;0.63432;0;0
19,6|13,15;0;0;0;0;0.5472
19,6|14,15;0;0;0.24;0.26;0
18,6|15,15;0.2;0;0;0;0
18,7|16,15;0;0;0;0.2;0.18
19,7|17,15;0.16;0;0;0;0
19,8|18,15;0.12;0;0;0;0
19,9|18,14;0.0908;0;0;0;0
19,10|19,13;0;0;0.06;0;0
18,10|19,12;0.02;0;0;0;0
18,11|18,12;0;0;0;0.02;-20
19,11|19,12;-20;0.02;0;-20;0
17,10|18,10;0.02;0;0;0;0
17,12|17,11;0.02;-20;0;0;0
4,9|4,11;-20;0;0;0;0
18,8|5,2;0.4484;0;0;0;0
18,10|7,2;0;0;0;0;0.36
18,10|8,2;0.36;0;0;0;0
18,11|9,2;0;0;0.32;0;0
17,11|10,2;0;0;0;0;0.3
17,11|11,2;0;0;0;0.3;0
18,11|12,2;0;0;0;0;0.28
18,11|13,2;0;0;0.28;0;0
17,11|13,1;0;0;0.28248;0;0
16,10|15,1;0;0;0;0;0.324
16,10|15,2;0;0.27;0.14;0;0
16,9|15,3;0.14;0.1;0;0;0
16,8|15,4;0;0;0;0;0.08000001
16,8|15,5;0;0;0.04;0;0
15,8|15,6;0;0;0;0;0.02
15,7|15,7;0;0;0;0;0
11,11|8,17;0.14;0;0;0;0
11,12|8,16;0;0;0.1;0;0
10,12|8,15;0.1;0;0;0;0
10,13|7,15;0;0;0;0;0.1488
11,13|5,15;0;0.16;0;0;0
11,12|5,14;0;0.16;0;0;0
11,11|5,13;0;0;0.138;0;0.14
11,11|6,13;0;0;0;0;0.12
11,11|7,13;0;0;0;0;0.1
11,11|7,12;0.06720001;0;0;0;0
11,13|9,12;0.0436;0;0;0;0
3,10|0,8;0.1;0;0;0;0
3,11|1,8;0.08000001;0;0;0;0
3,11|1,9;0;0;0;0.08000001;0
4,11|2,9;0;0;0;0;0.06
4,11|2,10;0;0;0;0.06;0
5,11|2,11;0;0;0.0236;0;0.072
5,11|3,11;0.02;0;-20;0;0
15,19|13,0;0;0.38;0;0;0
15,18|14,0;0;0.34;0;0;0
15,17|15,0;0.34;0;0;0;0
15,18|15,1;0.34;0;0;0;0
15,19|15,2;0;0;0.34;0;0
14,19|15,3;0;0;0.7254;0;0
14,18|15,10;0.18;0;0;0;0
14,19|15,11;0;0;0.2124;0;0
12,19|16,13;0;0;0;0.2;0
13,19|17,13;0.2052;0;0;0;0
15,19|16,15;0;0;0.1;0;0.08000001
15,19|15,15;0.06;0;0.0908;0;0
15,19|15,16;0;0;0.0636;0;0
14,19|14,17;0;-20;0;0;0.024248
7,4|4,8;0;0;0;0.14;0
8,4|4,7;0;0;0;0;0.12
8,4|4,6;0;0;0.08000001;0;0
7,4|5,6;0;0;0;0;0.06
7,4|5,5;0;0;0;0.1188;0
8,4|6,5;0;0.06;0;0;0.04
8,3|7,5;0;0;0.02;0;0
7,3|7,4;0;0;0.036;0;-20
5,3|6,3;0.02;0;0;0;-20
5,3|5,3;0;0;0;0;0
3,19|11,9;0;0.32;0;0;0
3,18|10,9;0;0;0;0.28;0
4,18|9,9;0.28;0;0;0;0
4,19|8,9;0;0;0;0.2796;0
5,19|7,10;0.2;0;0;0;0
5,19|7,11;0.2052;0;0;0;0
5,19|7,13;0.1616;0.1416;0;0;0
4,19|5,17;0;0;0.06;0;0
3,19|4,17;0.1004068;0;0;0;0
3,18|3,18;0;0;0;0;0
19,18|4,9;0.48;0;0;0;0
19,19|4,10;0;0;0;0;0.46
19,19|4,11;0;0.46;0;0;0
19,18|3,11;0;0;0;0;0.48
19,18|2,11;0.52;0;0;0;0
19,19|1,11;0;0;0;1.55988;0
19,19|0,12;0.669776;0;0.95616;0;0.5
18,19|0,13;0;0.8496;0;0;0
17,18|2,13;0;0;0;0;0.38
17,18|2,14;0.38;0;0;0.38;0
17,19|2,15;0;0;0;0.38;0
18,19|3,15;0;0;0.34;0;0
17,19|3,16;0;0;0;0;0.63
17,19|4,16;0;0;0.28;0;0.3
17,19|4,17;0;0;0;0;0.28
17,19|5,17;0;0;0;0;0.26
17,19|6,17;0;0;0;0;0.432
17,19|7,17;0;0.2;0;0;0
17,18|8,17;0;0.1852;0;0;0.18
17,18|9,17;0.18;0;0;0;0
17,19|10,17;0;0;0;0.2052;0
18,19|12,17;0;0.12;0;0;0
18,18|13,17;0.12;0;0;0;0
18,19|14,17;0;0;0;0.12;0
19,19|14,18;0;0;0;0;0.1
19,19|14,19;0.08000001;0;0.078864;0;0
18,17|18,19;0;0.04;0;0;0
18,16|18,18;-20;0;0;0;0
18,17|18,17;0;0;0;0;0
1,9|7,16;0.22;0;0;0;0
1,10|6,16;0;0;0.22;0;0
0,10|5,16;0;0.22;0;0;0
0,9|4,16;0;0;0;0;0.2
0,9|3,16;0;0;0;0.16;0
1,9|3,15;0;0;0;0;0.1652
1,9|2,14;0;0.12;0;0;0
1,8|2,13;0;0.12;0;0;0
1,7|1,13;0.162768;0;0.12;0;0
1,8|0,11;0;0;0;0.08000001;0
2,8|0,10;0.048496;0.08720001;0;0;0
1,7|1,9;-20;0;0;0;0
9,18|19,13;0.3;0;0;0;0
9,19|19,14;0;0;0.3;0;0
8,19|19,15;0;0;0;0;0.28
8,19|19,16;0;0;0.28;0;0
7,19|18,16;0;0;0;0;0.26
7,19|17,16;0;0;0;0;0.24
7,19|17,17;0;0;0;0;0.22
7,19|16,17;0;0.18;0;0;0
7,18|15,17;0.18;0;0;0;0
7,19|15,18;0.16;0;0;0;0
7,19|14,18;0.14;0;0;0;0
7,19|13,18;0.12;0;0;0;0
7,19|12,18;0.207864;0;0;0;0
7,19|11,18;0.1548;0;0.1;0;0
7,19|11,19;0.1116;0;0;0;0
7,19|10,19;0;0;0.06;0.02;0
8,19|9,19;-20;0;0;0;0
8,19|8,19;0;0;0;0;0
13,7|8,1;0.22;0;0;0;0
13,8|8,2;0.256;0;0;0;0
13,9|13,6;0;0;0.06;0;0
12,9|13,7;0;0;0.06720001;0;0
11,8|12,8;0;0;0.02;0;-20
4,4|19,16;0;0;0.54;0;0
3,4|18,16;0;0;0;0;0.52
3,4|17,16;0.48;0;0;0;0
3,5|16,16;0.44;0;0;0;0
3,6|15,16;0.4;0;0;0;0
3,7|14,16;0.36;0;0;0;0
3,8|13,16;0.32;0;0;0;0
3,9|13,15;0;0.32;0;0;0
3,8|12,15;0;0.32;0;0;0
3,7|11,15;0;0.32;0;0;0
3,6|10,15;0.28;0;0;0;0
3,7|9,15;0.24;0;0;0;0
3,8|8,15;0;0.24;0;0;0
3,7|7,15;0;0;0;0;0.22
3,7|6,15;0.18;0.22;0;0;0
3,8|5,15;0.1652;0;0;0;0
3,8|4,14;0;0;0.14;0;0
2,8|4,13;0;0;0;0.1;0
3,8|3,13;0.1;0.1724;0;0;0
3,9|2,13;0;0.30744;0;0;0
3,7|0,13;0.14;0;0;0.36936;0
3,8|0,12;0.1;0;0.1108;0.158;0
3,9|0,11;0;0;0;0.1;0
4,9|1,11;0.06;0.1;0;0;0
4,10|1,10;0;0;0;0.06720001;0
19,10|16,13;0.08000001;0;0;0;0
19,11|16,12;0;0;0;0.06;0
19,11|17,12;0;0;0;0;0.04
19,11|18,12;-20;0;0;0;0
10,15|18,8;0.3;0;0;0;0
10,16|18,9;0.3;0;0;0;0
10,17|18,10;0.3;0;0;0;0
10,18|17,10;0;0;0;0;0.28
10,18|17,11;0.28;0;0;0;0
10,19|17,12;0;0;0;0.24;0
11,19|17,13;0;0;0;0;0.256
10,19|17,15;0;0;0;0.18;0
11,19|17,16;0;0;0.18;0;0
10,19|17,17;0;0.14;0;0;0
10,18|16,17;0;0;0;0;0.12
10,18|16,18;0.12;0;0;0;0
10,19|15,18;0;0;0.12;0;0.1
10,19|14,18;0;0;0;0.06;0
11,19|13,18;0;0.02;0;0;0
9,6|11,0;0;0;0;0;0.14
9,6|10,0;0;0;0;0;0.12
9,6|10,1;0.1944;0;0;0;0
9,6|10,2;0;0;0;0.1045071;0.08000001
9,6|9,2;0;0.04;0;0;0
9,5|9,3;0;0;0;0;0.06
9,5|8,3;0;0;0;0;0.08272801
7,0|9,13;0;0;0.3;0;0
6,0|8,13;0;0;0;0.26;0
7,0|8,12;0;0.24;0;0;0
7,0|8,11;0.2;0;0;0;0
7,1|8,10;0;0;0;0.16;0
8,1|8,9;0;0.16;0;0;0
8,0|8,8;0.16;0;0;0;0
8,1|9,8;0;0;0;0.44944;0
9,1|10,8;0.16;0.396;0;0;0
9,2|11,8;0;0;0;0;0.18
9,2|12,8;0.1652;0;0;0;0
10,3|12,6;0;0;0;0;0.08000001
10,3|11,6;0.06;0;0;0;0
10,3|11,5;0.04;0;0;0;0
10,3|10,5;0;0.08000001;0;0;0
10,2|9,5;0;0.12;0;0;0
10,1|8,5;0.09156465;0;0;0;0
10,2|9,2;0;0;0;0.04536;0
11,1|11,2;-20;0;0;0;0
11,2|11,2;0;0;0;0;0
9,19|19,12;0;0;0;0;0.32
9,19|19,13;0.3;0;0;0;0
9,19|18,13;0;0.3068;0;0;0
8,18|17,14;0;0.22;0;0;0.24
8,17|17,15;0.22;0.18;0;0;0
8,18|16,15;0.462384;0;0;0;0
9,19|15,17;0;0;0;0.138;0
9,19|14,18;0;0;0;0;0.1
9,19|13,18;0.08000001;0;0;0;0
9,19|12,18;0.108;0;0;0;0
9,19|12,19;0.04;0;0;0;0
9,19|11,19;0;0;0;0;0.02
9,19|10,19;0;0;0;0;-20
8,19|11,5;0;0.3;0;0;0
8,18|11,6;0;0;0.3976;0.3;0
9,18|12,6;0.3;0;0;0;0
9,19|12,7;0;0;0;0;0.3268
10,19|11,8;0;0;0;0;0.22
10,19|11,9;0;0;0;0;0.2
10,19|10,9;0;0.2;0;0;0
10,18|9,9;0.24;0;0.2;0;0
9,18|8,9;0.2;0;0;0;0
9,19|8,10;0.18;0;0.16;0;0
9,19|8,11;0;0;0;0.18;0
10,19|8,12;0;0;0.1724;0;0
8,19|7,13;0;0;0;0;0.16
8,19|6,13;0;0;0;0.2324;0
9,19|7,16;0;0;0;0;0.09944
10,19|9,16;0;0;0;0;0.06
10,19|10,16;0.04;0;0;0;0
10,19|10,17;0.024248;-20;0;0;0
0,18|2,2;0;0;0;0;0.34
0,18|1,2;0;0;0;0.3;0
1,18|1,3;0;0;0;0.3;0
2,18|1,4;0;0;0;0;0.28
2,18|1,5;0;0;0;0;0.26
2,18|1,6;0;0;0.22;0;0
1,18|1,7;0.22;0;0;0;0
1,19|1,8;0;0;0;0;0.2
1,19|1,9;0.18;0;0;0;0
1,19|1,10;0.197584;0;0;0;0
1,19|0,14;0;0.08000001;0;0;0
1,18|0,15;0;0;0;0.08000001;0
2,18|0,16;0.0908;0;0;0;0.108
2,19|1,18;0.0276464;0;0;0.0436;0
1,1|1,14;0;0;0;0;0.290328
1,0|1,11;0;0.2;0;0;0
1,0|1,10;0.16;0;0.2;0;0
0,0|1,9;0;0;0;0.1852;0
0,0|1,7;0;0.14;0;0;0
0,0|0,7;0.1;0;0;0;0
0,1|0,6;0;0;0.08000001;0;0
0,1|0,5;0;0;0;0;0.1116
0,1|0,4;0.040248;0;0;0;0
0,2|0,3;0;0.02;-20;0.06952304;0
0,1|0,2;-20;0.02;0;0;0
0,0|0,1;0;0;0;0;-20
0,0|0,0;0;0;0;0;0
13,2|13,5;0;0;0.06;0;0
12,2|12,5;0.0744;0;0;0;0
12,2|10,5;0;0.14;0.1;0;0
12,1|9,5;0;0;0.14;0;0
11,1|8,5;0.112744;0;0;0;0
9,2|9,3;-20;0;0;0;0
16,6|5,18;0;0;0;0.46;0
17,6|6,18;0.42;0;0;0.46;0
17,7|6,17;0;0.42;0;0;0
17,6|6,16;0.38;0;0;0;0
17,7|7,16;0.34;0;0;0;0
17,8|8,16;0;0;0;0;0.32
17,8|9,16;0;0.32;0;0;0
17,7|10,16;0.28;0;0;0;0
17,8|10,15;0.24;0;0;0;0
17,9|11,15;0;0;0.2;0;0
16,9|12,15;0;0.2;0;0;0
16,8|13,15;0.16;0;0;0;0
16,9|14,15;0;0;0;0.16;0
17,9|15,15;0;0.1816;0;0;0.14
17,8|17,15;0.1;0;0;0;0
17,9|17,14;0;0;0;0;0.08000001
17,9|17,13;0;0.08000001;0;0;0
17,8|17,12;0;0;0.08720001;0;0
16,7|17,10;0.04;0;0.08000001;0;0
16,8|16,10;-20;0.04;0;0;0
11,1|7,9;0;0;0;0.24;0
12,1|8,9;0.2;0;0;0;0
12,2|9,9;0;0;0.16;0;0
11,2|9,8;0.12;0;0;0;0
11,3|10,8;0;0;0.12;0;0
10,3|11,8;0;0;0;0.12;0
11,3|12,8;0.1;0;0;0;0
11,3|12,7;0.08000001;0;0;0;0
11,3|12,6;0;0;0;0.0508;0
11,2|9,5;0.1144;0;0;0;0
10,3|8,4;0;0;0;0;0.04
10,3|8,3;0.02648;0;0;0;0
4,8|3,9;0;0;-20;0;0
18,15|14,13;0;0;0.08000001;0;0
17,15|15,13;0.08000001;0;0;0;0
17,16|16,13;0;0;0.1559664;0;0
16,16|17,13;0;0.04;0;0;0.06648
16,16|16,15;0;-20;0;0;0
16,15|16,15;0;0;0;0;0
16,18|17,1;0.36;0;0;0;0
16,19|17,2;0;0;0;0;0.34
16,19|17,3;0;0.3;0;0;0
16,18|17,4;0;0.3032;0;0;0
16,18|17,8;0;0.18;0;0.18;0
16,17|17,9;0;0;0;0.1652;0
17,18|17,11;0.14;0;0;0;0.12
17,18|17,12;0.12;0;0;0;0
17,19|17,13;0;0;0.136992;0;0.1440364
16,18|17,15;0.0944;0;0;0;0
15,19|16,17;0;0.0396;0;0;0
12,17|12,8;0.18;0;0;0;0.16
12,17|12,9;0;0.16;0;0;0
12,16|11,9;0;0;0;0;0.18
12,16|10,9;0;0;0.18;0;0
11,16|9,9;0;0;0.18;0;0
10,16|8,9;0;0;0;0.18;0
11,16|8,10;0;0;0.14;0;0
10,16|8,11;0;0;0;0;0.12
10,16|8,12;0.12;0;0;0;0
10,17|8,13;0;0;0.12;0;0
9,17|7,13;0.16;0;0;0;0
9,18|6,13;0;0.1888;0;0;0
9,16|5,14;0;0.08000001;0;0;0
9,15|5,15;0;0.06;0;0;0
9,15|6,15;0;0;0;0;0.0872928
9,15|7,15;0;0.02;-20;0.08496;0
10,16|10,15;0;0;0.02436464;0;0
15,4|13,15;0;0;0;0.26;0
16,4|14,15;0.22;0;0;0;0
16,5|15,15;0;0;0.22;0;0
15,5|16,15;0.22;0;0;0;0
15,6|17,15;0.18;0;0;0;0
15,7|17,14;0.14;0;0;0;0
15,8|17,13;0;0.14;0;0;0.12
15,8|16,13;0.08000001;0;0;0;0
15,9|16,12;0.04;0;0;0;0
15,10|16,11;0;0.04;0;0;0
15,9|16,10;0;0.04;0;0;0
15,8|16,9;0;0;0;0;0.02
15,8|16,8;0;0;-20;-20;0
16,8|16,8;0;0;0;0;0
13,9|17,13;0;0;0.16;0;0
12,9|16,13;0.14;0;0;0;0
12,9|15,13;0.12;0;0;0;0
12,9|14,13;0;0;0;0;0.1
12,9|13,13;0;0.1944;0;0;0
12,8|12,13;0.06;0;0;0;0
12,9|12,12;0;0;0.108;0;0
11,9|11,12;0;0;0.06;0;0
10,9|10,12;0;0;0;0;0.04
10,9|10,11;0.07569601;0;0;0;0.06
10,9|9,11;0.08720001;0.1;0;0;0
11,9|8,10;0;0.08000001;0;0.091448;0
11,8|8,9;0.04;0;0;0;0
11,9|9,9;0;0.11056;-20;0;0
11,8|9,8;0;0.02;0;0.0792;0.0436464
12,8|10,8;0;0.04;-20;0;0
1,18|18,12;0.46;0;0;0;0
1,19|18,13;0.44;0;0;0;0
1,19|17,13;0;0;0;0;0.42
1,19|17,14;0.4;0;0;0;0
1,19|17,15;0;0;0;0;0.38
1,19|16,15;0.36;0;0;0;0
1,19|15,15;0.34;0;0;0;0
1,19|15,16;0;0;0;0;0.32
1,19|14,16;0;0;0;0.28;0
2,19|13,16;0;0;0;0.24;0
3,19|12,16;0.22;0;0;0;0
3,19|12,17;0;0;0.22;0;0
2,19|12,18;0;0.18;0;0;0
2,18|11,18;0;0;0;0.1652;0
3,16|9,17;0;0;0;0.12124;0
4,16|6,17;0;0;0.0708;0.0236;0
6,17|6,16;0;0;0;0;-20
15,19|10,6;0;0.32;0;0;0
15,18|11,6;0;0;0;0.32;0.3
16,18|12,6;0;0;0.28;0;0.3
15,18|12,7;0.28;0;0;0;0.26
15,18|12,8;0.26;0;0;0;0
15,19|12,9;0;0;0.26;0;0
14,19|11,9;0;0.26;0;0;0
14,18|10,9;0;0;0.26;0;0
13,18|9,9;0.3;0;0.26;0;0.28
13,19|8,9;0.28;0;0;0;0
13,19|8,10;0;0;0;0;0.2996
14,19|8,12;0;0;0.22;0.26;0
13,19|8,13;0;0.22;0;0;0
13,18|7,13;0.26;0;0;0;0
13,19|6,13;0;0;0.2996;0;0
8,19|6,18;0;0.02;0;0;0.0436
8,18|7,18;0;0;0;0.02;0
12,17|4,3;0;0;0;0;0.42
12,17|4,4;0.42;0;0;0;0
12,18|4,5;0.42;0;0;0;0
12,19|4,6;0;0;0.38;0;0
11,19|4,7;0;0;0;0;0.36
11,19|4,8;0.34;0;0;0;0
11,19|4,9;0;0;0.3;0;0
10,19|4,10;0.28;0;0;0;0
10,19|4,11;0;0.28;0;0;0
10,18|3,11;0.32;0;0;0;0
10,19|2,11;0;0;0;0.432;0
10,19|0,11;0.72216;0;0;0;0
9,19|0,13;0;0;0.26;0;0
8,19|0,14;0.24;0;0;0;0
8,19|0,15;0.22;0;0;0;0
8,19|1,15;0;0.18;0;0;0
8,18|2,15;0;0;0;0.18;0
9,18|2,16;0;0;0.14;0;0
8,18|2,17;0;0;0;0.14;0
9,18|3,17;0;0;0;0;0.12
9,18|3,18;0.12;0;0.08980807;0;0
9,19|4,18;0;0.0908;0;0;0
10,18|6,18;0;0.08000001;0;0;0
10,17|7,18;0;0;0.04;0;0
10,19|9,19;-20;0.02;0;0;0
10,19|10,19;0;0;0;0;0
19,13|3,11;0.4;0;0;0;0
19,14|2,11;0;0;0.4;0;0
18,14|1,11;0;0;0;0.44;0
19,14|0,11;0;0;0.4;0;0
18,14|0,12;0;0;0;0.4;0
19,14|0,13;0.72;0;0;0.4484;0
19,15|0,14;0;0.36;0;0;0
19,14|1,14;0;0;0.32;0;0
18,14|2,14;0;0;0.28;0;0
17,14|3,14;0;0.28;0;0;0
17,13|4,14;0.24;0;0;0;0
17,14|5,14;0.2832;0;0;0;0
17,14|6,15;0.2;0;0;0;0
17,15|7,15;0;0.2;0;0;0
17,14|8,15;0;0;0.18;0;0
17,14|9,15;0.14;0;0;0;0
17,15|10,15;0;0;0.1;0;0
16,15|11,15;0;0.08000001;0;0;0
16,15|12,15;0;0;0.04;0;0
15,15|13,15;0.04;0;0;0;0
15,16|14,15;0;0;0;0.04;0
16,16|15,15;0.04;0;0;0;0
16,17|15,16;0;0;-20;0;0
15,17|15,17;0;0;0;0;0
10,17|19,9;0;0;0.34;0;0
9,17|18,9;0;0;0;0;0.32
9,17|18,10;0;0;0;0.28;0
10,17|18,11;0;0.24;0;0;0
10,16|18,12;0;0.2;0;0;0
10,15|17,12;0.2;0;0;0;0
10,16|17,13;0;0;0;0;0.18
10,16|17,14;0;0;0;0.14;0
11,16|17,15;0;0;0.14;0.1;0
10,16|16,15;0.14;0;0;0;0
10,17|16,16;0;0;0;0;0.12
10,17|15,16;0;0.08000001;0;0;0
10,16|14,16;0;0;0;0;0.06
10,16|13,16;0;0;0.06;0;0
9,16|12,16;0;0;0.06;0;0
8,16|11,16;0.06;0;0.06;0.03015232;0
8,17|11,17;0;0.12744;0;0;0
7,16|10,16;0;0;0;0;0.04
7,16|9,16;0;0;0;-20;0
4,18|11,18;0.14;0;0;0;0
4,19|10,18;0.138;0;0;0;0
15,15|2,10;0;0;0.32;0;0
14,15|2,11;0;0;0.32;0;0
13,15|1,11;0;0;0;0;0.34
13,15|0,11;0;0;0.3468;0;0
12,15|0,13;0.28;0;0.24;0;0
12,16|0,14;0.3304;0;0;0;0
13,17|2,15;0;0;0;0.26;0
14,17|2,16;0;0;0;0.26;0
15,17|2,17;0;0.26;0;0;0
15,16|3,17;0;0;0.22;0;0
14,16|4,17;0.18;0;0;0;0
14,17|5,17;0;0;0;0.18;0
15,17|6,17;0.18;0;0;0;0
15,18|7,17;0;0;0;0;0.16
15,18|8,17;0;0;0;0.16;0.14
16,18|9,17;0.16;0;0;0;0
16,19|10,17;0;0.12;0;0;0
16,18|10,18;0;0;0;0.12;0
17,18|11,18;0.12;0;0;0;0
17,19|12,18;0;0;0.08000001;0;0
16,19|13,18;0;0;0;0.08000001;0
17,19|14,18;0;0;0;0.08000001;0
18,19|15,18;0;0;0;0;0.06
18,19|16,18;0;0;0.02648;0.118728;0
4,10|0,4;0.2;0;0;0;0
4,11|1,4;0;0;0;0;0.18
4,11|2,4;0;0;0;0.2088;0
4,11|3,6;0;0.08000001;0;0;0
4,10|3,7;0;0;0;0.08000001;0
5,10|3,8;0;0;0;0;0.06
5,10|4,8;0.115848;0;0;0;0
5,11|4,9;0;0;0;0.0436;0.0436
6,17|4,17;0.044248;0;0;0;0
7,18|5,18;0.04;0.08049601;0;0.0472;0
7,17|5,17;0.07776;0;0;0;0
7,18|6,17;0;0;-20;0.04;0
8,18|6,18;0;0.04;0;0.04;0
8,17|7,18;0;0;0;0.04;0
9,17|8,18;-20;0;0;0;0
11,1|1,11;0;0;0.36;0;0
10,1|2,11;0.32;0;0;0;0
10,2|2,10;0.28;0;0;0;0
10,3|2,9;0;0.28;0;0;0.26
10,3|3,9;0;0;0.22;0;0
9,3|3,8;0;0;0;0.22;0
10,3|3,7;0.2;0;0;0;0
10,3|4,7;0;0;0;0.2324;0
11,3|6,6;0;0.1888;0;0;0
12,2|6,4;0.12;0;0;0;0
12,3|7,4;0;0;0;0;0.1144
13,3|8,3;0;0;0;0;0.08000001
13,3|9,3;0;0.08000001;0;0;0
13,2|10,3;0.0472;0;0;0;0
13,3|12,3;-36;0;0;0;-20
13,3|13,3;0;0;0;0;0
0,13|3,7;0;0;0;0.14;0.16
1,13|3,8;0;0.12;0;0;0
1,13|3,9;0.12;0;0;0;0
1,14|2,9;0.12;0;0;0;0
1,15|1,9;0.12;0;0;0;0.118
1,16|1,10;0.12;0;0;0;0
1,17|1,11;0.16;0;0;0;0
1,18|0,11;0;0;0;0.16;0
2,18|0,12;0;0;0;0;0.17564
3,18|0,14;0;0;0;0;0.12
3,18|1,14;0.138;0;0;0;0
4,18|2,16;0;0.04;0;0;0
4,17|3,16;0.04;0;0;0;0
4,18|3,17;0;0;0;0.0472;0
3,6|11,1;0;0.22;0;0;0
3,5|11,2;0;0;0;0;0.2
3,5|10,2;0;0.16;0;0;0
3,4|10,3;0.16;0;0;0;0
3,5|9,3;0.16;0;0;0;0
3,6|8,3;0;0;0.16;0;0
2,6|7,3;0;0.12;0;0;0
2,5|6,3;0;0;0;0;0.1
2,5|6,4;0.1;0;0;0;0
2,6|5,4;0;0.06;0;0;0
2,5|4,4;0;0;0;0;0.04
2,5|4,5;0.05296;0;0.04;0;0
1,5|3,5;0.04;0;0;0;0
1,6|2,5;0;0;0;0;0.02
1,6|2,6;0;0.02;0;0;0
0,5|1,5;0.02;0;0;0;0
0,7|0,6;0;0;-20;0;0
1,0|16,2;0;0;0.34;0;0
0,0|16,1;0;0.32;0;0;0
0,0|15,1;0;0;0.3;0;0
0,0|14,1;0;0;0;0;0.28
0,0|13,1;0;0;0;0.24;0
1,0|12,1;0;0.22;0;0;0
1,0|11,1;0;0.2;0;0;0
1,0|10,1;0;0;0;0;0.18
1,0|9,1;0;0;0.18;0;0
0,0|8,1;0.14;0;0;0;0
0,1|7,1;0;0.14;0;0;0
0,0|6,1;0;0.12;0;0;0
0,0|6,0;0;0;0;0;0.1
0,0|5,0;0;0.08000001;0;0;0
0,0|4,0;0;0;0.06;0;0
0,0|3,0;0;0;0.04;0;0
0,0|2,0;0.04;0;0;0;0.02
0,1|2,1;0;0;0;-20;0
1,1|1,1;0;0;0;0;0
17,11|8,9;0;0;0;0.22;0
18,11|8,10;0;0;0;0;0.2
18,11|8,11;0.2;0;0;0;0
18,12|9,11;0;0.16;0;0;0
18,11|10,11;0.16;0;0;0;0
18,12|10,12;0.3168;0;0;0;0
18,13|10,13;0.16;0;0.12;0;0
18,14|11,13;0;0.1344;0;0;0
19,12|14,13;0;0;0.08000001;0;0
18,12|15,13;0;0;0;0.0908;0
12,1|11,6;0;0;0;0.12;0
13,1|11,5;0;0;0;0.16;0
14,1|10,5;0;0;0;0;0.36
14,1|9,5;0.396;0;0;0;0
14,1|8,5;0;0.2;0.16;0;0
14,0|8,4;0;0;0.16;0;0
13,0|8,3;0;0;0;0.16;0
14,0|8,2;0.12;0;0;0;0
14,1|9,2;0;0;0;0;0.1
14,1|9,1;0.08000001;0;0;0;0
14,1|10,1;0;0.08000001;0.04;0;0
13,2|11,2;0.0472;0;0;0.0236;0
16,12|2,11;0;0;0.3;0;0
15,12|1,11;0;0.3612;0;0;0
16,11|1,13;0;0;0.3;0;0
15,11|2,13;0;0;0.5508;0;0
15,11|3,13;0;0;0;0;0.5148
15,11|4,13;0;0.26;0;0.26;0
16,11|5,13;0;0.26;0;0;0
16,10|6,13;0.22;0;0;0;0
16,11|7,13;0;0;0;0.2596;0
18,11|16,13;0.04;0;0;0;0
18,12|17,13;0;0;0;0;0.02
4,15|19,2;0.56;0;0;0;0
4,16|19,3;0;0.52;0;0;0
4,15|19,4;0;0;0;0;0.5
4,15|19,5;0.5;0;0;0;0
4,16|19,6;0;0.46;0;0;0
4,15|19,7;0.46;0;0;0;0
4,16|18,7;0;0.8439121;0;0;0
4,15|18,8;0;0;0.8107201;0;0
2,15|18,10;0;0;0;0;0.4
2,15|18,11;0.4;0;0;0;0
2,16|18,12;0;0;0;0;0.38
2,16|18,13;0.38;0;0;0;0
2,17|18,14;0.38;0;0;0;0
2,18|17,14;0;0.34;0;0;0
2,17|17,15;0.34;0;0;0;0
2,18|16,15;0;0;0;0;0.32
2,18|15,15;0;0.28;0;0;0
2,17|14,15;0;0;0;0;0.26
2,17|13,15;0;0.22;0;0;0
2,16|13,16;0.22;0;0;0;0
2,17|12,16;0;0.18;0;0;0
2,16|11,16;0;0.18;0;0;0
2,15|10,16;0.14;0;0;0;0
2,16|9,16;0.14;0;0;0;0
2,17|8,16;0.14;0;0;0;0
2,18|7,16;0;0.1;0;0;0
2,17|7,17;0;0;0;0.06;0
3,17|6,17;0;0;0.06;0.024248;0
2,17|5,17;0;0.06;0;0;0
2,16|5,16;0;0.0708;0;0;0
2,16|3,16;0;0;0;0;-20
19,13|2,8;0.44;0;0;0;0
19,14|2,9;0.44;0;0;0;0
19,15|2,10;0.44;0;0;0;0
19,16|2,11;0.48;0;0;0;0
19,17|1,11;0.52;0.9432001;0;0;0
19,18|0,11;0.6064;0;0;0;0
19,19|0,13;0;0.46;0;0;0.9432001
19,19|0,14;0;0.44;0.44;0;0
18,19|0,15;0;0;0;0.44;0
19,19|0,16;0;0;0.4;0;0
18,19|1,16;0.38;0;0;0;0
18,19|1,17;0.36;0;0;0;0
18,19|2,17;0;0;0;0;0.34
18,19|2,18;0;0;0;0.34;0
19,19|2,19;0;0.34;0;0;0
19,18|3,19;0;0;0;0.32;0
19,18|4,19;0.28;0;0;0;0
19,19|5,19;0;0.28;0;0;0
19,18|6,19;0;0;0.24;0;0
18,18|7,19;0;0;0.2;0;0
17,18|8,19;0;0.2;0;0;0
17,17|9,19;0.16;0;0;0;0
17,18|10,19;0;0;0;0;0.14
17,18|11,19;0;0.14;0;0;0
17,17|12,19;0;0;0;0.14;0
18,17|13,19;0.1;0;0;0;0
18,18|14,19;0.08358721;0;0;0;0
12,5|13,19;0;0;0;0;0.28
12,5|13,18;0;0.26;0;0;0
12,5|13,17;0.22;0;0;0;0
12,6|13,16;0;0;0.22;0;0
11,6|12,16;0;0.22;0;0;0
11,5|12,15;0;0;0;0.2596;0
12,5|9,15;0;0;0;0;0.28
12,5|8,15;0;0;0.28;0;0
11,5|7,15;0.28;0;0;0;0
11,6|6,15;0.3;0;0;0;0
11,6|5,15;0.28;0;0;0;0
11,6|5,14;0;0;0;0;0.26
11,6|5,13;0;0;0;0.26;0
12,6|6,13;0.22;0;0;0;0
12,7|7,13;0;0;0;0.22;0
13,7|7,12;0;0.22;0;0;0.2
13,7|8,12;0;0;0;0;0.3564
13,7|8,11;0;0.3564;0;0;0
13,6|8,10;0;0.18;0;0.16;0
13,5|8,9;0;0.16;0;0;0
13,5|8,8;0;0;0.1344;0;0
12,5|10,8;0;0.08000001;0;0;0
12,5|11,8;0;0;0;0.08000001;0
13,5|12,8;0;0;0.04;0;0
12,5|12,7;0;0.02;0;0;0
9,3|2,5;0;0;0.14;0;0
8,3|3,5;0.1;0;0;0;0
8,4|4,5;0;0;0.0708;0;0
8,4|7,5;0;0.04;0;0;0
8,3|7,4;0;0;-20;0;0
18,7|4,8;0;0.3;0;0;0
18,6|4,7;0;0.3;0;0;0
18,5|4,6;0;0;0;0.3;0
19,5|5,6;0;0.3;0;0;0
19,4|5,5;0;0.3;0;0;0
19,3|6,5;0.26;0;0;0;0
19,4|7,5;0.22;0;0;0;0
19,5|8,5;0;0;0;0.24;0
19,5|8,4;0.28;0;0;0;0
19,6|8,3;0;0;0;0;0.26
19,6|9,3;0;0;0.22;0;0
18,6|10,3;0;0.18;0;0;0
18,5|11,3;0.18;0;0;0;0
18,6|12,3;0;0;0.14;0;0
17,6|13,3;0;0;0.289584;0;0
16,6|13,2;0;0;0;0.37944;0
18,6|14,1;0;0.160592;0;0;0
19,5|15,2;0;0.1;0;0;0
19,4|15,3;0;0;0.06;0;0
18,4|16,3;0.06;0;0;0;0
18,5|16,4;0;0.02;0;0;0
2,6|4,9;0;0;0.1;0;0
1,6|4,8;0;0;0;0;0.08000001
1,6|3,8;0;0;0;0.04;0
2,6|2,7;0;0;0;0.036;-20
3,6|3,7;0;0.02;0;0;-20
3,5|3,6;-20;0;0;0;-20
4,18|4,13;0;0;0;0.1;0
5,18|4,14;0;0;0;0.1;0
6,18|4,15;0;0;0.081384;0;0.08000001
5,19|5,17;0.02;0;0;0;0
5,19|5,18;-20;0;0;0.02;-20
16,15|5,2;0;0.46;0;0;0
16,15|6,2;0;0;0;0;0.44
16,15|7,2;0.44;0;0;0;0
16,16|8,2;0.44;0.4;0;0;0
16,17|9,2;0;0;0;0;0.42
16,17|10,2;0.42;0;0;0;0
16,18|11,2;0;0;0;0.42;0
17,18|12,2;0.42;0;0;0;0
17,19|13,2;0;0;0;0;0.44
17,19|13,1;0;0;0;0.44;0
18,19|14,1;0;0;0;0.44;0
19,19|15,1;0.42;0;0;0;0
19,19|16,1;0;0;0;0.4;0
19,19|16,2;0;0;0.36;0;0
18,19|17,2;0;0.32;0;0;0
18,18|17,3;0.32;0;0;0;0
18,19|17,4;0;0;0;0;0.3
18,19|17,5;0.28;0;0;0;0
18,19|17,6;0;0;0;0;0.26
18,19|17,7;0;0;0.22;0;0
17,19|17,8;0;0;0;0.22;0
18,19|17,9;0;0.18;0;0;0
18,18|17,10;0.2124;0;0;0;0
19,19|17,14;0;0;0.2065801;0;0
19,19|19,17;0.02;0;0;0.0236;0
18,19|19,19;0;0.02;0.02;0;0
18,18|18,19;0;0.02;0;0;0
19,17|19,18;-20;0;0;0;0
19,1|11,16;0;0;0.42;0;0
18,1|12,16;0.38;0;0;0;0
18,2|13,16;0;0.38;0;0;0
18,1|13,15;0;0;0.34;0;0
17,1|14,15;0;0;0;0;0.32
17,1|15,15;0.28;0;0;0;0
17,2|16,15;0;0;0.28;0;0
16,2|17,15;0.5225904;0;0;0;0
17,3|17,13;0.3168;0;0;0;0
17,4|17,12;0;0;0;0.288;0
18,4|18,12;0;0;0.16;0;0
17,4|18,11;0;0;0;0;0.14
17,4|18,10;0.1;0;0;0;0
17,5|18,9;0.06;0;0;0;0
17,6|18,8;0.02;0;0;0;0
10,5|17,5;0;0.12;0;0;0
10,5|16,5;0;0;0.12;0;0
9,5|15,5;0;0;0.16;0;0
8,5|15,4;0;0.16;0;0;0
8,4|15,3;0.2;0;0;0;0
8,5|15,2;0;0;0;0.2;0.2524
9,5|15,1;0;0;0;0.1852;0
11,5|12,1;0;0;0.1;0;0
10,5|11,1;0.116344;0;0;0;0
10,6|11,3;0;0;0;0.08000001;0
11,6|10,3;0;0;0;0;0.1
11,6|9,3;0;0;0.120736;0;0
12,5|8,5;0;0;0;0;0.06
12,5|9,5;0.06;0;0;0;0
12,6|9,6;0.1225313;0;0;0;0
12,7|10,6;0;0;0;0;0.1202961
12,7|11,6;0.125127;0;0;0;0
12,7|12,7;0;0;0;0;0
2,13|12,1;0.44;0;0;0;0
2,14|11,1;0;0;0.44;0;0
1,14|10,1;0.44;0;0;0;0
1,15|9,1;0;0;0;0;0.42
1,15|8,1;0;0;0;0.38;0
2,15|7,1;0;0;0.38;0;0
1,15|7,2;0;0;0;0.34;0
2,15|7,3;0;0;0;0;0.32
2,15|6,3;0;0;0;0.28;0
3,15|5,3;0;0;0.28;0;0
2,15|5,4;0;0.24;0;0;0
2,14|5,5;0.24;0;0;0;0
2,15|4,5;0;0;0.24;0;0
1,15|3,5;0.24;0;0;0;0
1,16|2,5;0.24;0;0;0;0
1,17|2,6;0;0.2288;0;0;0
1,15|1,7;0;0;0;0.16;0
2,15|1,8;0;0;0.1416;0;0
1,16|1,11;0;0;0;0.14;0
2,16|0,11;0.1886;0;0;0;0
2,18|1,16;0;0;0;0;0.047848
7,13|6,5;0.16;0;0;0;0
7,13|7,5;0;0;0;0;0.1688
6,13|8,6;0;0.2;0;0;0.247376
6,13|9,6;0.306184;0;0;0;0.2632
5,13|12,8;0.24;0;0;0;0
5,14|11,8;0;0.2;0;0;0
5,13|10,8;0.2;0;0;0;0
5,14|9,8;0;0;0;0;0.2088
5,15|8,9;0;0.14;0;0;0
5,14|8,10;0;0;0;0.12;0
5,14|8,11;0.12;0;0;0;0
5,15|7,11;0;0;0;0;0.1
5,15|7,12;0.1;0;0;0;0
5,16|7,13;0;0;0.118;0;0
0,0|0,18;0;0.34;0;0;0
0,0|0,17;0;0;0;0.34;0
1,0|0,16;0;0.32;0;0;0
1,0|0,15;0.28;0;0;0;0
1,1|0,14;0;0;0;0.28;0.26
2,1|0,13;0;0;0;0;0.26
2,1|0,12;0.22;0;0;0;0
2,2|0,11;0;0.22;0;0;0
2,1|1,11;0;0;0.18;0;0
1,1|1,10;0.14;0;0;0;0
1,2|1,9;0;0.14;0;0;0
1,1|1,8;0;0;0;0.14;0
2,1|1,7;0.1;0;0;0.14;0
2,2|1,6;0;0.1;0;0;0
2,1|2,6;0.06;0;0;0;0
2,2|2,5;0;0.06;0;0.06;0
2,1|2,4;0;0;0.06;0;0
1,1|2,3;0;0.06;0;0;0
1,0|2,2;0;0.0436;0;0;0
0,0|1,0;0.02;0;0;0;0
0,1|1,1;0.02;0;-20;0;0
0,1|0,1;0;0;0;0;0
12,3|4,6;0.2;0;0;0;0.2324
12,3|5,6;0;0.2;0;0;0.18
12,3|5,5;0;0;0;0.2088;0
12,3|7,5;0;0;0;0.158;0
11,3|9,3;0.02;0;0;0;0
12,3|11,3;0;0;0;0.02;0
1,2|7,3;0;0;0;0;0.12
1,2|6,3;0.08000001;0;0;0;0
1,3|5,3;0.08000001;0;0;0;0
1,4|4,3;0;0;0;0;0.0708
1,4|2,3;0.04;0;0;0;0
1,5|1,3;0.04;0;0;0;0
1,6|1,4;0.04;0;0;0;0
1,7|1,5;0;-20;0;0;0
1,10|16,13;0;0;0;0.32;0
2,10|15,13;0;0;0;0.28;0
3,10|14,13;0;0;0;0.24;0
4,10|13,13;0.2;0;0;0;0
4,11|12,13;0;0;0.2;0;0
3,11|11,13;0;0;0;0.16;0.18
3,11|10,13;0;0;0;0;0.16
3,11|9,13;0;0;0;0.12;0
4,11|8,13;0;0.12;0;0.0944;0
4,10|7,13;0.156744;0;0;0;0
4,11|6,13;0.0708;0;0.0944;0;0.06
4,11|5,13;0.0544;0;0.06;0;0
3,11|4,13;0.04;0;0;0;0
3,11|3,13;0;0;0;0.1910448;0
4,11|0,13;0.1;0;0;0.140592;0
4,11|0,12;0.08000001;0;0;0;0
4,11|0,11;0;0;0.04;0;0
3,11|1,11;0;0.07776;0;0;0
3,10|3,11;-20;0;0.024248;0;0
4,17|4,9;0.16;0;0;0;0
4,18|4,10;0;0;0;0;0.14
4,18|4,11;0.216;0;0;0;0
4,19|1,11;0;0;0;0;0.28248
5,19|0,12;0;0.2;0;0.276;0.2524
5,18|0,13;0;0.16;0;0;0
5,17|0,14;0;0;0;0.16;0
6,17|0,15;0;0.12;0;0;0
6,16|0,16;0;0;0;0.12;0
7,16|1,16;0.12;0.12;0;0;0
7,15|2,16;0;0;0.08000001;0;0
6,15|3,16;0.04;0;0;0;0
6,16|4,16;0;0;-20;0;0
5,16|5,16;0;0;0;0;0
13,5|13,17;0;0;0;0.22;0
13,5|13,16;0.18;0;0;0;0
13,6|13,15;0.18;0;0;0;0
13,7|12,15;0;0;0.3564;0;0
12,7|11,15;0.18;0.2596;0;0;0
12,8|10,15;0;0;0;0.22;0
13,8|9,15;0;0;0;0.24;0
13,8|8,15;0;0;0;0;0.26
13,8|7,15;0;0;0;0.28;0
13,8|6,15;0;0;0;0;0.3
13,8|5,15;0;0.3;0;0;0
13,7|5,14;0;0.3;0;0;0
13,6|5,13;0.2996;0;0;0;0
13,6|8,12;0;0;0.18;0;0
12,6|8,11;0.1886;0;0;0;0
13,7|8,8;0.08000001;0;0;0;0
13,8|9,8;0;0;0;0.06;0
13,8|10,8;0;0;0.0524;0;0
12,8|11,8;0;0;-36;0.036;0
2,7|12,11;0;0.28;0;0;0
2,6|11,11;0;0;0;0.24;0
3,6|10,11;0;0;0;0;0.22
3,6|9,11;0;0;0;0.18;0
4,6|8,11;0;0;0;0.14;0
5,6|8,10;0;0.14;0;0;0
5,5|8,9;0;0;0;0;0.12
5,5|8,8;0;0;0;0;0.14
5,5|9,8;0;0;0;0;0.16
5,5|10,8;0;0;0;0;0.2196
5,6|12,8;0;0.18;0;0;0
5,5|12,7;0;0;0;0.14;0
6,5|12,6;0.1;0;0;0;0
6,6|11,6;0;0;0;0.06720001;0
8,6|9,6;0;0;0;0;-20
4,18|16,17;0;0;0;0.2596;0
6,18|14,17;0;0;0;0;0.16
6,18|13,17;0;0;0;0.12;0
7,18|12,17;0.138;0;0;0;0.1
7,18|11,17;0.1144;0;0;0;0
6,19|9,19;0;0;0;0;0.0436
2,1|1,14;0.24;0;0;0;0
2,2|1,13;0.66336;0;0.477432;0;0
2,3|0,13;0;0.4752;0;0;0.22
2,2|0,12;0.255728;0.24;0;0;0
2,1|0,11;0.2;0;0;0;0
2,2|0,10;0;0;0;0;0.18
2,2|1,10;0.14;0;0;0.18;0
2,3|1,9;0;0.14;0;0;0
2,2|1,8;0;0.158;0;0;0
3,1|1,6;0;0.14;0;0;0
3,0|2,6;0;0.12;0;0;0
3,0|3,6;0.08720001;0;0;0;0
3,0|3,1;-20;0;0;0;0
3,1|3,1;0;0;0;0;0
18,3|1,10;0;0;0;0.48;0
19,3|2,10;0;0.48;0;0;0
19,2|2,9;0;0;0.44;0;0
18,2|3,9;0;0;0;0;0.42
18,2|3,8;0;0;0;0.42;0
19,2|3,7;0.38;0;0;0;0
19,3|4,7;0;0.38;0;0;0
19,2|4,6;0.34;0;0;0;0
19,3|5,6;0;0;0.3;0;0
18,3|6,6;0;0.3;0;0;0
18,2|6,5;0.26;0;0;0;0
18,3|7,5;0;0;0;0;0.24
18,3|7,4;0;0.24;0;0;0
18,2|8,4;0;0;0;0;0.22
18,2|8,3;0;0;0;0;0.2
18,2|9,3;0.16;0;0;0;0
18,3|10,3;0;0.16;0;0;0
18,2|11,3;0;0;0;0;0.14
18,2|12,3;0;0;0;0.14;0
19,2|13,3;0.1688;0;0;0;0
19,4|14,1;0;0.12;0;0;0
19,3|15,1;0;0;0;0.1144;0
19,2|16,2;0.06;0;0;0;0
19,3|16,3;0;0.06;0;0;0
19,2|17,3;0.0236;0;0;0;0
19,2|19,3;0;0;0;-20;-20
13,16|16,9;0;0;0;0;0.18
13,16|16,10;0;0.14;0;0;0
13,15|16,11;0.158;0;0;0;0
14,15|17,13;0;0;0.1;0;0
13,15|17,14;0.1;0;0;0;0
13,16|17,15;0;0.06;0;0;0
13,15|16,15;0.06;0;0;0;0
13,16|15,15;0.06;0;0;0;0
13,17|15,16;0.06;0;0;0;0
13,18|14,16;0;0.02;0;0;0
13,17|14,17;0;0;0.02;-20;0
17,7|3,3;0;0.32;0;0;0
17,6|4,3;0;0;0.28;0;0
16,6|5,3;0;0;0;0.28;0
17,6|6,3;0.28;0;0;0;0
17,7|7,3;0;0;0;0;0.26
17,7|8,3;0;0;0.22;0.26;0
18,7|9,3;0;0;0;0;0.24
18,7|10,3;0;0;0;0;0.22
18,7|11,3;0;0;0;0;0.2
18,7|12,3;0.2;0;0;0;0
18,8|13,3;0;0;0;0;0.22
18,8|13,2;0.3068;0;0;0.26;0
18,9|14,1;0;0.396;0;0;0
18,8|15,1;0;0;0;0.36;0
19,8|15,2;0;0;0;0;0.18
19,8|15,3;0;0;0;0.16;0
19,8|16,3;0;0.234;0;0;0
19,7|17,3;0;0;0.0944;0;0.1144
18,7|17,5;0;0;0.0236;0;0
16,7|16,6;0.02;0;0;0;0
16,8|16,7;0;-36;0;0;0
1,16|9,3;0.42;0;0;0;0
1,17|8,3;0;0.38;0;0;0
1,16|8,4;0.38;0;0;0;0
1,17|7,4;0;0;0;0.34;0
2,17|7,5;0.34;0;0;0;0
2,18|6,5;0;0;0;0;0.32
2,18|5,5;0;0;0;0;0.3
2,18|5,6;0;0;0;0;0.28
2,18|5,7;0;0;0.28;0;0
1,18|5,8;0;0;0;0;0.26
1,18|5,9;0.26;0;0;0;0
1,19|4,9;0;0.22;0;0;0
1,18|4,10;0.22;0;0;0;0
1,19|4,11;0;0.18;0;0;0
1,18|3,11;0.18;0;0;0;0
1,19|2,11;0.2282992;0;0;0;0
0,19|0,12;0;0;0.138;0;0
0,19|0,17;0;-20;0;0;0
18,9|19,17;0;0;0.18;0;0
17,9|18,17;0;0;0.18;0;0
16,9|18,16;0;0;0;0;0.16
16,9|18,15;0;0.16;0;0;0
16,8|17,15;0;0;0;0;0.16124
15,7|17,12;0;0;0.12;0;0
15,7|16,12;0;0;0.1;0;0
15,7|16,11;0;0.1;0;0;0
15,6|16,10;0.06;0.1;0;0;0
15,7|15,10;0;0;0.048496;0;0.04
15,7|15,9;-20;0.08496;0;0;0
9,17|6,2;0;0;0;0;0.34
9,17|6,3;0;0;0;0.34;0
10,17|6,4;0.34;0;0;0;0
10,18|6,5;0;0;0;0;0.32
10,18|6,6;0;0;0;0;0.34
10,18|5,6;0;0;0;0.34;0
11,18|5,7;0;0;0;0;0.32
11,18|5,8;0.32;0;0;0;0
11,19|5,9;0.3;0;0;0;0
11,19|5,10;0;0;0.26;0;0
10,19|5,11;0;0.26;0;0;0
10,18|4,11;0.3;0;0;0;0
10,19|3,11;0;0;0.3;0;0
9,19|2,11;0;0;0.354;0;0.3776
10,18|0,13;0;0.3032;0;0;0
11,17|2,14;0;0.2;0;0;0
11,16|3,14;0;0;0;0.2;0
12,16|3,15;0.2;0;0;0;0
12,17|4,15;0;0;0;0;0.2052
13,17|6,15;0;0;0;0.18;0
14,17|6,16;0;0;0;0;0.16
14,17|7,16;0;0;0;0;0.1652
14,17|9,16;0;0.08000001;0;0;0
14,16|10,16;0;0;0;0.08720001;0
16,16|12,16;0.0944;0;0;0;0
16,16|14,17;0;0;0;0.06;0
17,16|15,17;0.02;0;0;0;0
17,17|16,17;0;0.0396;0;0;0
17,16|16,16;0.0236;0;0;0.02;0
18,16|17,16;0;0;-20;0;0
6,3|8,12;0.18;0;0;0;0
6,4|8,11;0;0;0;0.14;0
7,4|8,10;0.1;0;0;0;0
7,5|8,9;0.06;0;0;0;0
7,6|8,8;0;0.1;0;0;0
7,5|9,8;0;0.14;0;0;0
7,4|10,8;0;0;0;0.1688;0
8,6|11,6;0.0792;0;0;0;0
8,6|10,6;0;0.07560001;0;0;0
8,5|9,6;-20;0;0;-20;0.02
8,5|8,6;0;0.02;0;0;-20
8,4|8,5;0;0.04248;0;0;0
8,3|8,3;0;0;0;0;0
8,4|6,4;0.04;0;0;0;0
8,5|7,4;0.04;0;0;0;0
8,6|7,5;0.02;0;0;0;0
5,9|0,12;0;0.16;0;0.158;0
5,8|0,11;0.234;0;0;0;0
5,9|1,11;0;0;0.08000001;0.1;0
5,9|2,11;0;0.1;0;0;0
5,8|3,11;0;0.1;0;0;0
5,7|3,10;0;0;0;0.08000001;0
5,7|4,10;0;0;0.04;0;0
4,7|4,9;-20;0;0;0;0.02
15,5|5,10;0;0;0;0;0.28
15,5|5,9;0;0;0;0;0.26
15,5|5,8;0;0;0.24;0;0
15,5|5,7;0;0;0.22;0;0
15,5|5,6;0;0;0;0;0.2
15,5|6,6;0.16;0;0;0;0
15,6|7,6;0.16;0;0;0;0
15,7|8,6;0;0;0.18;0;0
15,7|8,5;0;0.3636;0;0;0
15,6|8,4;0;0;0;0.432;0
16,6|8,3;0.256;0;0;0;0.2
16,6|9,3;0;0;0;0.2288;0
16,6|11,3;0;0;0;0.46492;0
16,6|13,3;0;0.12;0.12;0;0
16,5|13,2;0.16;0;0;0;0
16,6|13,1;0;0.12;0;0;0
16,5|14,1;0;0;0;0.12;0
17,5|15,1;0.12;0;0;0;0
17,6|16,1;0;0;0;0;0.1
17,6|16,2;0;0;0;0;0.08000001
17,6|16,3;0.08000001;0.04;0;0;0
17,7|16,4;0;0.0436;0;0;0
16,6|16,6;0;0;0;0;0
4,11|3,15;0;0;0;0;0.08000001
4,11|3,14;0;0.08000001;0;0;0
4,10|3,13;0;0;0;0.1416;0
3,9|0,12;0;0.12;0;0;0
3,8|0,11;0;0;0;0.12;0
4,8|0,10;0.08720001;0;0;0;0
3,9|2,10;-36;0;0;0;0
12,8|16,5;0;0;0.14;0;0
11,8|16,6;0.14;0;0;0;0
11,9|16,7;0;0;0.14;0.1144;0
10,9|16,8;0;0;0;0;0.12
10,9|16,9;0.1;0;0;0;0
10,9|15,9;0.12;0;0;0;0
10,9|15,10;0;0.16;0;0;0
10,8|15,11;0;0;0;0;0.18
10,8|15,12;0;0;0.22;0.18;0
9,8|15,13;0;0.2;0;0;0
9,8|14,13;0.1888;0;0;0;0
7,9|12,12;0;0;0.14;0;0
7,9|11,12;0.1;0;0;0;0
7,10|11,11;0;0;0;0;0.08000001
7,10|10,11;0.04;0;0;0;0
7,11|9,11;0.04;0;0;0;0
7,12|8,11;0;-20;0;0;0
7,11|7,11;0;0;0;0;0
16,0|4,19;0;0;0;0;0.6
16,0|5,19;0.56;0;0;0;0
16,1|5,18;0.52;0;0;0;0
16,2|5,17;0.48;0;0;0;0
16,3|5,16;0.44;0;0;0;0
16,4|5,15;0.4648;0;0;0;0
16,6|6,13;0;0.34;0;0;0
16,5|7,13;0;0.34;0;0;0
16,4|8,13;0;0;0;0;0.32
16,4|9,13;0;0.32;0;0;0
16,3|10,13;0.28;0;0;0;0
16,4|11,13;0.24;0;0;0;0
16,5|12,13;0;0;0;0.24;0.22
17,5|13,13;0.2;0;0;0;0
17,6|14,13;0;0.2;0;0;0
17,5|15,13;0.16;0;0;0;0
17,6|16,13;0.12;0;0;0;0
17,7|17,13;0;0.12;0;0;0
17,6|17,12;0.08000001;0;0.12;0;0
16,6|17,11;0.08000001;0;0;0;0
16,7|16,11;0.04;0;0;0;0
16,7|16,9;0;0;0.072;0;0
15,7|16,8;-20;0;0;0;0
7,16|5,14;0;0;0.04;0;0
6,16|5,15;0;0;-20;0;0
18,14|9,6;0.34;0;0;0;0
18,15|10,6;0.34;0;0;0;0
18,16|11,6;0;0;0.3;0;0
17,16|12,6;0;0.26;0;0;0
17,15|12,7;0.26;0;0;0;0
17,16|12,8;0;0;0;0.26;0
18,16|12,9;0;0.26;0;0;0
18,15|11,9;0;0;0.26;0;0
17,15|10,9;0.3;0;0;0;0
17,16|9,9;0;0.3;0;0;0
17,15|8,9;0;0;0;0.3;0
18,15|8,10;0;0;0.26;0;0
17,15|8,11;0;0;0;0.26;0
18,15|9,11;0;0;0.22;0;0
17,15|9,12;0.22;0;0;0;0
17,16|9,13;0.22;0;0;0;0
17,17|10,13;0;0;0.18;0;0
16,17|11,13;0;0;0.14;0;0
15,17|12,13;0;0;0;0.14;0
16,17|13,13;0.14;0;0;0;0
16,18|14,13;0.14;0;0;0.14;0
16,19|15,13;0;0;0;0.1652;0
0,12|7,19;0;0;0;0.26;0
0,12|7,18;0.22;0;0;0;0
0,13|6,18;0;0.22;0;0;0
0,12|6,17;0.18;0;0;0;0
0,13|5,17;0;0.18;0;0;0
0,12|5,16;0.14;0;0;0;0
0,13|4,16;0;0.14;0;0;0
0,12|3,16;0;0;0;0.12;0
0,12|3,15;0;0;0;0.1;0
0,12|2,15;0;0.1;0;0;0
0,11|2,14;0;0;0.09425601;0;0
0,11|1,13;0;0.06;0;0;0
0,10|0,13;0.02;0;0;0.06;0
1,10|0,12;0.02;0;0;0;0
16,13|19,12;0;0.04;0;0;0
16,12|18,12;0;0.04;0;0;0
16,11|18,11;0;0;0;-20;0
15,11|2,11;0;0;0;0.3;0
16,11|1,11;0.34;0;0;0;0
16,12|0,11;0;0;0.3;0;0
15,12|0,12;0;0.34;0;0;0
15,11|0,13;0.3;0;0;0;0
15,12|1,13;0.3032;0;0;0.3;0
16,12|2,13;0;0.3;0;0;0
16,11|3,13;0;0;0;0.3;0
17,11|4,13;0;0;0;0;0.28
17,11|5,13;0.24;0;0;0;0
17,12|6,13;0;0;0.2288;0;0
17,12|8,13;0;0;0;0;0.18
17,12|9,13;0;0;0.14;0;0
16,12|10,13;0.1;0;0;0;0.1416
16,13|11,13;0.160344;0;0;0;0
16,13|12,13;0.128016;0;0;0.172728;0
18,15|17,13;0;0;0;0;0.0792
18,15|18,13;0;0;0.04;0;0
17,15|18,14;0;0;0;-20;0
18,15|18,15;0;0;0;0;0
5,4|15,7;0;0;0.5076;0;0
4,4|15,6;0.22;0.26;0;0;0
4,5|15,5;0;0;0;0;0.24
4,5|15,4;0.3376;0.24;0;0;0
4,5|15,2;0;0.5472;0;0.28;0
5,5|15,1;0.28;0;0;0;0
5,6|14,1;0.3268;0;0;0;0
5,7|12,1;0;0;0;0;0.24
5,7|11,1;0;0.2;0;0;0
5,6|10,1;0.2;0;0;0;0
5,7|9,1;0;0;0.2;0;0
4,7|9,2;0;0;0;0;0.3564
4,7|8,2;0.18;0;0;0;0.16
4,8|7,2;0;0;0;0;0.16
4,8|7,3;0;0;0;0;0.14
4,8|6,3;0;0.18;0;0.1;0
5,8|5,3;0.1;0;0;0;0
5,9|5,4;0.1;0;0;0;0
5,10|5,5;0;0.0708;0.1175425;0;0
3,10|4,6;0.1144;0;0;0;0
3,11|3,8;0.0436;0;0;0;0
8,11|12,13;0;0.12;0;0;0
8,10|12,12;0.08720001;0;0;0;0
8,11|11,11;0;0;0;0.02;0
9,11|10,11;0;0;0;-20;0
10,11|10,11;0;0;0;0;0
1,10|5,19;0.22;0;0;0;0
1,11|4,19;0;0;0;0.18;0
2,11|4,18;0.16;0;0;0;0
2,11|4,17;0;0;0;0;0.14
2,11|3,17;0;0.14;0;0;0
2,10|3,16;0;0;0;0;0.12
2,10|2,16;0;0;0;0.12;0
3,10|2,15;0;0;0;0;0.1
3,10|2,14;0;0.130384;0;0;0
3,7|0,11;0.1;0;0;0;0
3,8|1,11;0.06;0;0;0;0
3,9|1,10;0.0236;0;0;0;0
2,10|2,10;0;0;0;0;0
11,18|2,8;0.38;0;0;0;0
11,19|2,9;0;0.34;0;0;0
11,18|2,10;0.34;0;0;0;0
11,19|2,11;0;0;0;0;0.432
11,19|0,11;0;0;0;0.4448;0
12,18|0,13;0.34;0;0;0;0
12,19|0,14;0.32;0;0;0;0
12,19|0,15;0.3;0;0;0;0
12,19|0,16;0.28;0;0;0;0
12,19|0,17;0.26;0;0;0;0
12,19|1,17;0;0.22;0;0;0
12,18|1,18;0.22;0;0;0;0
12,19|2,18;0.2;0;0;0;0
12,19|3,18;0.18;0;0;0;0
12,19|3,19;0.16;0;0;0;0
12,19|4,19;0.14;0;0;0;0
12,19|5,19;0.1344;0;0;0;0
12,19|7,19;0;0;0;0.1;0
13,19|8,19;0;0;0;0;0.08000001
13,19|9,19;0;0;0.04;0;0
12,19|10,19;0;0;0;0.082008;0
13,19|13,19;0;0;0;0;0
4,2|14,15;0.4956;0;0;0;0
5,3|12,15;0;0;0.38;0;0
4,3|11,15;0.34;0;0;0;0
4,4|10,15;0.3;0;0;0;0
4,5|9,15;0.26;0;0;0;0
4,6|8,15;0;0;0.26;0;0
3,6|7,15;0.2524;0;0;0;0
3,6|5,15;0.18;0;0;0;0
3,7|5,14;0;0;0.18;0;0
2,7|5,13;0;0;0.18;0;0
1,7|4,13;0;0;0;0.14;0
2,7|3,13;0;0;0;0.1652;0
4,7|1,13;0;0;0.216936;0;0
5,7|1,11;0;0.16;0;0;0.14
5,6|2,11;0.12;0;0;0;0
5,7|2,10;0;0.2304;0;0;0
5,6|2,9;0.08000001;0;0.08000001;0;0.1108
5,7|2,8;0;0;0;0;0.06
5,7|3,8;0.02;0;0;0;0
5,9|5,8;0;-20;0;0;0
5,8|5,8;0;0;0;0;0
12,7|4,19;0;0;0;0;0.38
12,7|4,18;0;0;0.36;0;0
12,7|4,17;0.32;0;0;0;0
12,8|4,16;0.335224;0;0;0;0
11,9|5,15;0;0;0;0;0.22
11,9|5,14;0;0.22;0;0;0
11,8|5,13;0;0;0.18;0;0
10,8|6,13;0;0.16;0;0;0
10,8|7,13;0;0.14;0;0.1816;0.14
10,8|7,12;0;0.12;0;0;0
10,8|7,11;0;0;0.08000001;0;0
9,8|7,10;0;0;0;0;0.06
9,8|7,9;0.02;0;0;0;0
9,9|8,9;-20;0.02;0;0;0
18,4|11,5;0;0.2;0;0;0
18,3|10,5;0;0.24;0;0.2904;0
18,3|8,5;0;0;0;0.24;0
19,3|8,4;0;0.2832;0;0;0
19,2|8,2;0;0.22;0;0;0
19,1|9,2;0;0;0;0;0.2
19,1|10,2;0;0.2;0;0;0
19,0|11,2;0.16;0;0;0;0
19,1|11,1;0;0;0;0;0.14
19,1|12,1;0.14;0;0;0;0
19,2|13,1;0.158;0;0;0;0
19,2|15,2;0;0;0.0472;0;0
18,4|17,3;0.04;0;0;0;0
18,5|17,4;0;-20;0;0;0
2,17|2,16;0.0236;-20;0;0.02436464;0
16,10|2,17;0.38;0;0;0;0
16,11|2,16;0.34;0;0;0;0
16,12|2,15;0;0;0.3;0;0
15,12|3,15;0.26;0;0;0;0
15,13|3,14;0;0;0.22;0;0
14,13|4,14;0.2;0;0;0;0
14,13|5,14;0;0.380376;0;0;0
13,12|10,13;0;0;0.04;0;0
12,12|11,13;0;0;0;0.04;0
13,12|12,13;0;0;0;0;0.02
13,12|12,12;0;0;-20;0;-20
4,6|11,11;0.2;0;0;0;0
4,7|10,11;0.16;0;0;0;0
4,8|9,11;0.12;0;0;0;0
4,9|8,11;0.08000001;0;0;0;0
4,10|7,11;0.08000001;0;0;0;0
4,11|7,12;0.1;0;0;0;0
4,11|7,13;0;0;0.1144;0;0.0908
5,10|3,11;0.02;0;0;0;0
1,8|10,6;0;0;0;0;0.2
1,8|9,6;0;0;0;0;0.18
1,8|8,6;0.18;0;0;0;0
1,9|7,6;0.18;0;0;0;0
1,10|6,6;0;0;0.18;0;0
0,10|5,6;0;0;0.16;0;0
0,10|4,6;0.16;0;0;0;0
0,11|3,6;0.1852;0.12;0.14;0;0
0,12|1,8;0;0;0;0.0908;0
7,2|4,0;0;0.06;0;0;0
7,1|5,0;0;0;0;0;0.04
7,1|6,0;0.04;0;0;0;0
7,2|7,0;0.04;0;0;0;0
7,3|7,1;0;0;0;0;0.02
7,3|7,2;0.0236;0;0;0;0
12,19|8,19;0;0.08000001;0;0;0
12,18|9,19;0;0;0;0;0.06
12,18|10,19;0;0.06;0;0;0
12,17|11,19;0;0.06;0;0;0
12,16|11,18;0;0.06;0;0;0
12,15|12,18;0.02;0;0;0;0
12,16|12,17;0;0;0.02;0;-20
11,16|11,17;0;0.02;0.02;0.0236;0
10,16|10,17;0;0;0;0;-20
10,12|16,19;0;0.26;0;0;0
10,11|16,18;0;0.24;0;0;0
10,11|16,17;0;0;0.24;0;0
9,11|16,16;0;0;0;0.2;0
10,11|16,15;0;0;0.24;0;0
9,11|17,15;0;0;0;0.2;0
10,11|17,14;0;0;0;0;0.18
10,11|17,13;0.14;0;0;0;0
10,12|16,13;0;0;0.1652;0;0
10,12|14,13;0.06;0;0;0;0.08000001
10,13|13,13;0.0436;0;0;0;0
10,12|12,12;0;0;0;0;0.0236
18,11|12,17;0.2;0;0;0;0
18,12|13,17;0.16;0;0;0;0
18,13|13,16;0;0.16;0;0;0
18,12|14,16;0;0;0.1344;0;0
17,12|15,15;0;0;0.06;0;0
16,12|16,15;0.0708;0;0;0;0
3,17|2,15;0;0;0;0;0.04
0,1|7,15;0;0;0;0.38;0
1,1|6,15;0;0;0.38;0;0
0,1|5,15;0;0;0;0;0.7056
0,1|4,15;0;0;0;0.32;0.34
1,1|3,15;0;0;0.32;0;0
0,1|2,15;0;0.32;0;0;0
0,0|1,15;0;0;0;0.28;0
1,0|1,14;0;0;0.28;0;0
0,0|1,13;0;0.26;0.3114944;0;0
0,0|0,13;0;0.2923138;0;0;0.28608
0,1|0,10;0;0;0.1852;0.18;0.16
0,1|0,9;0;0;0.27;0;0
0,1|0,8;0.198;0;0;0;0
0,2|0,7;0.0708;0;0;0.198;0.171864
1,2|1,7;0.06;0.1;0;0;0
1,1|1,6;0;0.1;0;0;0
1,0|1,5;0.06;0;0;0;0
1,1|1,4;0.02;0.06;0;0;0
1,2|1,3;0;0;0.0236;0;0
0,3|0,2;0;0;-20;0;0
0,3|0,3;0;0;0;0;0
16,4|1,13;0;0.48;0;0;0
16,3|2,13;0;0;0;0.48;0
17,3|3,13;0;0;0;0;0.5428
17,3|5,13;0.4;0;0;0;0
17,4|6,13;0;0;0;0;0.38
17,4|7,13;0;0;0;0.4484;0
17,4|9,13;0.3;0;0;0;0
17,5|10,13;0;0;0;0.3;0
18,5|11,13;0.2996;0;0;0;0
18,5|13,13;0;0;0.22;0;0
17,5|14,13;0.394056;0;0;0;0
17,7|15,11;0.08000001;0;0;0;0
17,8|15,10;0;0;0;0.08000001;0
18,8|15,9;0;0.08000001;0;0;0
18,7|16,9;0.04;0;0;0;0
18,8|17,9;0;0;0;0;0.02
18,8|17,8;0.02;0;0;0;0
18,9|18,8;0;-36;0;0;0
4,10|0,9;0;0.0636;0;0;0
4,10|2,9;0;0;0;0;0.04
4,10|3,9;0.0436;0;0;0;0
11,12|9,13;0;0;0;0;0.0472
4,19|7,3;0;0;0;0;0.36
4,19|7,4;0;0;0;0.32;0
5,19|6,4;0.3;0;0;0;0
5,19|5,4;0.28;0;0;0;0
5,19|5,5;0;0;0;0;0.26
5,19|5,6;0;0.22;0;0;0
5,18|5,7;0.22;0;0;0;0
5,19|5,8;0;0;0;0;0.2
5,19|5,9;0;0;0.2;0;0
4,19|4,9;0.2088;0;0;0;0
5,19|1,11;0;0;0;0;0.26
5,19|0,11;0;0;0;0.2996;0
6,19|0,13;0;0.3924;0;0;0
6,18|0,14;0;0.193984;0;0;0.18
6,18|1,14;0;0;0;0;0.16
6,18|1,15;0;0.12;0.1344;0.16;0
7,18|1,16;0;0;0;0.16;0
8,18|2,16;0.1888;0;0;0;0
8,18|3,17;0;0;0.08000001;0;0
7,18|4,17;0;0;0.0472;0;0
6,17|5,17;0.02;0.02;-20;0;0
7,16|6,16;0;0.0236;-20;0.02;0
6,16|6,16;0;0;0;0;0
19,17|10,11;0;0;0;0;0.28
19,17|10,12;0;0.24;0;0;0
19,16|10,13;0.24;0;0;0;0
19,17|11,13;0.2796;0;0;0;0
19,19|13,13;0;0;0;0;0.22
19,19|14,13;0;0;0;0.2;0
19,19|15,13;0;0;0.1889066;0;0
18,18|18,16;0;0;0.04;0;0
17,18|18,17;0.05489105;0;0;0;0
9,13|3,11;0.18;0;0;0;0
9,13|2,11;0.2;0;0;0;0
9,13|1,11;0;0;0;0.24;0
10,13|0,11;0;0;0;0;0.22
10,13|0,12;0.2;0;0;0;0
10,13|0,13;0;0;0.189088;0.2324;0
8,13|3,13;0;0;0.06;0;0
7,13|4,13;0;0.06;0;0;0
7,12|5,13;0;0;0.04;0.06;0
7,12|6,13;-20;0;0;0;0
7,13|7,13;0;0;0;0;0
7,1|19,0;0;0;0;0.22;0
8,1|19,1;0.22;0;0;0;0
8,2|18,1;0;0;0;0;0.2
8,2|17,1;0;0;0;0.16;0
9,2|16,1;0;0;0;0.148512;0
9,2|14,1;0;0.08000001;0;0;0
9,1|13,1;0.08000001;0;0;0;0
9,2|13,2;0;0;0;0;0.06
9,2|12,2;0;0;0;0.02;0
10,2|11,2;0.02;0;0;0;0
3,14|19,5;0.5;0;0;0;0
3,15|18,5;0.5;0;0;0;0
3,16|18,6;0;0;0;0;0.48
3,16|18,7;0;0;0;0;0.46
3,16|18,8;0.46;0;0;0;0
3,17|18,9;0.46;0;0;0;0
3,18|18,10;0.46;0;0;0;0
3,19|18,11;0;0;0.46;0;0
2,19|18,12;0;0;0;0.42;0
3,19|17,12;0;0;0;0;0.4
3,19|17,13;0;0.36;0;0;0
3,18|17,14;0;0;0;0;0.34
3,18|17,15;0;0;0.34;0;0
2,18|17,16;0;0.3;0;0;0
2,17|16,16;0.3;0;0;0;0
2,18|15,16;0.3;0;0;0;0
2,19|14,16;0;0;0;0.26;0
3,19|14,17;0;0.284152;0;0;0
3,17|13,18;0;0;0;0;0.2
3,17|12,18;0.16;0;0;0;0
3,18|11,18;0;0;0;0.12;0
4,18|10,18;0.154344;0;0;0;0
4,19|9,19;0;0;0.1;0.06;0
5,19|8,19;0;0;0.0708;0;0
4,18|4,19;0;0;0.02;0.02;-20
5,18|5,19;-20;0;0;0;0
13,7|17,9;0;0;0.12;0;0
12,7|16,9;0;0;0;0;0.1
12,7|15,9;0.1;0;0;0;0
12,8|15,10;0.1216;0;0;0;0
11,9|15,12;0.16;0;0;0;0
11,9|15,13;0.14;0;0;0;0
11,9|14,13;0;0.14;0;0;0
11,8|13,13;0.1;0;0;0;0.12
11,9|12,13;0;0;0;0.0708;0
11,9|12,11;0.04;0;0;0;0
11,9|11,11;0;0.098;0.0508;0;0
10,8|8,11;0.1163664;0;0;0;0
10,9|8,10;0.04648;0;0;0;0.06200032
13,11|7,17;0;0;0.2;0;0
12,11|7,16;0;0;0;0.2;0
13,11|7,15;0;0;0.2;0;0
12,11|6,15;0;0;0;0;0.22
12,11|5,15;0;0;0.18;0;0
11,11|5,14;0;0;0;0;0.1852
9,11|7,12;0;0;0;0;0.04
9,11|7,11;0;0.02;0;0;0
9,11|8,11;0.02;0;0;0;0
9,12|8,12;0;0;0;0.02;0
10,12|9,12;0;0;0;0.02;0
11,12|10,12;0;0.036;0;0;-20
5,6|3,9;0;0;0.108;0;0
4,6|3,8;0;0;0.0236;0;0
10,5|8,2;0;0;0.067848;0;0
5,18|17,11;0;0.34;0;0;0
5,17|17,12;0;0;0;0;0.32
5,17|16,12;0.32;0;0;0;0
5,18|15,12;0;0;0.32;0;0
4,18|15,13;0;0;0;0;0.354
4,17|13,13;0;0;0.26;0;0
3,17|12,13;0.26;0;0;0;0
3,18|11,13;0;0;0;0.22;0
4,18|10,13;0;0;0;0;0.236
4,18|7,13;0.189088;0;0.16;0;0
3,18|6,13;0;0;0.3168;0;0
2,18|5,13;0.16;0;0;0.12;0
2,19|5,14;0.14;0;0;0;0
2,19|4,14;0;0;0;0;0.12
2,19|3,14;0.1;0.08000001;0;0;0
2,19|2,14;0;0;0.1;0;0
1,19|1,14;0.08000001;0;0;0.1;0
1,19|1,15;0.07209601;0;0;0;0
1,19|1,17;0;0;0;0.047848;0
7,8|2,0;0;0;0;0;0.24
7,8|3,0;0.24;0.22;0;0;0
7,8|4,0;0.22;0;0;0;0
7,9|4,1;0;0;0;0;0.2
7,9|5,1;0.2;0;0;0;0
7,10|5,2;0;0;0;0;0.18
7,10|5,3;0;0;0.16;0;0
7,10|6,3;0;0;0;0;0.14
7,10|6,4;0.14;0;0;0;0.12
7,11|6,5;0;0;0;0;0.12
7,11|7,5;0;0.08000001;0;0;0
7,10|7,6;0.12;0;0;0;0
7,11|8,6;0;0;0.1652;0;0
7,10|12,6;0;0;0;0.14;0
8,10|12,7;0;0;0;0.138;0.154992
8,11|11,8;0.12;0;0;0.08000001;0
8,12|11,9;0;0.08000001;0;0;0
8,11|10,9;0;0.04;0;0;0
8,10|9,9;0;0;0.04;0;0
7,10|8,9;0;0;0;0;0.036
7,10|7,9;0;0;-20;0;0
0,19|9,18;0;0;0;0.16;0
1,19|8,18;0;0;0;0;0.14
1,19|7,18;0;0;0;0;0.12
1,19|6,18;0;0;0;0;0.1
1,19|5,18;0;0;0;0.06;0
2,19|5,19;0.04;0;0;0;0
2,19|4,19;0.0236;0.04;0;0;0
2,18|3,19;-20;0;0.04;0;0
1,18|3,18;0.04;0;0;0;0
1,19|3,19;0.0236;0;0;0;0
1,17|2,17;0.0465264;0;0;0;0
2,8|9,2;0.26;0;0;0;0
2,9|8,2;0;0.2596;0.26;0.22;0
3,8|6,2;0.18;0;0;0;0.16
3,9|6,3;0;0;0;0.14;0
4,9|6,4;0;0;0;0.1;0
5,9|6,5;0.1211577;0;0;0;0
5,9|5,7;0;0;0.04;0;0
4,9|5,8;0.04;0;0;0;0
4,10|5,9;0.04;0;0;0;0
13,7|17,13;0.16;0;0;0;0
13,8|16,13;0;0.16;0;0;0
13,7|15,13;0;0;0;0;0.16124
13,7|13,13;0;0.12;0;0;0
13,6|13,12;0.08000001;0;0;0;0
13,7|13,11;0.0944;0;0;0;0
13,7|11,11;0.12;0;0.1452;0;0
13,8|10,11;0.1452;0;0;0;0
13,9|10,9;0;0;0;0.0436;0
5,11|13,11;0.14;0;0;0;0
5,11|12,11;0;0;0;0;0.12
5,11|11,11;0;0;0;0;0.1
5,11|10,11;0;0;0.1;0;0
4,11|9,11;0.08000001;0;0;0;0
4,11|8,11;0.06;0;0;0;0
4,11|7,11;0;0;0;0.06;0
5,11|7,12;0.08000001;0;0;0;0
5,11|7,13;0;0.08000001;0;0.06;0
5,10|6,13;0.04;0;0;0;0
5,11|5,13;0.130536;0;0;0;0
5,11|4,13;0;0.22536;0;0;0
4,10|2,13;0;0;0.1;0;0
3,10|1,13;0;0;0.1959713;0;0
2,10|0,13;0;0;0;0;0.1666961
17,19|7,10;0.36;0;0;0;0
17,19|7,11;0;0;0;0.36;0
18,19|8,11;0;0;0.32;0;0
17,19|9,11;0;0;0;0;0.3
17,19|9,12;0;0;0.26;0;0
16,19|10,12;0;0;0;0;0.24
16,19|10,13;0;0;0;0;0.22
16,19|11,13;0;0;0;0.256;0
16,19|13,13;0.16;0;0;0;0
16,19|14,13;0;0.1416;0;0;0
15,18|16,13;0.334368;0;0;0;0
15,18|17,14;0.1344;0;0;0;0
15,19|17,16;0.1584;0;0;0.0636;0
16,19|17,18;0;0;0.07560001;0;0
15,19|16,18;0;0;0;-20;0
12,2|18,15;0;0;0;0.34;0
13,2|17,15;0;0.34;0;0;0
13,1|17,14;0;0.34;0;0;0.32
13,1|17,13;0;0;0.32;0;0
12,1|17,12;0;0.32;0;0;0
12,0|17,11;0;0;0;0;0.3504
11,0|17,9;0;0.3232;0;0;0
10,0|16,8;0;0;0;0.24;0
11,0|15,8;0;0.22;0;0;0
11,0|15,7;0;0;0;0;0.2288
10,0|15,5;0.16;0;0;0;0
10,1|15,4;0;0;0;0.12;0
11,1|15,3;0;0.12;0;0;0
11,0|15,2;0.08000001;0;0;0;0
11,1|15,1;0;0;0;0.04;0
12,1|14,1;0.0472;0;0;0;0
12,2|0,14;0;0;0.44;0;0
11,2|0,13;0;0;0;0.44;0
12,2|0,12;0;0;0;0;0.4884
13,2|1,11;0.38;0;0;0;0
13,3|2,11;0;0;0;0.36;0
13,3|2,10;0.34;0;0;0;0
13,3|3,10;0;0.34;0;0;0
13,2|3,9;0.3;0;0;0;0
13,3|3,8;0;0.3;0;0;0
13,2|3,7;0;0;0;0.28;0
13,2|3,6;0;0.28;0;0;0
13,1|3,5;0;0;0;0;0.2996
13,2|6,5;0;0;0;0;0.18
13,2|7,5;0;0.18;0;0;0
13,1|7,4;0.14;0;0;0;0
13,2|7,3;0;0;0.1;0;0
12,2|8,3;0;0.1108;0;0;0
13,1|9,2;0.08047681;0;0;0;0
11,11|1,5;0.32;0;0;0;0
11,12|1,6;0;0.28;0;0;0
11,11|1,7;0;0;0;0;0.26
11,11|1,8;0;0;0;0;0.24
11,11|1,9;0;0.22;0;0;0
11,11|1,10;0.22;0;0;0;0
11,12|1,11;0.26;0;0;0;0
11,13|0,11;0.24;0;0;0;0.2796
11,13|0,12;0.22;0;0.2340358;0;0
11,13|0,13;0;0;0;0;0.2
11,13|1,13;0.3528;0;0;0;0
11,13|2,13;0.16;0;0.14;0;0
11,13|3,13;0;0;0.1416;0;0
10,12|6,13;0;0.1144;0;0;0
10,11|7,12;0;0;0;0.08000001;0
11,11|7,11;0;0;0.04;0;0
10,11|8,11;0;0.02;0;0.04;0
11,11|9,11;0;0;0;0;0.02
11,11|10,11;0.0236;0;-20;0;0
3,16|4,11;0.12;0;0;0;0
3,17|3,11;0;0;0;0.16;0
4,17|2,11;0;0;0;0.2;0
5,17|1,11;0.48168;0.2;0;0;0
5,18|0,11;0.276;0;0.2714485;0;0
3,18|1,17;0;0.02;0;0;0
3,17|2,17;0.02;0;0;0;0
3,18|2,18;0;0;0;0;-20
7,17|17,0;0;0;0.54;0;0
6,17|17,1;0;0;0;0.5;0
7,17|17,2;0;0;0.5;0;0
6,17|17,3;0.5;0;0;0;0
6,18|17,4;0;0;0.5;0;0
5,18|17,5;0.5;0;0;0;0
5,19|16,5;0;0;0;0;0.48
5,19|16,6;0;0;0.48;0;0
4,19|16,7;0.46;0;0;0;0
4,19|15,7;0;0;0.46;0;0
3,19|15,8;0;0;0;0;0.44
3,19|15,9;0;0.4;0;0;0
3,18|15,10;0.4;0;0;0;0
3,19|15,11;0.38;0;0.4;0;0
3,19|15,12;0;0;0;0;0.36
3,19|15,13;0.34;0;0;0.32;0
4,19|14,13;0.3;0;0;0;0
4,19|13,13;0.28;0;0;0;0
4,19|12,13;0;0;0.3232;0;0
3,18|5,13;0;0.1;0;0;0
3,17|4,13;0;0;0;0;0.144
3,17|3,13;0;0;0;0.08000001;0
4,17|3,14;0.08000001;0;0;0;0
4,18|4,14;0.096344;0;0;0;0
3,19|4,16;0.0708;0;0;0;0.06798942
2,6|0,13;0;0.3726;0;0;0
2,5|0,12;0;0;0.3776;0;0
1,5|0,11;0.1;0.1652;0;0;0.12
1,6|0,10;0.0636;0;0;0;0
1,8|0,8;0.02;0;0;0;0
1,9|0,9;0;0;0;0.02;0
2,9|1,9;0;0.02;0;0;0
2,6|2,6;0;0;0;0;0
18,2|10,13;0;0;0.34;0;0
17,2|11,13;0;0.34;0;0;0
17,1|12,13;0.3;0;0;0;0
17,2|13,13;0.26;0;0;0;0
17,3|14,13;0;0;0;0;0.24
17,3|15,13;0;0.24;0;0;0
17,2|15,12;0;0;0.2;0;0
16,2|15,11;0;0;0.16;0;0
15,2|15,10;0;0.16;0;0;0
15,1|15,9;0;0;0.16;0.16;0
14,1|15,8;0;0;0;0;0.14
14,1|15,7;0;0;0;0.1;0
15,1|15,6;0.1188;0;0;0;0
15,2|15,5;0;0.06;0.072;0;0
15,2|15,4;-20;0.04;0;0;0
15,3|15,3;0;0;0;0;0
12,15|2,10;0.3;0;0;0;0
12,16|2,11;0.34;0;0;0;0
12,17|1,11;0;0;0.717624;0;0
10,16|0,13;0.34424;0;0;0;0
10,17|2,14;0;0.2124;0;0;0
11,16|3,15;0;0.14;0;0;0
11,15|4,15;0;0;0;0;0.1416
12,16|6,16;0;0;0;0;0.1
12,16|7,16;0.1;0;0;0;0
12,17|8,16;0.1944;0;0;0;0
12,18|10,17;0.0636;0;0;0;0
14,19|11,19;0;0;0;0;0.04
14,19|12,19;0;0;0;0.0436;0
5,16|3,0;0.36;0;0;0;0
5,17|3,1;0;0;0;0.36;0
6,17|3,2;0;0.32;0;0;0
6,16|3,3;0;0;0.28;0;0
5,16|3,4;0;0;0;0.28;0
6,16|3,5;0;0.24;0;0;0
6,15|3,6;0;0.22;0;0;0
6,15|3,7;0;0.2;0;0;0
6,15|3,8;0;0;0;0.2;0
7,15|3,9;0;0;0.16;0;0
6,15|3,10;0;0;0;0.1924;0
7,15|0,12;0.2;0;0;0;0
7,16|0,13;0;0;0;0;0.209736
7,17|1,14;0;0;0;0;0.16
7,17|1,15;0;0.2376;0;0;0
7,16|2,15;0;0;0.08000001;0;0
6,16|3,15;0.08000001;0;0;0;0
6,17|4,15;0;0;0.04;0;0
5,17|4,16;0;-20;0;0;0
1,18|13,9;0.42;0;0;0;0
1,19|12,9;0;0;0.42;0;0
0,19|11,9;0.4;0;0;0;0
0,19|10,9;0;0;0;0;0.38
0,19|9,9;0;0.34;0;0;0
0,18|8,9;0;0;0;0;0.32
0,18|8,10;0;0.28;0;0;0
0,17|8,11;0;0;0.3068;0;0
1,17|5,14;0;0;0.14;0;0
0,17|5,15;0.2978784;0;0;0;0
1,18|3,15;0.1;0;0;0;0
1,19|3,16;0;0;0.1;0;0
0,19|2,16;0;0.06720001;0;0;0
17,4|19,5;0;0;0;0;0.04
17,4|19,4;0.04;0;0;0;0
17,5|18,4;0.04;0;0;0;0
17,6|17,4;0.04;0;0;0;0
17,7|17,5;0.0472;0;0;0.04;0
18,7|17,6;0;0;0;0;0.02
18,7|17,7;0.02;0;0;0;0
18,8|18,7;0.02;0;0;0;0
1,2|0,15;0;0.3304;0;0;0
1,1|0,13;0.22;0;0;0;0.24
1,2|0,12;0.18;0.296464;0;0;0
1,3|0,11;0.14;0;0;0;0
1,4|0,10;0;0.2738232;0.1;0;0
0,4|0,9;0.06;0;0;0;0
0,5|0,8;0.02648;0;0;0;0
15,2|3,15;0.46;0;0;0;0
15,3|3,14;0;0;0;0;0.44
15,3|4,14;0.4;0;0;0;0
15,4|4,13;0.36;0;0;0;0
15,5|5,13;0.32;0;0;0;0
15,6|6,13;0;0;0.3;0;0
15,6|7,13;0;0;0.28;0;0
15,6|8,13;0.2796;0;0;0;0
16,7|10,13;0;0.24;0;0;0
16,6|11,13;0;0.2832;0;0;0
16,5|13,13;0;0;0;0;0.2
16,5|14,13;0;0;0.16;0;0
15,5|15,13;0;0;0;0.16;0
16,5|15,12;0.12;0;0;0;0
16,6|15,11;0;0;0;0;0.1
16,6|15,10;0.06;0;0;0;0
16,7|16,10;0;0;0;0.06;0
17,7|16,9;0.0236;0;0;0;0
17,10|16,10;0.02;0;0;0;0
17,11|16,11;0;0;-20;0;0
10,9|0,10;0;0;0;0;0.24
10,9|0,11;0.26;0;0;0;0
10,9|0,12;0;0.3;0;0;0
10,8|0,13;0;0;0;0;0.28
10,8|1,13;0.24;0;0;0;0
10,9|2,13;0.22;0;0;0;0
10,9|3,13;0.2;0;0;0;0
10,9|4,13;0;0.2348005;0;0.236;0
10,9|6,13;0;0.340848;0.1344;0;0
12,8|8,12;0;0.209896;0.12;0;0
11,8|8,11;0.0944;0;0;0.25488;0
12,8|9,8;0;0;0;0.0636;0
14,19|10,5;0;0;0.32;0;0
13,19|11,5;0;0;0;0.32;0
14,19|12,5;0.3;0;0;0;0
14,19|12,6;0;0;0;0;0.28
14,19|12,7;0;0;0.24;0;0
13,19|12,8;0;0;0;0.24;0
14,19|12,9;0;0;0.24;0.28;0
15,19|11,9;0;0;0;0;0.3
15,19|10,9;0;0;0;0;0.32
15,19|9,9;0.34;0;0;0;0
15,19|8,9;0;0;0.3;0;0
14,19|8,10;0.28;0;0;0;0
14,19|8,11;0;0;0;0;0.26
14,19|9,11;0.24;0;0;0;0
14,19|10,11;0;0;0.2;0;0
13,19|10,12;0.18;0;0;0;0
13,19|11,12;0;0;0.14;0;0
12,19|11,13;0;0;0;0;0.12
12,19|12,13;0.14;0;0;0;0
12,19|13,13;0;0;0;0.14;0
13,19|14,13;0;0.14;0;0;0
13,18|15,13;0;0;0;0.293148;0
14,18|16,13;0.2286;0;0.18;0.14;0
13,18|17,13;0.2329416;0;0;0.169088;0
13,19|16,15;0;0;0.14;0;0
12,19|16,16;0.1344;0;0;0;0
12,18|15,17;0.08000001;0;0;0.054256;0
12,19|14,17;0.06;0;0;0;0
12,19|13,17;0.04;0;0;0;0
12,19|12,17;0;0;0.04;0;0
11,19|12,18;0;0;0;-20;0
0,1|9,11;0.34;0;0;0;0
0,2|8,11;0;0.34;0;0;0
0,1|7,11;0;0.38;0;0;0
0,0|7,12;0.38;0.4;0;0;0
0,1|7,13;0;0;0;0.34;0
1,1|6,13;0.3;0;0;0;0
1,2|5,13;0;0;0;0.26;0
2,2|4,13;0;0;0;0;0.24
2,2|3,13;0;0.24;0;0;0.2786688
2,1|2,13;0.2832;0;0;0;0
1,2|0,13;0.2;0;0;0;0.2524
1,1|0,9;0.14;0;0;0;0
1,2|0,8;0;0;0;0.14;0
2,2|0,7;0.1;0;0;0;0
2,3|0,6;0;0;0;0;0.08000001
2,3|0,5;0;0;0;0.08000001;0
3,3|0,4;0;0.08000001;0;0;0
3,2|1,4;0;0;0.04;0;0
2,2|1,3;0;0;0;0.0472;0
5,9|8,19;0;0.26;0;0;0
5,8|7,19;0;0.26;0;0;0
5,7|7,18;0;0;0;0.24;0
5,7|6,18;0.2;0;0;0;0
5,8|6,17;0;0;0;0;0.18
5,8|6,16;0;0;0;0.16;0
5,8|5,16;0;0;0;0;0.14
5,8|5,15;0;0;0;0.12;0
5,8|5,14;0;0.12;0;0;0
5,7|5,13;0.12;0;0;0;0
5,8|4,13;0;0;0;0.14;0
5,8|3,13;0;0;0.14;0;0
4,8|2,13;0;0;0.202856;0;0
2,8|0,13;0;0;0;0.29484;0
4,8|1,10;0;0;0;0;0.08000001
4,8|1,9;0.04;0;0;0;0
4,9|2,9;0;0;0;0.04;0
5,9|3,9;0;0.04;0;0;0
5,8|3,8;0;0;0;0.0236;0
9,19|10,16;0;0;0;0.04436464;0
6,16|1,13;0.16;0;0.12;0;0
6,17|1,14;0.33984;0;0;0;0
6,18|2,16;0.12;0;0;0;0
6,19|3,16;0.1;0;0;0;0
6,19|4,16;0;0.0708;0;0;0
6,19|6,17;0.02;-20;0;0.04;0.02
7,19|7,17;0.036;0;0;0;0
7,19|7,18;0;-20;0.02;0.02;0
16,10|13,2;0.26;0;0;0;0
16,11|13,1;0;0.22;0;0;0.28248
16,10|16,1;0;0;0;0.18;0
17,10|16,2;0;0;0.14;0;0
16,10|16,3;0.14;0;0;0;0
16,11|16,4;0;0;0;0;0.12
16,11|16,5;0;0;0.138;0;0.1
16,11|16,6;0;0;0.118;0;0
16,11|16,8;0.072744;0;0;0;0
16,11|16,10;0.02;-20;0;0;0
19,15|1,8;0.5;0;0;0;0
19,16|1,9;0.5;0;0;0;0
19,17|1,10;0;0;0;0.5736;0
19,16|0,11;0;0.44;0.44;0.46;0
19,15|0,12;0;0.472;0;0;0
19,13|3,13;0;0.32;0;0;0
19,12|4,13;0;0;0.28;0;0
18,12|5,13;0.24;0;0;0;0
18,13|6,13;0.24;0.24;0;0;0
18,12|7,13;0.2;0;0;0;0
18,13|8,13;0;0;0;0;0.18
18,13|9,13;0.18;0;0;0;0
18,14|10,13;0;0;0;0.2088;0
19,13|12,13;0;0;0.1;0;0
18,13|13,13;0.1108;0;0;0;0
18,15|15,13;0;0.06;0;0;0
18,14|16,13;0.06720001;0;0;0;0
18,16|18,14;0;0;0.04;0;0
17,16|17,14;0.04;0;0;0;0
17,17|17,15;0;-20;0.04;0;0
16,17|17,16;0;0;0.04;0;0
15,17|16,16;0;0;0;0;0.02
15,17|15,16;0;0;0;0;-20
4,3|18,11;0;0;0;0;0.42
4,3|18,10;0;0;0;0.38;0
5,3|18,9;0;0.38;0;0;0
5,2|18,8;0;0;0.38;0;0
4,2|18,7;0;0;0;0.34;0
5,2|18,6;0.3;0;0;0;0
5,3|17,6;0;0.3;0;0;0
5,2|17,5;0;0;0;0.26;0
6,2|17,4;0;0;0;0;0.24
6,2|17,3;0;0.24;0;0;0
6,1|16,3;0;0;0.24;0;0
5,1|15,3;0;0;0;0;0.22
5,1|15,2;0;0;0.22;0;0
4,1|15,1;0;0.256;0;0;0
4,0|12,1;0;0;0;0.14;0
5,0|11,1;0;0.12;0;0;0
5,0|10,1;0;0;0;0;0.1
5,0|9,1;0;0;0;0;0.08000001
5,0|8,1;0;0;0;0.04;0
6,0|7,1;-20;0;0;0;0
2,13|1,7;0;0;0.1;0;0
1,13|1,8;0;0;0;0.1;0
2,13|1,9;0;0;0;0;0.08000001
2,13|1,10;0;0;0.04;0;0
1,13|1,11;0;0;0.04;0;0
0,13|0,11;0;-20;0;0;0
17,10|11,2;0.28;0;0;0;0
17,11|12,2;0.28;0;0;0;0
17,12|13,2;0;0;0;0;0.3
17,12|13,1;0.3;0;0;0;0
17,13|14,1;0;0;0.26;0;0
16,13|15,1;0;0;0;0.26;0
17,13|16,1;0;0;0;0;0.24
17,13|16,2;0.24;0;0;0;0
17,14|16,3;0.24;0;0;0;0
17,15|16,4;0.24;0;0;0;0
17,16|16,5;0;0;0;0;0.2596
17,15|17,6;0;0;0.18;0;0
16,15|17,7;0;0;0.18;0;0
15,15|17,8;0.18;0.16;0;0;0
15,16|17,9;0;0;0;0;0.16
15,16|17,10;0;0;0;0;0.14
15,16|17,11;0.159944;0;0;0;0
15,16|17,13;0;0;0;0.06648;0
16,16|17,15;0;0;0;-20;0
10,12|3,10;0.18;0;0;0;0
10,13|3,11;0;0;0;0.22;0
11,13|2,11;0.24;0;0;0;0
11,13|1,11;0;0;0;0;0.3032
10,13|3,13;0;0;0;0.14;0.1661563
11,13|4,13;0;0;0;0;0.1416
12,12|7,13;0;0.12;0;0;0
12,11|8,13;0;0;0;0;0.1
12,11|9,13;0;0;0.06;0;0
11,11|9,12;0.02;0.04;0;0;0
11,11|11,12;0;0;0;0.02;0
12,11|12,12;0;0;0;0.02;0
13,11|13,11;0;0;0;0;0
7,13|11,17;0;0.16;0;0;0
7,12|10,17;0;0.16;0;0;0
7,11|9,17;0;0.16;0;0;0
7,10|8,17;0;0.16;0;0;0
7,9|8,16;0;0.16;0;0;0
7,8|8,15;0;0;0.14;0.16;0
8,8|7,15;0;0;0;0;0.18
8,8|6,15;0.18;0;0;0;0
8,9|5,15;0;0.18;0;0;0
8,8|5,14;0.14;0;0;0;0
8,9|5,13;0;0;0.1;0;0
7,9|6,13;0.06;0;0;0;0.08000001
7,10|7,13;0;0;0;0.06;0
8,10|7,12;0;0;0;0.04;0
8,10|7,11;-20;0;0;0;0
8,11|8,11;0;0;0;0;0
1,4|12,3;0;0;0;0.2;0
2,4|11,3;0;0.16;0;0;0
2,3|10,3;0.16;0;0;0;0
2,4|9,3;0;0.138;0;0;0
1,3|7,3;0;0;0.12;0;0
0,3|6,3;0;0.12;0;0;0
0,2|5,3;0.08000001;0;0;0;0
0,3|4,3;0;0;0.06;0;0
0,3|3,3;0;0;0.04;0;0
0,3|2,3;0;0.04;0;0;0
0,2|1,3;0;0;0.024248;-20;0
1,2|1,2;0;0;0;0;0
19,12|13,0;0;0.32;0;0;0
19,11|14,0;0;0.3232;0;0;0
19,11|15,1;0.28;0.24;0;0;0
19,10|16,1;0;0.2;0;0;0
19,9|17,1;0;0;0;0.18;0
19,9|17,2;0;0;0;0.16;0
19,9|17,3;0.16;0;0;0;0
19,10|18,3;0;0;0.12;0;0
18,10|18,4;0;0;0;0.12;0
19,10|18,5;0;0.144;0;0;0
19,9|18,6;0;0;0;0.06;0
19,9|18,7;0;0;0;0;0.04
19,9|19,7;0.0436;0;0.04;0;0
18,9|19,8;0;-20;0;0;0
19,12|2,3;0.52;0;0;0;0
19,13|3,3;0;0;0.48;0;0
18,13|4,3;0.48;0;0;0;0
18,14|5,3;0.48;0;0;0;0
18,15|6,3;0;0;0;0;0.46
18,15|7,3;0;0;0;0;0.44
18,15|8,3;0.44;0;0;0;0
18,16|9,3;0;0;0.4;0;0
17,16|10,3;0.4;0;0;0;0
17,17|11,3;0.4;0;0;0;0
17,18|12,3;0;0;0.36;0;0
16,18|13,3;0;0;0.36;0;0
15,18|13,2;0;0;0;0;0.38
15,18|13,1;0;0;0.6804;0;0
14,18|14,1;0;0;0.38;0;0.36
13,18|15,1;0;0;0.38;0;0
12,18|15,2;0.4448;0;0;0;0
13,18|15,5;0.392664;0;0.3468;0;0
15,19|15,8;0.2;0;0;0;0
15,19|15,9;0.18;0;0;0;0
15,19|15,10;0;0;0;0.18;0
16,19|15,11;0;0;0.14;0;0
15,19|15,12;0.12;0;0;0;0
15,19|15,13;0;0;0.1924;0.1488;0
14,19|16,16;0.0944;0;0;0;0
15,0|15,8;0.12;0;0;0;0
15,1|15,7;0.08000001;0;0;0;0
15,2|15,6;0;0;0.06720001;0;0
15,1|15,4;0.02;0;0;0;0
15,2|15,3;0;0.02;0;0;-20
15,1|15,2;0;0;0;0.036;0
16,1|16,2;0;0;0.0236;0;0
16,1|15,1;0.02;0;0;0;0
16,2|16,1;0;0;0;0.0236;0
17,2|17,2;0;0;0;0;0
15,9|17,15;0.12;0;0;0;0
15,10|17,14;0;0.12;0;0;0
15,9|17,13;0;0.12;0;0;0
15,8|17,12;0;0;0;0;0.1
15,8|16,12;0.06;0;0;0;0
15,9|15,12;0.0236;0;0;0;0.05296
15,9|15,9;0;0;0;0;0
7,3|2,1;0.14;0;0;0;0
7,4|3,1;0;0;0;0;0.1344
6,4|5,1;0.08000001;0;0;0;0
6,5|5,2;0;0;0;0.08000001;0
7,5|5,3;0;0;0;0;0.06
7,5|6,3;0;0;0;0;0.04
7,5|6,4;0;0;0;0;0.0236
7,5|7,5;0;0;0;0;0
16,13|18,1;0;0;0.28;0;0
15,13|18,2;0.26;0;0;0;0
15,13|17,2;0;0;0;0;0.24
15,13|17,3;0;0;0.24;0;0
14,13|17,4;0.22;0;0;0;0
14,13|17,5;0;0.2;0;0;0
14,13|17,6;0;0;0;0;0.18
14,13|17,7;0;0;0.18;0;0
13,13|17,8;0;0;0.18;0;0
12,13|17,9;0.16;0;0;0;0
12,13|16,9;0.14;0;0;0;0
12,13|15,9;0;0;0;0;0.12
12,13|15,10;0;0.08000001;0;0;0
12,12|15,11;0.0944;0;0;0;0
11,13|14,13;0.0472;0;0;0;0
11,13|12,13;0;0.0236;0;0;0
10,17|7,16;0;0.0472;0;0;0
10,15|9,16;0;0.02;0;0;0
10,15|10,16;-20;0;0;0;0
18,8|1,1;0;0;0;0.48;0
19,8|2,1;0.48;0;0;0;0
19,9|3,1;0.48;0;0;0;0
19,10|4,1;0;0;0.44;0;0
18,10|5,1;0;0;0;0;0.42
18,10|6,1;0.42;0;0;0;0
18,11|7,1;0;0;0;0;0.4
18,11|8,1;0.4;0;0;0;0
18,12|9,1;0.4;0;0;0;0
18,13|10,1;0;0;0.36;0;0
17,13|11,1;0;0;0.374;0;0
13,13|15,3;0;0.2;0;0;0
13,12|15,4;0.2;0;0;0;0
13,13|15,5;0;0;0.2;0;0
12,13|15,6;0;0;0.2;0;0
11,13|15,7;0;0;0;0.16;0
12,13|15,8;0;0;0;0.135696;0
14,13|15,11;0;0;0;0.024248;0
2,0|4,8;0;0.18;0;0;0
2,0|4,7;0.14;0;0;0;0
2,1|4,6;0.1;0;0;0;0
2,2|4,5;0;0.1;0;0;0
2,1|3,5;0;0;0.1;0;0
1,1|2,5;0;0;0.1;0;0
0,1|2,4;0;0;0;0.0636;0
1,0|1,3;0.02;0;0;0;0
1,1|1,2;0;0.02;0.0236;0;0
0,2|0,2;0;0;0;0;0
4,11|10,13;0;0.1816;0;0;0
5,11|6,13;0.0508;0;0;0;0
5,9|1,13;0;0;0.1888;0;0
12,9|7,15;0.51984;0;0;0;0
12,8|5,15;0.2832;0;0;0;0
11,8|6,13;0.16;0;0;0;0
11,9|7,13;0;0.1888;0.12;0;0
10,9|7,12;0;0;0;0.12;0
11,9|8,12;0;0;0.0944;0;0
11,8|10,8;0.0236;0;-20;0;-20
12,9|11,9;0;0.02;0;0;0
13,8|12,8;0;0;-36;0;-20
5,5|3,1;0.12;0;0;0;0
5,6|3,2;0.12;0;0;0;0
5,7|3,3;0;0;0;0.1;0
5,7|3,4;0;0;0.06;0;0
4,7|3,5;0;0.02;0;0;0
4,6|3,6;0;0.02;0;0;0
4,5|3,5;0;0;0;0;-20
13,6|9,15;0.26;0;0;0;0
13,7|8,15;0;0;0;0;0.28
13,7|7,15;0;0;0;0.3;0
13,7|6,15;0;0;0;0;0.32
13,7|5,15;0.28;0;0;0;0
13,8|5,14;0;0;0;0;0.26
13,8|5,13;0;0;0;0;0.2832
13,8|7,12;0;0.2324;0;0;0
13,6|8,9;0.12;0;0;0;0
13,7|9,9;0;0.12;0;0;0
13,6|9,8;0.08000001;0;0;0;0
13,7|10,8;0;0;0;0;0.06
13,7|11,8;0.02;0;0;0;0
6,0|9,12;0.26;0;0;0;0
6,1|9,11;0;0.26;0;0;0
6,0|8,11;0;0;0;0;0.24
6,0|8,10;0;0;0.24;0;0
5,0|8,9;0;0;0.24;0;0
4,0|8,8;0;0;0.28;0;0
3,0|9,8;0;0;0;0.28;0
4,0|10,8;0.28;0;0;0;0
4,1|11,8;0.28;0;0;0;0
4,2|12,8;0;0;0;0;0.26
4,2|12,7;0.22;0;0;0;0
4,3|12,6;0;0;0.22;0;0
3,3|11,6;0;0;0;0;0.2
3,3|10,6;0;0;0;0.16;0.18
3,3|9,6;0;0;0;0.14;0
4,3|8,6;0;0;0;0.1;0
5,3|7,6;0;0;0.1;0;0
4,3|6,6;0;0;0.1;0;0
3,3|5,6;0;0;0;0.06;0
4,3|5,5;0.02;0;0;0;0
4,4|5,4;0.02724464;0;0;-20;0
5,4|5,4;0;0;0;0;0
19,1|18,14;0.24;0;0;0;0
19,2|19,14;0;0.24;0;0;0
19,1|19,13;0.2;0;0;0;0
19,2|19,12;0;0;0.2;0;0
18,2|19,11;0;0;0.2;0;0
17,2|19,10;0;0;0;0.16;0
18,2|19,9;0;0;0;0.1416;0
19,1|19,4;0;0;0;0.04;0
19,1|19,3;-20;0;0.04;0;0
3,2|9,2;0;0;0;0.08000001;0
4,2|8,2;0;0;0;0.04;0
5,2|7,2;0;0;0;0;0.0236
2,9|6,0;0;0.2596;0;0;0
3,8|6,3;0.16;0;0;0;0
3,9|6,4;0;0;0;0;0.14
3,9|5,4;0;0;0;0.1108;0
4,10|4,7;0;0;0;0.0708;0
3,14|16,8;0;0;0;0;0.36
3,14|16,9;0;0;0;0;0.34
3,14|16,10;0;0;0;0;0.32
3,14|16,11;0;0;0;0;0.3
3,14|15,11;0.3;0;0;0;0
3,15|15,12;0;0;0.3;0;0
2,15|15,13;0.3;0;0;0;0
2,16|14,13;0;0;0;0;0.28
2,16|13,13;0;0;0;0.24;0
3,16|12,13;0.24;0;0;0;0
3,17|11,13;0.276;0;0;0;0.22
3,17|7,13;0.1888;0;0;0;0
3,18|4,13;0;0;0.12;0;0.1
2,18|3,13;0.138;0;0;0;0
2,18|3,15;0.08000001;0;0;0;0
2,19|2,15;0;0;0;0.0944;0
8,13|12,7;0;0;0.236;0;0
7,12|10,9;0;0;0;0.08000001;0
8,12|9,9;0;0.04;0;0;0
8,11|8,9;0;0;0;0;0.02
8,11|8,10;0;-20;0;0;0
8,10|8,10;0;0;0;0;0
10,3|16,17;0;0.4;0;0;0
10,2|16,16;0.36;0;0;0;0
10,3|16,15;0;0;0;0;0.4448
12,2|17,11;0;0;0;0.24;0
13,2|17,10;0;0;0.24;0;0
12,2|17,9;0;0.24;0;0;0
12,1|16,9;0.2288;0;0;0;0
12,1|16,7;0.16;0;0;0;0
12,2|15,7;0.12;0;0;0;0
12,3|15,6;0;0.12;0;0;0
12,2|15,5;0;0;0;0;0.1
12,2|15,4;0;0;0;0.06;0
13,2|15,3;0.06;0;0;0;0
13,3|15,2;0;0;0;0.08000001;0
13,3|15,1;0;0;0;0;0.06
13,3|14,1;0.04;0;0;0;0
13,3|13,1;0;0;0;0.0236;0
17,3|6,0;0;0;0;0;0.26
17,3|7,0;0;0;0.22;0;0
16,3|8,0;0.22;0;0;0;0
16,4|9,0;0.22;0;0;0;0
16,5|9,1;0;0.18;0;0;0
16,4|10,1;0;0;0.14;0;0
15,4|11,1;0.14;0;0;0;0
15,5|12,1;0.14;0;0;0;0
15,6|13,1;0;0;0;0.2825525;0.12
16,6|14,1;0;0;0;0.3055248;0
17,5|15,2;0;0;0;0.1;0.0944
17,5|16,4;0;0;0;0.04;0
18,5|16,5;0;0.04;0;0;0
19,4|18,5;0;0.0436;0;0;0
19,2|18,3;-20;0.04;0;0;0
18,1|18,3;0;0;0.04;0;0
17,1|17,3;-36;0;0;0;0
1,10|15,3;0;0.5028;0;0;0
0,9|15,1;0;0;0;0;0.44
0,9|14,1;0.44;0;0;0;0
0,10|13,1;0.44;0;0;0;0
0,11|12,1;0;0.4;0;0;0
0,10|12,2;0;0;0.38;0;0
0,10|11,2;0.38;0;0;0;0
0,11|10,2;0;0.34;0;0;0
0,10|10,3;0;0;0.374;0;0
1,10|7,4;0;0;0.24;0.2;0
2,10|7,5;0;0;0.2;0;0
1,10|6,5;0.2;0;0;0;0
1,11|6,6;0;0;0.2;0;0
0,11|5,6;0.2;0;0;0;0.18
0,12|4,6;0;0;0;0.18;0
0,12|3,6;0.2052;0;0;0;0
0,13|3,8;0.16;0;0;0;0
0,14|2,8;0;0.12;0;0;0
0,13|2,9;0;0;0.1;0;0
0,13|2,10;0.1;0;0;0;0
0,14|2,11;0;0;0;0.06;0
1,14|1,11;0.1;0;0;0;0
1,15|0,11;0.1;0;0;0;0
1,16|0,12;0;0;0.0636;0;0
17,3|12,6;0;0;0;0;0.14
17,3|12,5;0;0;0;0.2124;0
17,4|9,5;0;0.22;0;0;0
17,3|8,5;0;0;0.18;0;0
16,3|8,4;0;0;0.14;0;0
15,3|8,3;0;0;0;0.14;0
16,3|9,3;0;0;0.1;0;0
15,3|10,3;0.1;0;0;0;0
15,4|11,3;0;0.06;0;0;0
15,3|12,3;0;0;0;0;0.04
15,3|13,3;0;0.04;0;0;0
15,2|13,2;0.0944;0;0;0;0
15,2|14,1;0;-20;0;0;0
15,1|15,1;0;0;0;0;0
17,18|15,13;0;0;0;0;0.1344
16,18|17,13;0.260712;0;0;0;0
16,19|17,15;0;0.0708;0;0.1399891;0
16,19|16,17;0;0;0;0;0.02
16,19|16,18;-20;0;0;0;-20
18,12|8,4;0;0;0;0.7884;0
19,12|8,3;0;0;0;0.7488;0
19,12|9,3;0;0;0;0.7056;0
19,12|10,3;0;0.32;0.32;0;0
18,12|11,3;0;0.28;0;0;0
18,11|12,3;0;0;0.24;0;0
17,11|13,3;0;0;0;0;0.26
17,11|13,2;0;0;0.3108464;0;0
16,10|14,1;0.22;0.2124;0;0;0
16,11|15,1;0.22;0;0;0;0
16,12|15,2;0.22;0;0;0;0
16,13|15,3;0;0.18;0;0;0
16,12|15,4;0;0;0;0.18;0
17,12|15,5;0;0;0;0;0.16
17,12|15,6;0;0.12;0;0;0
17,11|15,7;0;0;0.08000001;0;0
16,11|15,8;0;0;0.048496;0;0
16,13|16,12;0;0;0;0.02;-36
17,13|17,12;0;-20;0;0.02;0
3,14|3,3;0;0.18;0;0;0
3,13|3,4;0;0.16;0;0;0
3,13|3,5;0;0;0;0;0.14
3,13|3,6;0;0;0;0;0.12
3,13|3,7;0;0;0;0.12;0
4,13|3,8;0;0;0.08000001;0;0
3,13|3,9;0.08000001;0;0;0;0
3,14|3,10;0;0;0.08000001;0;0
2,14|2,10;0.08000001;0;0;0;0
2,15|2,11;0.12;0;0;0;0
2,16|1,11;0.16;0;0;0;0
2,17|0,11;0;0;0.12;0;0
1,17|0,12;0;0;0.08000001;0;0
0,17|0,13;0;0.04;0;0;0
0,16|0,14;0.04;0;0;0;0
0,17|0,15;0;0;0;0;0.02
15,13|7,6;0;0;0.26;0;0
14,13|8,6;0;0;0.22;0;0
13,13|9,6;0.2;0;0;0;0
13,13|10,6;0.2088;0;0;0;0.18
13,13|11,6;0.16;0;0;0;0.1888
13,13|12,6;0;0;0;0.3132;0
14,13|12,7;0.14;0;0;0;0.1616
14,13|12,8;0.266544;0;0;0;0
14,13|12,9;0.39344;0;0;0;0
14,13|11,9;0;0;0.14;0;0.3204
14,13|10,9;0;0.3636;0;0;0
14,13|9,9;0;0;0.18;0.22;0
15,13|8,9;0.236;0;0;0;0.2
15,13|8,10;0;0;0;0.3924;0
16,13|8,11;0;0;0;0;0.324
16,13|9,11;0;0;0;0.18;0
17,13|9,12;0;0;0.14;0;0
16,13|9,13;0.1416;0;0;0;0.1416
2,16|12,15;0.22;0;0;0;0
2,17|11,15;0;0;0.22;0;0
1,17|10,15;0.22;0;0;0;0
1,18|9,15;0.22;0;0;0;0
1,19|9,16;0.2;0;0;0;0
1,19|8,16;0.18;0;0;0;0
1,19|7,16;0.189736;0;0;0;0
2,19|6,17;0.18;0;0;0;0
2,19|6,18;0;0.06;0;0;0
2,18|5,18;0.06;0;0;0;0
2,19|4,18;0;0;0.06;0;0
1,19|4,19;0;0.06;0;0;0
1,18|3,19;0.02773971;0;0;0;0
2,17|14,1;0;0;0;0.6536;0
3,16|15,2;0.52;0;0;0;0
3,17|15,3;0;0.48;0;0;0
3,16|15,4;0;0;0;0.58256;0
4,16|15,6;0;0;0.42;0;0
3,16|15,7;0;0;0;0.38;0
4,16|15,8;0;0.34;0;0;0
4,15|15,9;0;0;0;0.3;0.32
5,15|15,10;0.3;0;0;0;0
5,16|15,11;0.3;0;0;0;0
5,17|15,12;0.3;0;0;0;0
5,18|15,13;0.3;0;0;0;0
5,19|14,13;0.28;0;0;0;0
5,19|13,13;0;0;0;0.24;0
6,19|12,13;0;0;0.24;0;0
5,19|11,13;0.22;0;0;0;0
5,19|10,13;0;0;0;0;0.2324
12,13|3,18;0;0;0;0.28;0
13,13|3,17;0.26;0;0;0;0
13,13|3,16;0;0;0;0.26;0
14,13|4,16;0;0.24;0;0;0
14,13|4,15;0;0;0;0;0.22
14,13|5,15;0.237584;0;0;0;0
13,13|11,13;0.02;0;-20;0;0
13,13|12,13;-20;0.0236;0;0;0
15,5|9,8;0.18;0;0;0;0
15,6|9,9;0;0;0.2;0;0
15,6|8,9;0.2;0;0;0.24;0
15,7|8,10;0.2;0;0;0;0
15,8|8,11;0.16;0;0.18;0.2;0
15,8|9,11;0;0;0;0;0.16
15,8|10,11;0;0;0;0.16;0
16,8|11,11;0;0.16;0;0;0
16,7|12,11;0;0.16;0;0;0
16,6|13,11;0;0;0;0.2;0
17,6|13,12;0.2;0;0;0;0
17,7|13,13;0;0;0;0.2;0
18,7|14,13;0.16;0.2;0;0;0
18,6|15,13;0;0;0;0;0.18
18,6|16,13;0.14;0;0;0;0
18,7|17,13;0.1;0;0;0;0
18,8|17,12;0;0;0.06;0;0
17,8|17,11;0;0.06;0;0;0
17,7|17,10;0;0;0;0.06;0
18,7|17,9;0;0;0;0.06;0
19,7|17,8;0;0;0;0;0.04
19,7|18,8;0;0.04;0;0;0
19,6|18,7;0;0;-20;0;0
1,3|18,5;0;0.38;0;0;0
1,2|17,5;0.34;0;0;0;0
1,3|16,5;0.3;0;0;0;0
1,4|16,4;0;0;0;0.26;0
2,4|15,4;0;0;0;0.26;0
3,4|15,3;0.3;0;0;0;0
3,5|15,2;0.34;0;0;0;0
3,6|15,1;0;0;0.34;0.3;0
2,6|14,1;0.34;0;0;0;0
2,7|13,1;0.40372;0;0;0;0
0,8|11,2;0;0;0;0.3;0
1,8|10,2;0.3;0;0;0;0
1,9|9,2;0;0;0;0.306728;0
1,9|7,2;0;0;0.26;0;0
0,9|7,3;0;0;0;0;0.24
0,9|7,4;0;0;0;0;0.22
0,9|7,5;0;0;0.2;0;0
0,9|6,5;0.4431744;0;0;0;0
0,11|4,6;0;0;0.193336;0;0
0,10|3,7;0;0;0.1;0;0
0,10|2,7;0;0;0;0.06;0
1,10|2,8;0;0;0;0.024248;0
0,11|0,11;0;0;0;0;0
19,17|5,2;0;0;0.54;0;0
18,17|6,2;0;0;0;0.54;0
19,17|7,2;0;0;0;0.52;0
19,17|8,2;0;0;0;0;0.5
19,17|9,2;0;0;0;0.48;0
19,17|10,2;0;0;0.44;0;0
18,17|11,2;0;0;0.4;0;0
17,17|12,2;0;0;0;0.4;0
18,17|13,2;0;0.4;0;0.87696;0
18,16|13,1;0;0;0;0;0.38
18,16|14,1;0.38;0;0;0;0
18,17|15,1;0;0.34;0;0.38;0
19,17|16,1;0.38;0;0;0;0
19,18|17,1;0;0.34;0;0;0
19,17|17,2;0.34;0;0;0;0
19,18|17,3;0;0;0;0;0.32
19,18|18,3;0.32;0;0;0;0
19,19|19,3;0;0.28;0;0;0
19,18|19,4;0.28;0;0;0;0
19,19|19,5;0.26;0;0;0;0
19,19|19,6;0;0.22;0;0;0
19,18|19,7;0.22;0;0;0;0
19,19|19,8;0;0.18;0;0;0
19,18|19,9;0.18;0;0;0;0
19,19|19,10;0.16;0;0;0;0
19,19|19,11;0;0;0.16;0;0
18,19|19,12;0;0.12;0;0;0
18,18|19,13;0.1416;0;0;0;0
18,18|18,14;0;0.04;0;0;0
18,17|18,15;0;0;0;0.04;0.02648
19,17|19,15;0.04;0;0;0;0
19,18|19,16;0.0436;0;0;0.02;0.02
12,7|1,4;0.28;0;0;0;0
12,8|2,4;0;0;0;0.28;0
13,8|2,5;0;0;0.24;0;0
12,8|3,5;0;0;0.2;0;0
11,8|4,5;0;0.18;0;0;0
11,8|4,6;0;0;0;0.18;0
12,8|5,6;0.18;0.1652;0;0;0.16
12,9|6,6;0;0.16124;0;0.18;0.16
12,9|7,6;0;0;0;0.16;0
13,9|8,6;0.3578234;0;0;0;0
13,9|12,8;0.02;0;0;0;0
18,4|8,17;0;0.46;0;0;0.44
18,3|9,17;0;0;0;0.46;0
19,3|10,17;0;0;0;0.44;0
19,3|10,16;0;0.44;0;0;0
19,2|10,15;0;0.44;0;0;0
19,1|11,15;0.4;0;0;0;0
19,2|12,15;0;0;0;0.38;0
19,2|13,15;0;0;0;0.36;0
19,2|14,15;0;0.36;0;0;0
19,1|15,15;0;0.36;0;0;0
19,0|16,15;0.32;0;0;0;0
19,1|17,15;0.28;0;0;0;0
19,2|17,14;0;0;0;0.26;0
19,2|18,14;0;0;0;0;0.4752
19,2|18,13;0;0.24;0;0;0.22
19,1|18,12;0;0.24;0;0;0
19,0|19,12;0;0.22;0;0;0
19,0|19,11;0;0;0;0;0.2
19,0|19,10;0;0;0;0.18;0
19,0|19,9;0.14;0;0;0;0
19,1|19,8;0.1;0;0;0;0
19,2|19,7;0.06;0;0.2161584;0;0.08000001
19,2|19,6;0;0;0.08000001;0;0
18,2|19,5;0.04;0.08000001;0;0;0
18,1|18,5;0.04;0;0;0;0
18,2|18,4;0;0;0;0.0792;0
19,2|19,4;0;0;0;0;0.02
1,15|16,4;0;0.48;0;0;0
1,14|16,5;0;0;0;0;0.46
1,14|16,6;0;0.42;0;0;0
1,13|16,7;0;0;0;0;0.4
1,13|16,8;0;0;0;0.36;0
2,13|16,9;0;0;0;0.32;0
3,13|16,10;0;0;0;0;0.3
3,13|15,10;0;0;0.3468;0;0
3,14|13,13;0;0;0.22;0;0
2,14|12,13;0;0.18;0;0;0
2,13|11,13;0.18;0;0;0;0
2,14|10,13;0.18;0;0;0.14;0
2,15|9,13;0;0;0;0.14;0
3,15|8,13;0;0.1;0;0;0
3,14|7,13;0.2072517;0;0;0;0
2,15|5,13;0.1;0;0;0;0
2,16|4,13;0;0;0;0.06;0
3,16|4,14;0.06;0;0;0;0
3,17|4,15;0;0.02;0;0;0.0472
3,17|3,16;0;-20;0.024248;0;0
11,12|13,7;0;0.1;0;0;0
11,11|12,7;0;0;0;0.06;0
12,11|12,8;0.1338149;0;0;0;0
12,12|12,9;0.143416;0;0.078;0;0
12,12|10,9;0;0;0;0;0.12
12,12|9,9;0;0;0;0;0.14
12,12|8,9;0;0;0;0;0.12
12,12|8,10;0.138;0.08000001;0;0;0
12,13|8,12;0.08000001;0;0;0;0
12,13|8,13;0.06;0;0;0;0
12,13|9,13;0.0472;0;0;0;0
12,13|12,13;0;0;0;0;0
10,16|2,9;0;0;0;0;0.28
10,16|2,10;0;0.24;0;0;0
10,15|2,11;0;0;0;0.28;0
11,15|1,11;0.32;0;0;0;0
11,16|0,11;0;0;0;0.32;0
12,16|0,12;0.32;0;0;0;0
12,17|0,13;0.3704;0;0;0;0
13,17|2,14;0;0;0.24;0;0
12,17|3,14;0;0;0;0;0.22
12,17|4,14;0;0;0;0;0.2
12,17|5,14;0;0.16;0;0;0
12,16|5,15;0.16;0;0;0;0.1652
12,17|7,15;0;0;0;0.14;0
13,17|8,15;0;0;0.12124;0;0
12,18|9,16;0.118;0;0;0;0
0,2|10,3;0.18;0;0;0;0
0,3|9,3;0.18;0;0;0;0
0,4|8,3;0;0;0;0;0.16
0,4|8,4;0.16;0;0;0;0
0,5|7,4;0;0;0;0.12;0
1,5|6,4;0.12;0;0;0;0
1,6|6,5;0;0;0;0.08000001;0
2,6|5,5;0.08000001;0;0;0;0
2,7|5,6;0.08720001;0;0;0;0
2,7|3,7;0;0;0.02;0;0
1,7|2,7;0;0;0;0;-20
4,5|19,13;0.42;0;0;0;0
4,6|18,13;0;0;0.42;0;0
3,6|17,13;0;0;0;0;0.4
3,6|16,13;0;0;0.4;0;0
2,6|15,13;0;0.4;0;0;0
2,5|14,13;0;0;0.4;0;0
1,5|13,13;0;0.4;0.4;0;0
0,5|12,13;0;0;0;0.36;0
1,5|11,13;0.6336;0;0;0;0
1,6|10,13;0;0.32;0;0.28;0
1,5|9,13;0;0.32;0;0;0
1,4|8,13;0.28;0;0;0.28;0
2,4|7,13;0;0.28;0;0;0.26
2,4|6,13;0.22;0;0;0;0
2,5|5,13;0;0.284152;0;0;0
2,4|3,13;0.1888;0;0;0;0
2,5|0,13;0;0;0;0;0.2052
1,5|0,10;0;0;0.08720001;0;0
1,5|0,8;0;0.2024;0;0;0
1,4|1,8;0;0;0;0.08000001;0
2,4|2,8;0;0.08000001;0;0;0
2,3|2,7;0;0.08000001;0;0;0
2,2|2,6;0;0;0;0;0.0708
3,2|2,4;0;0;0.0236;0;0
5,5|15,11;0.28;0.32;0;0;0
5,4|15,10;0;0;0;0;0.3
5,4|15,9;0;0;0;0.26;0
6,4|15,8;0;0;0.3068;0;0
4,3|15,5;0;0;0;0;0.24
4,3|15,4;0;0;0;0.2396;0
5,2|15,2;0;0;0;0.2;0
6,2|15,1;0.2288;0;0;0;0
6,3|13,1;0;0.1652;0;0;0
5,3|8,3;0;0;0;0;0.072
5,3|7,3;0;0;0;-20;0.02
0,0|7,2;0.14;0;0;0;0
0,1|6,2;0.1;0;0;0;0
0,2|5,2;0;0;0;0;0.08000001
0,2|4,2;0;0;0;0;0.06
0,2|3,2;0;0.06;0;0;0
0,1|3,1;0;0;0;0.02;0
1,1|2,1;0;0;0.02;0;0
0,2|0,1;0;0;0;0.043128;0
1,2|0,2;0.0407664;0.063288;0;0;0
1,1|0,1;0;0;-36;0;-20
10,12|19,4;0;0;0;0;0.32
10,12|19,5;0;0;0;0;0.3
10,12|19,6;0;0.26;0;0;0
10,11|19,7;0;0;0;0;0.24
10,11|19,8;0;0;0;0;0.22
10,11|19,9;0.22;0;0;0;0
10,12|18,9;0;0;0;0.2124;0
10,12|16,9;0.2088;0;0;0;0
9,13|15,11;0;0;0.16;0;0
8,13|15,12;0.14;0;0;0;0
8,13|15,13;0.12;0;0;0;0
8,13|14,13;0;0.12;0;0;0
8,12|13,13;0;0;0;0.08000001;0.1144
8,13|11,13;0.04;0;0;0;0
8,13|10,13;0.02;0;0;0;0.02
8,13|9,13;-36;0;0;0;0
3,4|0,8;0.1;0;0.1;0;0
2,4|0,7;0.06;0;0;0;0
2,5|0,6;0.02;0;0;0;0
2,6|1,6;0.024248;0;0;0;0
4,11|9,6;0;0;0;0;0.18
4,11|8,6;0.16;0;0;0;0
4,11|7,6;0;0.12;0;0;0
4,10|6,6;0;0;0;0;0.118
4,10|4,6;0;0;0;0.08000001;0
5,10|5,6;0.08000001;0;0;0;0
5,11|5,7;0.06720001;0;0;0;0
11,9|5,16;0;0;0;0.3068;0
12,9|5,13;0;0;0.18;0;0.2324
11,9|6,13;0.1816;0;0;0;0
13,7|8,10;0.138;0;0;0;0
13,8|9,9;0;0;0;0.08000001;0
13,8|10,9;0;0.08000001;0;0.06648;0
12,16|9,2;0.34;0;0;0;0
12,17|10,2;0.34;0;0;0;0
12,18|11,2;0;0;0;0.34;0
13,18|12,2;0;0;0;0.34;0
14,18|13,2;0;0;0;0.4412;0
14,18|15,1;0.36;0;0;0;0
14,19|15,2;0;0;0;0;0.411568
12,17|15,7;0;0;0;0;0.24
12,17|15,8;0.2871298;0;0;0;0
13,19|15,13;0;0.1888;0;0;0
14,18|17,15;0;0;0.1444253;0;0
14,18|15,15;0;0;0;0.04;0
15,18|15,16;0;0;0;0.04;0
16,18|15,17;0;0;0;0;0.02
16,18|15,18;0.040248;0;0;0;0
8,3|2,0;0;0;0.14;0;0
7,3|3,0;0;0;0.1;0;0
6,3|4,0;0;0;0;0.1;0
7,3|4,1;0;0;0;0;0.0944
8,3|5,2;0.08000001;0;0;0;0
8,4|6,2;0.08000001;0;0;0;0
8,5|7,2;0;0;0.04;0;0
7,5|7,3;0.04;0;0;0;0
7,6|7,4;0;0;0.04;0;0
6,6|7,5;0;0;0;-20;0
7,6|7,6;0;0;0;0;0
19,7|16,2;0;0.1416;0;0;0
19,6|16,4;0;0.06;0;0;0
19,5|17,4;0;0;0;0;0.04
19,5|17,5;0.04;0;0;0;0
19,6|17,6;0;0;-20;0;0
18,10|12,3;0.26;0.22;0;0;0
18,11|13,3;0;0;0;0.3612;0
19,14|15,2;0.32;0;0;0;0
19,15|16,2;0;0;0;0;0.3
19,15|17,2;0.3;0;0;0;0
19,16|17,3;0.3;0;0;0;0
19,17|17,4;0;0;0.26;0;0
18,17|17,5;0;0;0;0;0.2832
19,17|18,7;0;0;0;0.236;0
19,16|18,9;0;0;0.12;0.14;0
19,16|18,10;0.14;0;0;0;0
19,17|18,11;0.14;0.1144;0;0;0.12
19,18|19,11;0.14;0;0;0;0
19,19|19,12;0;0;0;0;0.14124
19,18|19,14;0;0;0;0.06;0
19,18|19,15;0;0;0;0;0.047848
6,16|18,11;0;0;0;0.3;0
7,16|18,12;0.3;0;0;0;0
7,17|18,13;0;0.26;0;0;0
7,16|18,14;0;0;0;0.22;0
8,16|18,15;0;0;0;0;0.2
8,16|17,15;0.2;0;0;0;0
8,17|16,15;0;0.16;0;0;0
8,16|15,15;0;0;0;0.12;0
9,16|14,15;0;0;0;0.08000001;0
10,16|13,15;0.08000001;0;0;0;0
10,17|12,15;0;0;0;0.04;0
11,17|12,16;0;0;0;0;0.02
11,17|11,16;0;-20;0;0;0
8,18|17,8;0;0.34;0;0;0
8,17|17,9;0;0;0;0;0.3704
8,17|17,13;0.2996;0;0.26;0;0
7,17|17,14;0;0;0;0.2596;0
8,16|17,16;0.18;0;0;0;0
8,17|16,16;0;0;0;0;0.16
8,17|15,16;0;0;0;0;0.14
8,17|14,16;0.14;0;0;0;0
8,18|13,16;0.14;0;0;0;0.12
8,19|13,17;0.12;0;0;0;0
8,19|13,18;0;0;0;0.0908;0
9,19|11,18;0.04;0;0;0;0
9,19|10,18;0;0;0;-20;0
12,8|0,16;0.36;0;0;0;0
12,9|1,16;0.34;0;0;0;0
12,9|2,16;0;0;0.3;0;0
11,9|2,15;0;0;0;0;0.28
11,9|3,15;0;0;0.24;0;0
10,9|4,15;0;0;0;0;0.22
10,9|4,14;0;0;0;0;0.2
10,9|5,14;0;0;0.16;0;0
9,9|5,13;0;0;0.12;0;0
8,9|6,13;0.08000001;0;0;0;0
8,10|7,13;0.04;0;0;0;0
8,11|8,13;0;0;0;0;0.02
8,11|8,12;0;0.02;0;0;0
8,10|8,11;-20;0.02;0;0;0
14,1|15,0;0;-20;0;0;0
14,0|14,0;0;0;0;0;0
2,16|2,2;0;0;0;0.28;0
3,16|2,3;0;0;0;0.28;0
4,16|2,4;0.28;0;0;0;0
4,17|2,5;0;0.24;0;0;0
4,16|2,6;0.24;0;0;0;0
4,17|2,7;0;0;0.2;0;0
3,17|2,8;0;0;0;0.2;0
4,17|2,9;0;0;0;0;0.18
4,17|2,10;0;0.1724;0.14;0;0
4,17|2,15;0;0;0;0.08000001;0
5,17|3,15;0;0;0;0;0.112248
5,17|3,16;0;0.0236;0.02;0;0
3,9|8,18;0;0;0.28;0;0
2,9|7,18;0;0.28;0;0;0
2,8|7,17;0;0.28;0;0;0
2,7|6,17;0;0;0;0.24;0
3,7|5,17;0.2;0;0;0;0
3,8|5,16;0.1888;0;0;0;0
4,9|5,14;0;0;0;0;0.118
5,9|3,13;0.164064;0;0;0;0
5,10|1,13;0;0.2124;0;0.189736;0
5,9|0,10;0;0.12;0;0;0
5,8|0,9;0.08000001;0;0;0;0
5,9|1,9;0;0;0;0.06;0
5,9|2,9;0;0.06;0;0;0
5,8|3,9;0.02;0;0;0;0
5,9|4,9;0;0;0;-20;0
11,1|3,16;0;0;0.42;0;0
10,1|3,15;0;0;0;0.42;0
11,1|3,14;0;0;0;0.42;0
12,1|3,13;0.42;0;0;0;0
12,2|2,13;0;0.46;0;0;0
12,1|1,13;0;0;0;0;0.48
12,1|0,13;0;0.48;0;0;0
12,0|0,12;0;0;0.44;0;0
11,0|0,11;0;0;0;0;0.4884
11,1|0,9;0.34;0;0;0;0
11,2|0,8;0;0;0;0.34;0
12,2|1,8;0;0;0;0.34;0
13,2|2,8;0.3;0;0;0;0
13,3|2,7;0.28;0;0;0;0
13,3|3,7;0;0;0.2796;0;0
12,2|6,6;0;0;0;0;0.18
12,2|6,5;0.14;0;0;0;0
12,3|6,4;0;0;0.1;0;0
11,3|7,4;0;0;0.06;0;0
10,3|7,3;0;0.07944001;0;0;0
16,2|19,17;0;0;0.36;0;0
15,2|18,17;0.32;0;0;0;0
15,3|18,16;0.28;0;0;0;0
15,4|18,15;0.24;0;0;0;0
15,5|18,14;0.2;0;0;0;0
15,6|18,13;0.16;0;0;0;0
15,7|18,12;0.12;0;0;0;0
15,8|18,11;0;0;0;0.08000001;0
16,8|18,10;0.04;0;0;0;0
16,9|18,9;0;0;0;-20;0
17,9|17,9;0;0;0;0;0
16,12|0,3;0;0;0;0;0.48
16,12|0,4;0.48;0;0;0;0
16,13|0,5;0;0;0.44;0;0
15,13|0,6;0;0;0;0;0.42
15,13|0,7;0.4;0;0;0;0
15,13|0,8;0;0.36;0;0;0
15,12|0,9;0;0.32;0;0;0
15,11|0,10;0.32;0;0;0;0
15,12|0,11;0.32;0;0;0;0
15,13|0,12;0;0.32;0;0;0
15,12|0,13;0;0;0.354;0;0
16,13|7,13;0.1888;0;0;0;0
17,13|10,13;0;0;0;0.14;0
18,13|11,13;0;0.1652;0;0;0
18,12|14,13;0;0;0.0636;0.118;0
18,5|8,2;0;0;0.22;0;0
17,5|9,2;0;0;0.18;0;0
16,5|10,2;0.18;0;0;0;0
16,6|11,2;0.18;0;0;0;0
16,7|12,2;0.2124;0;0;0;0
16,8|14,1;0.2124;0;0;0;0.16
16,8|15,1;0.16;0;0;0;0
16,9|15,2;0;0;0;0.16;0
17,9|16,2;0.16;0;0;0;0
17,10|16,3;0;0;0.12;0;0
16,10|16,4;0.138;0;0;0;0
16,10|16,7;0;0;0.06;0;0
15,10|16,8;0.06;0;0;0;0
15,11|16,9;0;0;0;0.0236;0
3,14|6,19;0;0;0;0;0.14
3,14|5,19;0;0;0;0.1;0
4,14|5,18;0.06;0;0;0;0
4,15|5,17;0.02;0;0;0;0
5,15|5,15;0;0;0;0;0
15,9|5,13;0;0;0.26;0;0
15,9|6,13;0;0.26;0;0.315224;0
15,8|7,13;0.22;0;0;0;0
15,9|8,13;0;0;0;0.2596;0
17,10|12,13;0.12;0;0;0;0
17,11|13,13;0;0;0;0;0.13564
17,12|15,13;0.02;0.0708;0;0;0
19,13|19,13;0;0;0;0;0
16,9|19,8;0;0;0;0;0.06
16,9|18,8;0;0.02;0;0;0
16,8|17,8;0.02;0;0;0;0
16,9|17,9;0;0;0.02;0;0
15,9|16,9;0;0.02;0;0;0
15,8|15,9;0;0.02;0;0;0
15,7|15,8;0;0;-20;0;0
18,15|3,17;0;0.34;0;0;0
18,14|4,17;0.3;0;0;0;0
18,15|4,16;0;0.5868;0;0;0
18,14|4,15;0.26;0;0.26;0;0
17,14|5,15;0.22;0;0;0;0
17,15|6,15;0;0;0.18;0;0
16,15|7,15;0;0;0.14;0;0
15,15|8,15;0.14;0;0;0;0
15,16|9,15;0.14;0;0;0;0
15,17|10,15;0;0;0;0.14;0
16,17|11,15;0.14;0;0;0;0
16,18|12,15;0.14;0;0;0;0
16,19|12,16;0;0;0.1;0;0
15,19|12,17;0;0;0.06;0;0
14,19|12,18;0.04;0;0;0;0
14,19|13,18;0;0;-36;0;0
11,12|15,5;0;0;0;0;0.2288
10,12|15,7;0.2;0;0;0;0
10,13|15,8;0;0.16;0;0;0
10,12|15,9;0;0.12;0;0;0
10,11|15,10;0;0;0;0;0.1
10,11|15,11;0.1252;0;0;0;0
9,13|13,13;0;0;0;0;0.06
9,13|12,13;0;0;0;0.02;0
10,13|7,6;0;0.16;0;0;0
10,12|8,6;0;0.12;0;0;0
10,11|9,6;0;0;0;0;0.1
10,11|10,6;0.14;0;0;0;0
10,12|11,6;0;0;0;0;0.16
10,12|12,6;0;0.234;0;0;0
10,11|12,7;0;0;0;0;0.1908
10,11|12,8;0;0;0.1;0.1188;0
11,11|12,9;0.0744;0;0.06;0;0
10,11|11,9;0;0;0.06;0;0
9,11|10,9;0;0;0;0;0.04
9,11|9,9;0.08000001;0;0;0;0
9,12|8,9;0;0;0.04;0;0
8,12|8,10;0.04;0;0;0;0
8,13|8,11;0.02;-20;0;0;0.02
8,0|9,11;0;0;0;0.24;0
9,0|8,11;0.2;0;0;0;0
9,1|8,10;0.16;0;0;0;0
9,2|8,9;0;0.16;0;0;0
9,1|9,9;0;0;0.1888;0;0
9,0|11,8;0.3888;0;0;0;0
9,1|12,8;0.3168;0;0;0;0
9,2|12,7;0;0;0.16;0.12;0
8,2|12,6;0.12;0;0;0;0
8,3|11,6;0;0;0;0.08000001;0
9,3|10,6;0;0.08000001;0;0;0
9,2|10,5;0;0;0;0;0.06
9,2|9,5;0.1152;0;0;0;0
9,3|8,5;0.08049601;0;0;0;0
9,3|8,4;0.0236;0.0472;0;0;0
9,1|9,3;0;0;0.04;0;0
8,1|8,2;0;0.02;0;0;0
8,0|8,1;0;0;0;0.02;0
9,0|8,0;0;0;-20;0;0
4,3|11,1;0;0.14;0;0;0.16
4,3|11,2;0;0;0;0;0.14
4,3|11,3;0;0;0;0.1;0
5,3|10,3;0.1;0;0;0;0
5,4|9,3;0.118;0;0;0;0
4,6|6,3;0;0;0.1;0;0
3,6|5,3;0;0;0;0.06;0
4,6|5,4;0;0.0236;0;0;0.04
18,4|9,17;0.4;0;0;0;0
18,5|9,16;0.36;0;0;0.4;0
19,5|10,16;0.36;0;0;0;0
19,6|10,15;0;0;0;0;0.403072
19,6|15,15;0;0.26;0;0;0
19,5|16,15;0;0;0;0;0.24
19,5|17,15;0.2;0;0;0;0
19,6|17,14;0;0.2;0;0;0
19,5|18,14;0;0.2;0;0;0
19,4|18,13;0;0;0;0.18;0
19,4|18,12;0;0;0.14;0;0
18,4|18,11;0.1;0;0;0;0
18,5|18,10;0;0.1;0;0;0
18,4|18,9;0;0;0;0.1;0
19,4|19,9;0;0.1;0;0.08000001;0
19,3|19,8;0;0.1144;0;0;0
19,3|19,6;0.02;0;0;0;0
19,4|19,5;0;0.02;0.02;0;0
15,8|19,19;0.26;0;0;0;0
15,9|19,18;0;0;0;0;0.24
15,9|19,17;0.2;0;0;0;0
15,10|18,17;0.16;0;0;0;0
15,11|17,17;0.12;0;0;0;0
15,12|17,16;0;0;0;0;0.1
15,12|17,15;0;0;0;0.06;0
16,12|17,14;0.02;0;0;0;0
16,13|17,13;0;0.02;0.02;0;0
15,12|16,12;0;0.02;0;0;0
15,11|16,11;0;0;-20;0;0
14,17|16,10;0.18;0;0;0;0
14,18|16,11;0;0;0;0.14;0
15,18|16,12;0;0;0.1724;0;0
13,16|16,16;0;0;0;0;0.04
13,16|15,16;0;0;0;0;0.02
13,16|14,16;0;0;0.02;0;-20
12,16|13,16;0;0;0.02;0;0
11,16|12,16;0;0.02;0;0;-20
11,15|12,15;0.0236;0;0.02;0;0
12,0|18,10;0;0;0;0.28;0
13,0|17,10;0.24;0;0;0;0
13,1|17,9;0;0;0.24;0;0
12,1|17,8;0.2;0;0;0;0
12,2|17,7;0.16;0;0;0;0
12,3|17,6;0.14;0;0;0;0
12,3|17,5;0;0;0.14;0;0
11,3|17,4;0;0;0;0.1;0
12,3|16,4;0;0;0.1;0;0
11,3|16,3;0.08000001;0;0.1;0;0
10,3|15,3;0;0;0;0.1;0.2427322
10,3|15,2;0.14;0.148512;0.16;0;0
11,3|11,1;0;-20;0;0;0
1,18|2,2;0.34;0;0;0;0
1,19|2,3;0.32;0;0;0;0
1,19|2,4;0;0;0;0.28;0
2,19|2,5;0;0;0;0.28;0
3,19|2,6;0;0;0;0.28;0
4,19|2,7;0;0;0;0;0.26
4,19|2,8;0;0.22;0;0;0
4,18|2,9;0;0.211032;0.18;0;0
3,17|2,11;0.18;0;0;0;0
3,18|1,11;0.22;0;0;0;0
3,19|0,11;0;0;0.209736;0;0.241832
4,18|1,13;0;0;0;0;0.1858784
5,18|1,15;0.14;0;0;0;0
5,19|2,15;0;0.1;0;0;0
5,18|3,15;0;0;0;0.1146491;0
6,18|5,15;0.08000001;0;0;0;0
6,19|6,15;0;0;0.08000001;0;0
5,19|6,16;0;0;0;0.0472;0
5,13|5,16;0.0236;0;0;0;0
4,19|15,18;0.22;0;0;0;0
4,19|14,18;0;0;0;0.236376;0
4,19|11,18;0;0;0;0.12;0
5,19|11,19;0;0;0;0;0.1
5,19|10,19;0;0.1;0;0;0
5,18|9,19;0;0.1;0;0;0
5,17|8,19;0;0;0;0.06;0
6,17|7,19;0;0.06;0;0;0
6,16|6,19;0;0.06;0;0;0
6,15|6,18;0;0;0;0.06;0
7,15|6,17;0;0.04;0;0;0
7,15|6,16;0;0;0;0;0.0236
8,16|7,16;0;0.02;0;0;0
10,1|6,15;0;0.4;0;0.4;0
10,0|5,15;0;0;0;0;0.38
10,0|5,14;0.34;0;0;0;0
10,1|5,13;0;0;0.3;0;0
9,1|6,13;0;0;0;0;0.28
9,1|7,13;0;0;0;0.28;0
10,1|7,12;0;0;0.24;0;0
9,1|7,11;0.2;0;0;0;0
9,2|7,10;0;0;0.16;0;0
8,2|7,9;0;0;0.12;0;0
7,2|7,8;0.12;0;0;0;0
7,3|8,8;0.12;0;0;0;0
7,4|9,8;0;0.16;0;0;0
7,3|10,8;0;0;0;0;0.18
7,3|11,8;0.18;0;0;0;0
7,4|12,8;0.27;0.18;0;0;0
7,5|12,7;0;0;0;0.192096;0
8,5|12,6;0.06720001;0.1108;0;0;0
2,0|12,19;0.54;0;0;0;0
2,1|11,19;0;0.54;0;0;0
2,0|10,19;0.5;0;0;0;0
2,1|9,19;0.46;0;0;0;0
2,2|8,19;0;0;0.46;0;0
1,2|8,18;0;0;0;0;0.44
1,2|7,18;0;0;0;0.4;0
2,2|7,17;0;0;0;0;0.38
2,2|7,16;0;0;0.38;0;0
1,2|7,15;0;0;0;0;0.36
1,2|6,15;0;0;0;0.634176;0
2,2|5,15;0.3232;0.32;0;0;0
2,2|4,14;0;0.28;0;0;0
2,1|3,14;0;0;0.28;0;0
1,1|2,14;0.24;0;0;0;0
1,2|2,13;0;0;0;0.2832;0
1,3|0,12;0;0;0;0.2;0
2,3|0,11;0;0;0.3096;0.2;0.18
1,3|0,10;0.12;0;0.12;0;0
1,4|0,9;0.0944;0;0;0;0
1,4|0,7;0.04;0;0;0.08000001;0
1,5|1,7;-20;0;0;0;0
4,16|18,6;0;0;0;0;0.5356
3,15|17,8;0.42;0;0;0;0
3,16|17,9;0;0;0.42;0;0
2,16|17,10;0.42;0;0;0;0
2,17|17,11;0.42;0;0;0;0
2,18|17,12;0;0.38;0;0;0
2,17|16,12;0;0;0.4448;0;0
1,18|15,13;0.4484;0;0;0;0
1,19|13,13;0.3976;0;0;0;0
2,18|7,13;0.3888;0;0;0;0
2,19|6,13;0;0;0;0.3299904;0
3,19|5,13;0;0.23328;0;0;0.14
3,18|4,14;0;0;0;0.0636;0
12,7|18,5;0.16;0;0;0;0
12,8|17,5;0;0.12;0.16;0;0
12,7|16,5;0;0;0;0.08000001;0
13,7|15,5;0;0;0;0;0.1
13,7|15,4;0;0;0;0;0.12
13,7|15,3;0.16;0;0;0;0
13,8|15,2;0.2324;0;0;0;0
12,9|13,3;0.1452;0;0;0;0
11,9|8,3;0;0.14;0;0;0
11,8|8,4;0;0;0;0;0.12
11,8|8,5;0;0.1;0;0;0
11,8|9,5;0;0;0;0.1108;0
13,8|13,6;0.0472;0;0;0;0
11,18|15,10;0.24;0;0;0;0
11,19|15,11;0;0.2;0;0;0
11,18|15,12;0;0;0;0.1888;0
11,18|16,13;0;0.2;0;0;0
11,17|17,13;0;0;0;0;0.18
11,17|17,14;0;0.1652;0;0;0
12,16|16,15;0;0;0;0;0.08000001
12,16|15,15;0;0;0;0;0.06
12,16|15,16;0;0;0;0.0236;0
13,16|13,16;0;0;0;0;0
4,2|6,4;0.04;0;0;0;0
4,3|5,4;0;0;0;-20;0
2,19|9,16;0;0;0.2;0;0
1,19|9,17;0;0;0;0.16;0
2,19|9,18;0;0;0;0;0.14
2,19|8,18;0;0;0;0.1;0
3,19|7,18;0;0;0;0;0.08000001
3,19|6,18;0;0;0;0;0.06
3,19|5,18;0.0436;0;0;0.0236;0.04
19,2|17,13;0.22;0;0;0;0
19,3|17,12;0;0;0;0.2;0
19,3|17,11;0;0.2;0;0;0
19,2|18,11;0;0;0;0.18;0
19,2|18,10;0.14;0;0;0;0
19,3|18,9;0.1;0;0;0;0
19,4|18,8;0.06;0;0;0;0
19,5|18,7;0.02;0;0;0.04;0
19,6|19,7;0;0;0;0;-20
19,6|19,6;0;0;0;0;0
19,9|8,0;0;0.36;0;0;0
19,8|9,0;0.36;0;0;0;0
19,9|10,0;0.36;0;0;0;0
19,10|10,1;0;0.32;0;0;0
19,9|11,1;0;0;0.28;0;0
18,9|12,1;0.28;0;0;0;0
18,10|13,1;0;0;0;0.3304;0
19,12|15,2;0.28;0;0;0;0
19,13|15,3;0.28;0;0;0;0
19,14|15,4;0;0;0;0.314576;0
19,14|16,6;0;0;0.18;0;0
18,14|16,7;0.18;0;0;0;0
18,15|16,8;0;0;0;0.18;0
19,15|17,8;0;0;0.14;0;0
18,15|17,9;0.14;0;0;0.14;0
18,16|17,10;0;0;0;0.14;0
19,16|17,11;0.1652;0.118;0;0;0
19,16|18,14;0;0.0236;0;0;0.04
19,16|19,14;0;0;0.04;0;0.02
18,16|19,15;0.07776;0;0;0;0
12,7|17,10;0;0;0;0;0.14
12,7|16,10;0;0.14;0;0;0
12,6|15,10;0;0;0;0.14;0
13,6|15,11;0;0;0.18;0;0
12,6|15,12;0.18;0;0;0;0
12,7|15,13;0.14;0;0;0;0
12,8|14,13;0.118;0;0.158;0;0.1344
12,7|13,11;0.06;0;0.1016;0;0
12,8|12,11;0;0;0;0;0.08000001
12,8|11,11;0;0;0.08000001;0;0
11,8|10,11;0;0.1;0.0944;0;0
11,8|9,11;0;0;0;0;0.136992
12,8|8,9;0;0;0.116496;0;0
11,8|9,9;0.02;0.0472;0.02;0;0
17,14|1,7;0;0;0;0.46;0
18,14|1,8;0;0.4956;0;0;0
19,15|1,13;0.4;0;0;0;0
19,16|2,13;0;0;0.36;0;0
18,16|3,13;0;0;0;0;0.34
18,16|4,13;0.34;0;0;0;0
18,17|4,14;0.34;0;0;0;0
18,18|4,15;0.3976;0;0.3;0;0
17,18|5,15;0.3;0;0;0.3;0
18,18|6,15;0;0;0.26;0;0
17,18|7,15;0;0;0.22;0;0
16,18|8,15;0;0;0.18;0;0
15,18|8,16;0;0;0.14;0;0
14,18|8,17;0;0;0;0;0.12
14,18|9,17;0;0;0.08000001;0;0
13,18|10,17;0.08000001;0;0;0;0
13,19|11,17;0;0;0;0.08720001;0
13,19|12,18;0.0488304;0;0;0;0
18,9|2,4;0;0.38;0;0;0
18,8|3,4;0;0.34;0;0;0
18,7|4,4;0;0;0;0;0.32
18,7|5,4;0;0;0.28;0;0
17,7|6,4;0.28;0;0;0;0
17,8|7,4;0;0;0;0;0.26
17,8|8,4;0;0.3068;0;0;0
16,7|9,3;0;0;0;0;0.396
16,7|10,3;0.2;0.3729888;0;0;0
16,8|11,3;0;0;0;0;0.18
16,8|12,3;0.2124;0;0;0;0
16,9|13,2;0;0;0;0.24;0
17,9|13,1;0;0;0;0.276;0
19,8|16,1;0;0.16;0.16;0;0.18
19,8|16,2;0;0.14;0;0;0
19,7|16,3;0.14;0;0;0;0
19,8|17,3;0;0.1144;0;0;0
18,7|18,7;0;0;0;0;0
7,19|7,5;0;0;0;0;0.26
7,19|7,6;0;0;0;0;0.28
7,19|8,6;0.3;0;0;0;0
7,19|9,6;0.32;0;0;0;0
7,19|10,6;0;0;0;0;0.34
7,19|11,6;0;0.3976;0;0;0
7,17|12,7;0;0;0;0.26;0
8,17|12,8;0;0;0.26;0;0
7,17|11,8;0.26;0;0;0;0
7,18|11,9;0;0;0;0;0.24
7,18|10,9;0;0;0;0.2;0
8,18|9,9;0.2324;0;0;0;0
8,19|8,11;0;0.12;0;0;0
8,18|8,12;0.12;0;0;0;0
8,19|8,13;0;0.12;0;0;0
8,18|7,13;0;0.12;0.12;0;0
7,18|6,13;0;0;0;0.31644;0
8,18|5,13;0;0;0.12;0;0.158
8,17|5,15;0;0.0708;0;0;0
8,17|5,17;0.06;0;0;0;0
8,18|5,18;0;0;0;0.07221264;0
9,17|7,18;0.024248;0;0;0;0
5,3|13,3;0;0;0;0.12;0
6,3|12,3;0;0;0;0;0.1
6,3|11,3;0.121384;0;0;0;0
4,8|10,19;0;0;0;0;0.32
4,8|10,18;0.28;0;0;0;0
4,9|9,18;0.24;0;0;0;0
4,10|8,18;0.2;0;0;0;0
4,11|7,18;0.18;0;0;0;0
4,11|6,18;0;0;0.18;0;0
3,11|5,18;0;0.18;0;0;0
3,10|4,18;0;0;0;0.1652;0
5,10|4,16;0.1;0;0;0;0
5,11|4,15;0;0.1;0;0;0
5,10|4,14;0;0;0;0.08000001;0
5,10|4,13;0;0;0;0.1295315;0
4,10|0,11;0.0708;0;0;0;0
10,3|11,18;0.3;0;0;0;0
10,3|11,17;0;0;0.3;0;0
9,3|10,17;0;0.3;0;0;0
9,2|10,16;0;0;0;0.26;0
10,2|10,15;0;0;0;0;0.28
10,2|11,15;0;0.32;0.32;0;0
10,1|12,15;0;0;0;0;0.34
10,1|13,15;0;0.38;0;0;0
10,0|14,15;0;0;0.42;0;0
9,0|15,15;0.42;0;0;0;0
9,1|16,15;0;0;0.5356;0;0
9,1|17,13;0;0;0.4;0;0
8,1|17,12;0.36;0;0;0;0
8,2|17,11;0.32;0;0;0;0
8,3|17,10;0.28;0;0;0;0
8,4|17,9;0;0;0;0;0.5148
8,4|17,8;0;0;0.26;0.24;0
7,4|16,8;0;0.26;0;0;0
7,3|16,7;0;0.26;0;0;0
7,2|16,6;0;0;0;0.22;0
8,2|15,6;0;0;0;0;0.2
8,2|15,5;0;0;0;0.1852;0
9,3|15,3;0;0;0;0.1467322;0
10,3|15,1;0.12;0;0;0.1944;0
11,3|14,1;0;0.0636;0;0;0.08000001
11,3|13,1;0;0.0472;0;0;0
18,6|6,17;0;0;0;0.46;0
19,6|7,17;0;0;0;0;0.44
19,6|7,16;0;0;0.4;0;0
18,6|8,16;0;0.472;0;0;0
18,6|10,16;0.32;0;0;0;0
18,7|10,15;0;0;0;0;0.3
18,7|11,15;0;0;0;0;0.28
18,7|12,15;0;0;0.24;0;0
17,7|13,15;0;0;0.2;0;0
16,7|14,15;0;0.2;0;0;0
16,6|15,15;0;0;0;0.396;0
17,6|16,15;0;0.3888;0;0;0
17,5|17,15;0.16;0;0;0.2;0
17,6|17,14;0;0;0;0.16;0
18,6|17,13;0;0;0.1416;0;0
17,7|17,11;0;0;0.08720001;0.0944;0
19,19|0,18;0;0;0;0;0.38
19,19|1,18;0.36;0;0;0;0
19,19|2,18;0.34;0;0;0;0
19,19|3,18;0;0;0;0;0.32
19,19|4,18;0;0;0;0;0.3
19,19|5,18;0;0;0;0;0.28
19,19|6,18;0;0.542088;0;0;0
19,18|9,18;0.2;0;0;0;0
19,19|9,19;0;0;0;0.18;0
19,19|10,19;0.1888;0;0;0;0.16
19,19|11,19;0.14;0.16;0;0;0
19,18|11,18;0;0;0;0;0.14
19,18|12,18;0.14;0;0;0.12;0
19,19|13,18;0;0.112744;0;0;0
17,19|16,19;0;0.02;0;0.0396;0
17,13|15,3;0.24;0;0;0;0
17,14|15,4;0.24;0;0;0;0
17,15|15,5;0;0;0;0.24;0
18,15|15,6;0;0;0.2;0;0.22
18,15|15,7;0;0.18;0;0;0
18,14|15,8;0;0;0;0;0.16
18,14|16,8;0.16;0;0;0;0
18,15|17,8;0;0.12;0;0;0
18,14|18,8;0;0.08000001;0;0;0
18,13|18,9;0;0;0;0.08000001;0
19,13|18,10;0.08000001;0;0;0;0
19,14|19,10;0;0.04;0;0;0
19,13|19,11;0;0;0.072;0;0
18,13|19,12;0;0;0;-20;0
0,18|5,9;0;0;0.26;0;0
0,18|4,9;0;0;0.24;0;0
0,18|4,10;0.24;0;0;0;0
0,19|3,10;0;0;0.22;0;0
0,19|2,10;0;0;0.2324;0;0
0,19|1,11;0;0;0;0.243504;0
2,18|1,14;0;0;0;0.120592;0
3,18|3,15;0.07374942;0;0;0;0.04
5,0|0,3;0;0;0;0;0.14
5,0|0,2;0;0;0;0.14;0
6,0|1,2;0.1;0;0;0;0
6,1|2,2;0;0.1;0;0;0
6,0|2,1;0;0;0.06;0;0
5,0|2,0;0;0;0;0.06;0
6,0|3,0;0;0.04;0;0;0
6,0|4,0;0;0;0;0;0.02
6,0|5,0;0.02;0;0;0;0
6,1|6,0;0;0;0;0;-20
10,5|6,3;0;0;0.08000001;0;0
9,5|6,4;0;0;0;0.0908;0
6,3|9,15;0.26;0;0;0;0
6,4|8,15;0.22;0;0;0;0
6,5|7,15;0;0;0.22;0;0
5,5|6,15;0;0;0;0;0.2
5,5|5,15;0;0;0;0.2;0
6,5|5,14;0.16;0;0;0;0
6,6|5,13;0.18;0;0;0;0
6,6|4,13;0;0;0;0;0.2
6,6|3,13;0;0;0;0;0.22
6,6|2,13;0.24;0;0;0;0
6,6|1,13;0;0;0.24;0;0
5,6|0,13;0.2;0;0;0;0
5,7|0,12;0;0;0.16;0;0
4,7|0,11;0;0;0;0.1888;0
5,7|1,10;0;0;0;0.1416;0
4,6|3,9;0.04;0;0;0;0
4,7|4,8;-36;0;0;0;0
2,15|1,9;0;0.1;0;0;0
2,14|1,10;0;0.06;0;0;0
2,13|1,11;0;0.08000001;0;0;0
2,13|0,11;0.08000001;0.06;0;0;0
2,14|0,12;0;0;0;0;0.06
2,14|0,13;0;0.02;0;0.06;0
2,13|1,13;0;0;0;0.0236;0
3,13|3,13;0;0;0;0;0
3,2|9,3;0;0;0;0;0.12
3,2|8,3;0;0.12;0;0;0
3,1|7,3;0;0;0;0.08000001;0
4,1|6,3;0;0;0;0.04;0
18,15|4,19;0;0;0.32;0;0
17,15|5,19;0;0.32;0;0;0
17,14|5,18;0;0;0;0.32;0
18,14|5,17;0;0;0;0;0.3
18,14|6,17;0;0.3;0;0;0
18,13|7,17;0;0.3;0;0;0
18,12|8,17;0.26;0;0;0;0
18,13|9,17;0.22;0;0;0;0
18,14|9,16;0.2124;0;0;0;0
19,15|12,16;0;0;0;0.158;0
19,15|16,15;0;0;0;0;0.04
19,15|17,15;0;0;-20;0;0
17,9|15,11;0;0;0;0.08720001;0
18,9|17,10;0;0.04;0;0;0
18,8|18,10;-20;0;0;0;0
16,15|9,2;0;0.38;0;0;0
16,15|10,2;0;0;0.34;0;0
15,15|11,2;0;0;0;0;0.32
15,15|12,2;0;0;0.3376;0;0
16,15|15,2;0.28;0;0;0;0
16,16|15,3;0;0;0;0.28;0
17,16|16,3;0.28;0;0;0;0
17,17|17,3;0.28;0;0;0;0
17,18|17,4;0;0.24;0;0;0
17,17|17,5;0.24;0;0;0;0
17,18|17,6;0;0;0.2832;0;0
17,18|17,9;0;0;0.18;0;0
16,18|17,10;0;0;0;0.1616;0
17,19|17,12;0.1446586;0;0;0;0
19,13|12,16;0.16;0;0;0;0
19,14|13,16;0.12;0;0;0;0
19,15|14,16;0;0;0.08000001;0;0
18,15|14,15;0;0.08000001;0;0;0
18,14|15,15;0.04;0;0;0;0
18,16|17,15;0;0;0;0.04;0
19,18|18,17;0;0;-20;0;0
16,2|1,2;0;0;0;0.3;0
17,2|2,2;0.3;0;0;0;0
17,3|3,2;0;0;0;0;0.28
17,3|4,2;0;0;0.24;0;0
16,3|5,2;0;0;0.2;0;0
15,3|6,2;0;0;0;0;0.18
15,3|7,2;0;0.14;0;0;0
15,2|8,2;0;0;0.12;0;0
15,2|9,2;0;0.1416;0;0;0
14,0|11,1;0;0;0;0;0.06
14,0|11,0;0;0.04;0;0;0
14,0|12,0;0;0;-20;0;0
0,0|8,16;0;0;0;0.44;0
1,0|7,16;0.4;0;0;0;0
1,1|7,15;0.4176;0;0;0;0
2,1|4,15;0;0;0;0;0.3
2,1|3,15;0;0.3;0;0;0
2,0|3,14;0.26;0;0;0;0
2,1|3,13;0.22;0;0;0;0
2,2|2,13;0;0;0;0;0.586688
2,3|0,12;0;0;0;0;0.2288
0,3|0,9;0;0;0.1;0;0
0,3|0,8;0;0.319672;0;0;0
0,2|0,5;0;0;0.04;0;0.044248
0,2|0,4;0;0;0;0;0.04745952
13,8|10,18;0;0.26;0;0;0
13,7|10,17;0;0;0;0.24;0
13,7|10,16;0.2;0;0;0;0
13,8|10,15;0.2;0;0;0;0
13,9|9,15;0.22;0;0;0;0
13,9|8,15;0;0;0.271624;0;0
11,9|8,13;0;0;0.1;0;0
10,9|8,12;0.0944;0;0;0;0
10,8|10,8;0;0;0;0;0
1,5|7,13;0.24;0;0;0;0
1,6|6,13;0;0;0;0.2;0
2,6|5,13;0.3168;0;0;0;0
2,7|4,13;0;0;0.16;0.12;0
1,7|3,13;0;0;0;0.170544;0
0,7|0,13;0.096344;0;0;0;0.1108
6,16|1,7;0;0.24;0;0;0
6,15|1,8;0.24;0;0;0;0
6,16|1,9;0;0;0;0.24;0
7,16|1,10;0;0;0;0.2904;0
8,16|0,11;0.26;0;0;0;0
8,17|0,12;0.3068;0;0;0;0
9,18|1,13;0.26;0;0;0;0
9,19|1,14;0.24;0;0;0;0
9,19|1,15;0;0.2;0;0;0
9,18|2,15;0.2;0;0;0;0
9,19|2,16;0;0;0.16;0;0
8,19|2,17;0;0;0;0;0.14
8,19|3,17;0.138;0;0;0;0
8,18|4,18;0;0;0.0980807;0;0
9,18|7,18;0;0;-20;0;0
8,3|3,15;0.3;0;0;0;0
8,4|3,14;0.26;0;0;0;0
8,5|3,13;0.26;0;0;0;0
8,6|2,13;0;0.3;0;0;0
8,5|1,13;0;0.34;0;0.3976;0
10,5|0,12;0;0.7164;0;0;0
10,5|0,10;0.3032;0;0;0.3;0
11,5|0,9;0;0;0;0.3;0
12,5|1,9;0;0.28;0;0;0
12,5|2,9;0.24;0;0;0;0
12,6|3,9;0.2;0;0;0;0
12,7|4,9;0;0.2;0;0;0
12,6|4,8;0.16;0;0;0;0
12,7|5,8;0.16;0;0;0;0
12,8|5,7;0;0;0;0;0.2124
12,8|6,6;0;0;0;0;0.14
12,8|7,6;0;0.118;0;0;0.12
8,8|12,7;0;0;0;0;0.08000001
8,8|12,8;0;0;0;0.04;0
9,8|11,8;0.04;0;0;0;0
9,9|10,8;0;0;0.04;0;0.02
9,9|9,8;0;0;0;0;-20
5,16|17,3;0;0;0.5;0;0
4,16|17,4;0;0;0;0;0.48
4,16|17,5;0.48;0;0;0;0
4,17|16,5;0;0;0.48;0;0
3,17|16,6;0.48;0;0;0;0
3,18|16,7;0;0;0;0.44;0
4,18|16,8;0.44;0;0;0;0
4,19|15,8;0.42;0;0;0;0
4,19|15,9;0;0;0;0;0.4
4,19|15,10;0;0;0.4684;0;0
2,19|15,12;0;0;0;0.4176;0
3,19|14,13;0.32;0;0;0;0
3,19|13,13;0;0;0.32;0;0
2,19|12,13;0;0;0;0;0.3
2,19|11,13;0;0;0;0;0.3268
1,19|8,13;0;0;0;0.2596;0
3,18|5,14;0;0;0;0;0.1
3,18|5,15;0.1;0;0.1;0;0
3,19|5,16;0;0;0;0;0.092744
9,15|15,16;0;0;0;0.1;0
10,15|14,16;0;0;0.118;0;0
9,15|12,15;0;0;0;0;0.04
9,15|11,15;0;0.02;0;0;0
9,15|10,15;0.02709171;0;0;0;-20
9,15|9,15;0;0;0;0;0
11,8|17,6;0;0;0.16;0;0
10,8|16,6;0.16;0;0;0;0
10,9|15,6;0;0;0;0.12;0
11,9|15,7;0;0.08000001;0;0;0
11,8|15,8;0.08000001;0;0;0;0
11,9|15,9;0;0;0;0;0.1
11,9|15,10;0;0.14;0;0;0
11,8|15,11;0;0;0.2196;0;0
11,8|15,13;0;0;0;0.297432;0
11,8|12,13;0;0;0;0;0.1
11,8|12,12;0;0.08000001;0;0;0
11,8|11,12;0.049144;0;0;0;0
10,8|9,8;0;-20;0;0;0
18,11|7,9;0.26;0;0;0;0
18,12|7,10;0;0;0;0;0.24
18,12|8,10;0.24;0;0;0;0
18,13|8,11;0;0;0;0.24;0
19,13|9,11;0;0.2;0;0;0
19,12|10,11;0;0;0.1888;0;0
17,13|11,13;0;0;0.096344;0;0
3,18|2,15;0;0;0;0;0.06720001
2,19|3,17;0;0.02773971;0;0;0
7,18|12,8;0.3;0;0;0;0
7,19|11,8;0;0;0.3;0;0
6,19|10,8;0;0;0;0;0.28
6,19|10,9;0.26;0;0;0;0
6,19|9,9;0;0;0;0.22;0.24
7,19|8,9;0;0;0;0.2124;0
6,19|8,12;0;0;0;0.14;0
7,19|7,12;0.12;0;0;0;0
7,19|7,13;0;0;0;0;0.2808
7,19|6,13;0.3132;0;0;0;0
7,19|5,13;0.14;0;0;0.1852;0
7,19|5,14;0.12;0;0;0;0
7,19|5,15;0.1;0;0.08000001;0;0
7,19|6,15;0.08000001;0;0;0;0
7,19|6,16;0.1116;0;0;0;0
7,19|6,17;0;0.02;0;0.0636;0
7,18|6,18;0;0.02;0;0;0
7,17|7,18;-20;0;0;0;0
18,2|10,6;0.252272;0;0;0;0
18,2|9,5;0;0;0.2832;0;0
16,2|8,4;0.16;0;0;0;0
16,3|8,3;0;0;0.12;0;0
15,3|9,3;0;0;0;0.12;0
16,3|10,3;0;0;0;0.12;0
17,3|11,3;0;0.12;0;0;0
17,2|11,2;0;0.12;0;0;0
17,1|12,2;0;0;0;0.12;0
18,1|13,2;0;0.12;0;0;0
18,0|13,1;0;0;0;0;0.1
18,0|13,0;0;0;0;0;0.08000001
18,0|14,0;0.08000001;0;0;0;0
18,1|15,0;0;0;0;0;0.06720001
17,1|17,0;0;-20;0;0;0
17,0|17,0;0;0;0;0;0
2,9|15,11;0;0.34;0;0;0
2,8|15,12;0;0.38;0;0;0
2,7|15,13;0;0;0;0.4012;0
4,7|13,13;0;0;0.3;0;0
3,7|12,13;0.26;0;0;0;0
3,8|11,13;0;0;0;0.2524;0
15,7|7,17;0.32;0;0;0;0
15,8|7,16;0;0;0;0;0.3
15,8|7,15;0;0;0;0;0.28
15,8|8,15;0.24;0;0;0;0
15,9|9,15;0;0;0;0;0.22
15,9|10,15;0;0.22;0;0;0
15,8|11,15;0.18;0;0;0;0
15,9|12,15;0;0;0.16;0;0
15,9|13,15;0;0.16;0;0;0
15,8|14,15;0;0;0;0;0.14
15,8|15,15;0;0.18;0;0;0
15,7|16,15;0;0;0;0;0.2
15,7|17,15;0;0;0;0.16;0
16,7|17,14;0.12;0;0;0;0
16,8|17,13;0;0.12;0;0;0
16,7|16,13;0;0.12;0;0;0
16,6|16,12;0;0.12;0;0;0
16,5|16,11;0.08000001;0;0;0;0
16,6|16,10;0.0472;0;0;0;0
15,6|15,7;0;0.02;0;0;0
12,8|2,7;0.22;0;0;0;0
12,9|3,7;0;0;0.18;0;0
11,9|4,7;0.16;0;0;0;0
11,9|5,7;0;0;0;0.2;0
12,9|5,6;0;0;0;0;0.2088
13,9|7,6;0;0;0;0.1957823;0
13,7|12,6;0.0436;0;0;0;0.02
10,5|4,17;0.32;0;0;0;0
10,6|4,16;0;0;0;0;0.3
10,6|5,16;0;0.3;0;0;0
10,5|5,15;0.26;0;0;0;0
10,6|5,14;0;0;0.22;0;0
9,6|5,13;0.236;0;0;0;0.396
9,6|6,13;0;0.2;0;0.2;0.2052
9,5|7,13;0;0;0;0;0.18
9,5|7,12;0.14;0;0;0;0
9,6|7,11;0;0;0;0;0.1416
10,6|9,9;0.1152;0;0;0;0
10,6|10,9;0.0828;0;0;0;0
10,6|10,8;0;0;0;0.061384;0.06
10,6|11,8;0;0;0.198;0;0.08000001
9,6|12,8;0;0;0.1;0.0708;0
8,6|12,7;0.0944;0;0;0;0
9,6|11,6;0.02;0.0436;0;0;0
9,5|9,6;0;-20;0;0;0
9,15|3,10;0.22;0;0;0;0
9,16|3,11;0;0;0;0;0.24
9,16|2,11;0.28;0;0;0;0
9,17|1,11;0;0;0;0.32;0
10,17|0,11;0.32;0;0;0;0
10,18|0,12;0.32;0;0;0;0
10,19|0,13;0;0.28;0.28;0;0
10,18|0,14;0;0;0;0;0.26
10,18|0,15;0;0;0.22;0;0
9,18|0,16;0.22;0;0;0;0
9,19|0,17;0.2;0;0;0;0
9,19|0,18;0;0.16;0;0;0
9,18|1,18;0;0.16;0;0;0
9,17|1,17;0.16;0;0;0;0
9,18|2,17;0;0;0.12;0;0
8,18|2,18;0;0;0;0.1416;0
7,19|6,18;0;0;0;0;0.02
7,19|6,19;0;0;-20;0;0
7,10|12,17;0;0;0;0.2;0
8,10|12,16;0;0;0;0;0.18
8,10|11,16;0;0.18;0;0;0
8,9|11,15;0;0;0.18;0;0
7,9|10,15;0;0;0.16;0;0
7,9|9,15;0;0;0;0.12;0
8,9|8,15;0;0;0.12;0;0
7,9|7,15;0;0;0.14;0;0
7,9|6,15;0.27;0;0;0;0
7,10|5,15;0.1;0;0.12;0;0
7,11|5,14;0;0.1;0;0;0
7,10|5,13;0.06;0.1108;0;0;0
7,11|6,13;0;0;0.04;0;0
7,11|7,13;0;0;0.02;0;0
7,11|7,12;-36;0;0;0;0
14,15|16,1;0;0.3;0;0;0
14,15|16,2;0;0;0;0;0.28
14,15|16,3;0;0;0.3304;0;0
14,15|16,5;0.24;0;0;0;0
14,16|16,6;0;0;0;0;0.22
14,16|16,7;0.22;0;0;0;0
14,17|16,8;0.22;0;0;0;0
14,18|16,9;0.22;0;0;0;0
14,19|16,10;0.2;0;0;0;0
14,19|16,11;0;0;0;0.1888;0
14,19|17,14;0.18212;0;0;0.154992;0
14,19|16,15;0;0;0;0.0908;0
14,19|14,16;0.04;0;0;0;0
13,19|14,19;0;0;0.02;0;0
12,19|13,19;-20;0;0;0;0
3,2|1,13;0.2996;0;0;0;0
2,5|1,11;0;0;0;0;0.12
2,5|1,10;0;0.12;0;0.1344;0
2,4|2,10;0;0;0;0.12;0
3,4|2,9;0;0.12;0;0;0.1
3,4|2,8;0;0;0;0;0.08000001
3,4|2,7;0;0;0;0.08000001;0.06
3,4|2,6;0.02;0;0;0;0
3,5|2,5;0.02;0;0;0;0
3,6|3,5;0.02436464;0;0;0;0
8,1|3,15;0.34;0;0;0;0
8,2|3,14;0.3;0;0;0;0
8,3|3,13;0.3;0;0;0;0
8,4|2,13;0.371568;0;0;0.32;0
8,4|1,13;0;0.36;0;0.394;0
8,3|0,13;0;0.36;0;0;0
8,2|0,12;0.32;0;0;0;0.34
8,2|0,11;0.3;0;0;0;0
8,3|1,11;0;0.3;0;0;0
8,2|2,11;0;0;0;0;0.28
8,2|2,10;0;0.28;0;0;0
8,1|2,9;0;0;0.24;0;0
7,1|3,9;0;0;0;0;0.22
7,1|3,8;0;0.22;0;0;0
7,0|4,8;0;0;0;0;0.2
7,0|5,8;0;0;0;0;0.18
7,0|5,7;0;0;0;0.2124;0
8,1|5,4;0.08000001;0;0;0;0
8,2|5,3;0;0;0.04;0;0
7,2|6,3;0;0;0;0.04;0
8,2|7,3;-20;0;0;0;0
7,4|13,9;0;0;0;0.18;0
8,4|12,9;0;0;0.2052;0;0
8,4|11,5;0;0;0.08000001;0;0
7,4|10,5;0;0.08000001;0;0;0
7,3|9,5;0.04;0;0;0;0
7,4|8,5;0;0.04;0;0;0
7,3|8,4;0;0;0;0;0.0236
3,18|11,15;0;0.18;0;0;0
3,17|11,16;0.18;0;0;0;0
3,18|10,16;0;0;0.18;0;0
2,18|10,17;0;0;0;0.14;0
3,18|9,17;0;0;0;0;0.12
3,18|8,17;0;0;0;0.08000001;0
4,18|7,17;0.08000001;0;0;0;0
4,19|6,17;0;0;0.08000001;0;0
3,19|5,17;0.064248;0;0;0;0.067848
3,18|4,19;0;0;0.0472;0;0
19,8|18,6;0;0;0;0;0.04
19,8|19,6;0.0472;-20;0;0;0
19,7|19,7;0;0;0;0;0
15,16|11,11;0;0;0.14;0;0
14,16|12,11;0;0;0;0;0.12
14,16|12,12;0;0;0.08000001;0;0
13,16|13,12;0;0.04;0;0;0
13,15|13,13;0;0;0;0;0.06
13,15|14,13;0.1;0;0;0;0
13,16|15,13;0;0.1;0;0;0
13,15|16,13;0;0;0;0;0.12
13,15|17,13;0.1344;0;0;0;0
15,16|17,16;0.04;0;0;0;0
15,17|17,17;0.04;0;0;0;0
15,18|16,17;0.04;0;0;0;0
15,19|15,17;0;-20;0;0;0
5,15|5,14;0.02;0;0;0;0
5,16|5,15;0;0;0.02;0;0
4,16|4,15;0.04248;0;0.0236;0;-20
4,18|4,17;0;-20;0;0;-20
18,13|0,12;0;0;0.34;0;0
17,13|0,13;0.34;0;0;0;0.32
17,14|1,13;0.34;0;0;0;0
17,15|1,14;0;0;0.3;0;0
16,15|2,14;0.3;0;0;0;0
16,16|2,15;0.3;0;0;0;0
16,17|3,15;0;0;0;0.3;0
17,17|4,15;0.354;0;0;0;0
17,19|6,15;0.28;0;0;0;0
17,19|6,16;0.3032;0;0;0;0
17,19|6,18;0;0.2;0;0;0
17,18|7,18;0;0;0;0.2;0
18,18|8,18;0.2;0.2288;0;0;0
18,19|9,18;0.2124;0;0;0;0
19,19|12,19;0;0;0;0;0.12
19,19|13,19;0;0;0;0;0.1141955
19,19|15,19;0.06;0;0.05296;0;0
19,19|16,19;0;0.0708;0;0;0
11,3|3,3;0;0;0.12;0;0
10,3|4,3;0;0;0;0;0.1
10,3|5,3;0.08000001;0;0;0;0
10,3|6,3;0;0;0.04;0;0
9,3|7,3;0.0236;0;0;0;0.0236
19,13|2,2;0.56;0;0;0;0
19,14|3,2;0.56;0;0;0;0
19,15|4,2;0;0;0;0.54;0
19,15|5,2;0.54;0;0;0;0
19,16|6,2;0;0.5;0;0;0
19,15|7,2;0;0.46;0;0;0
19,14|8,2;0;0;0;0;0.44
19,14|9,2;0;0;0.4;0;0
18,14|10,2;0.4;0;0;0;0
18,15|11,2;0.4;0;0;0;0
18,16|12,2;0.472;0;0;0;0
19,17|13,1;0;0.472;0;0.42;0
19,17|16,3;0;0;0.3;0;0
18,17|17,3;0;0;0;0;0.28
18,17|17,4;0;0.24;0;0;0
18,16|17,5;0.32424;0;0;0;0
18,16|17,7;0;0;0;0;0.18
18,16|17,8;0;0;0;0;0.16
18,16|18,8;0;0;0;0.1852;0
18,16|18,10;0;0;0;0.12;0
19,16|19,10;0;0.08000001;0;0;0
19,15|19,11;0.08000001;0;0;0.06;0
19,16|19,12;0;0;0.08000001;0;0
18,16|19,13;0;0.08072928;0;0;0
18,15|19,14;0.048496;-20;0;0;0
18,17|19,16;0.04;0;0;0;0
18,18|19,17;0.04;0;0;0;0
18,19|19,18;0;0;0;-20;0
18,11|6,6;0.34;0;0;0;0
18,12|7,6;0;0;0.3;0;0
17,12|8,6;0;0;0.26;0;0
16,12|9,6;0.26;0;0;0;0
16,13|10,6;0;0;0.22;0;0
15,13|11,6;0;0;0;0;0.2
15,13|12,6;0.18;0;0;0;0
15,13|12,7;0.16;0;0;0;0
15,13|12,8;0;0;0.1452;0;0
13,13|10,9;0;0;0.1652;0;0
12,13|8,9;0;0.14484;0;0;0
12,11|8,11;0.08000001;0;0;0;0
12,12|9,11;0;0.04;0;0;0
12,11|10,11;0;0.02;0;0;0
10,8|8,9;0;0;0;0.068496;0
8,5|2,19;0;0;0;0;0.38
8,5|2,18;0.4012;0;0;0;0
8,6|2,16;0.3;0;0;0;0
8,6|2,15;0;0;0.26;0;0
7,6|2,14;0.24;0;0;0;0
7,6|2,13;0;0.28;0;0;0
7,5|1,13;0;0;0.28;0;0
6,5|0,13;0;0;0.24;0;0
5,5|0,12;0.2;0;0;0;0
5,6|0,11;0;0.2;0;0;0
5,5|0,10;0;0;0;0.2;0
6,5|1,10;0.16;0;0;0;0
6,6|2,10;0;0;0.1344;0;0
4,6|4,9;0.02;0;0;0;0
18,17|4,6;0;0.46;0;0;0
18,16|5,6;0;0;0;0;0.44
18,16|6,6;0;0.4;0;0;0
18,15|7,6;0.4;0;0;0;0
18,16|8,6;0;0.36;0;0;0
18,15|9,6;0;0.32;0;0;0
18,14|10,6;0;0;0;0.32;0
19,14|11,6;0;0;0;0;0.3
19,14|12,6;0;0;0;0;0.28
19,14|12,7;0;0;0;0;0.26
19,14|12,8;0;0;0;0.24;0
19,14|12,9;0;0;0;0;0.26
19,14|11,9;0;0;0;0;0.28
19,14|10,9;0;0;0;0.3;0
19,14|9,9;0.34;0;0;0;0
19,15|8,9;0;0;0;0.32;0
19,15|8,10;0;0;0.28;0;0
18,15|8,11;0;0;0;0.28;0
19,15|9,11;0.28;0;0;0;0
19,16|10,11;0;0;0;0;0.26
19,16|10,12;0;0;0.22;0;0
18,16|11,12;0;0;0;0;0.2
18,16|12,12;0.2;0;0;0;0
18,17|12,13;0;0;0;0.2;0
19,17|13,13;0;0;0.16;0;0.18
18,17|14,13;0.16;0;0.12;0;0
17,17|15,13;0;0.0944;0;0;0
16,15|17,14;0;0.02648;0;0;0
4,17|2,8;0.2579858;0;0;0;0
3,18|2,10;0;0;0.14;0;0
2,18|2,11;0.18;0;0;0;0
2,19|1,11;0.2;0;0;0;0
2,19|0,11;0;0;0.209896;0;0
2,19|1,15;0;0;0;0;0.100088
11,2|8,18;0;0.38;0;0;0
11,1|9,18;0;0;0;0;0.36
11,1|10,18;0;0;0.32;0;0
10,1|10,17;0;0;0;0.32;0
11,1|11,17;0.28;0;0;0;0
11,2|11,16;0;0;0.3376;0;0
9,2|12,15;0;0;0;0.32;0
10,2|13,15;0.32;0;0;0;0
10,3|14,15;0.34;0;0;0;0
10,3|15,15;0;0.38;0;0;0
10,2|16,15;0.507008;0;0;0;0
11,3|17,12;0;0;0;0.26;0
12,3|16,12;0.24;0;0;0;0
12,3|16,11;0;0.24;0;0;0
12,2|16,10;0;0;0;0;0.22
12,2|16,9;0;0;0;0.18;0
13,2|15,9;0;0.18;0;0;0
13,1|15,8;0;0;0.18;0;0
12,1|15,7;0;0;0.18;0;0
11,1|15,6;0.14;0;0;0;0
11,2|15,5;0;0;0.1652;0;0
11,3|15,2;0;0.205632;0.174992;0;0
11,1|13,1;0;0;0.04;-20;0
10,1|12,1;0;0;0;-20;0
16,15|18,13;0;0.0708;0;0;0
17,15|18,15;0.02;0;0;0;0
19,10|1,11;0.38;0;0;0;0
19,11|0,11;0.38;0;0;0;0
19,12|0,12;0;0.42;0;0;0
19,11|0,13;0;0;0.38;0;0
18,11|1,13;0;0;0;0.38;0
19,11|2,13;0;0.38;0;0;0
19,10|3,13;0;0;0;0;0.4176
18,10|6,13;0;0;0.26;0;0
17,10|7,13;0;0;0.22;0;0
16,10|8,13;0;0.297112;0;0;0
15,9|10,13;0;0.2052;0.193336;0;0.16
15,7|12,13;0;0;0;0.18;0
16,7|13,13;0;0;0;0;0.3096
16,7|14,13;0.12;0;0.1344;0;0
16,8|15,13;0.08000001;0;0;0;0
16,9|15,12;0.04;0;0;0;0
16,10|16,12;0;0;0;0;0.02
16,10|16,11;-48.8;0;0.02;0;0
18,0|12,8;0;0;0;0.28;0
19,0|12,7;0;0;0.24;0;0
18,0|12,6;0.2;0;0;0;0
18,1|12,5;0;0.24;0;0;0
18,0|11,5;0;0;0;0;0.26
18,0|10,5;0;0;0.26;0;0
17,0|9,5;0.26;0;0;0;0
17,1|8,5;0;0;0;0.26;0
18,1|8,4;0;0.26;0;0;0
18,0|8,3;0;0.24;0;0;0
18,0|9,3;0;0;0.2;0;0
17,0|10,3;0;0;0;0;0.18
17,0|10,2;0.14;0;0;0;0
17,1|10,1;0;0.14;0;0;0
17,0|11,1;0.1;0;0;0;0
17,1|12,1;0.118;0;0;0;0
17,2|14,1;0;0;0.0472;0;0.0636
17,3|17,1;0.04;0;0;0;0
17,4|17,2;0.04;0;0;0;0
17,5|17,3;0;0;0.04;0;0
16,5|17,4;0;0;0;0;0.02
16,5|16,4;0;-20;0;0.02;0
13,17|15,10;0;0;0;0;0.16
13,17|15,11;0.16;0;0;0;0
13,18|15,12;0;0;0;0;0.1652
15,18|17,13;0;0.1;0;0;0
15,17|17,14;0;0.06;0;0;0
15,16|17,15;0;0;0;0;0.04
15,16|16,15;0;0;0.04;0;0
14,16|15,15;0;0;0.0792;0;0
13,16|14,15;0.04;0;0;-20;0
13,17|14,16;0.0472;0;0;0;0
19,10|11,16;0.24;0;0;0;0
19,11|11,15;0;0;0;0;0.22
19,11|12,15;0;0;0;0;0.2
19,11|13,15;0;0;0.16;0;0
18,11|14,15;0;0;0;0.16;0
19,11|15,15;0.12;0;0;0;0
19,12|16,15;0.08000001;0;0;0;0
19,13|17,15;0.04;0;0;0;0
19,14|17,14;0;0;0;0.0396;0
19,15|18,15;0.02;0;0;0;0
19,16|18,16;0.024248;0;0;0;0
18,15|8,19;0;0;0;0;0.26
18,15|9,19;0;0;0;0.26;0
19,15|10,19;0.22;0;0;0;0
19,16|10,18;0;0;0;0;0.2
19,16|10,17;0.16;0;0;0;0
19,17|11,17;0;0;0;0.14;0
19,17|12,17;0;0;0;0;0.12
19,17|13,17;0;0;0;0;0.1
19,17|14,17;0.1;0;0;0;0
19,18|15,17;0.1131328;0;0;0;0
19,19|17,19;0;0;0;0.02;0
9,9|16,2;0;0;0.28;0;0
8,9|16,3;0.28;0;0;0;0
8,10|16,4;0.28;0;0;0;0
8,11|16,5;0;0.24;0;0;0
8,10|16,6;0;0.2;0;0;0
8,9|15,6;0;0.16;0;0;0
8,8|15,7;0;0;0;0;0.14
8,8|15,8;0.14;0;0;0;0
8,9|15,9;0.14;0;0;0;0
8,10|15,10;0;0.18;0;0;0
8,9|15,11;0;0;0;0;0.2
8,9|15,12;0;0.24;0;0;0
8,8|15,13;0.2;0;0;0;0
8,9|14,13;0;0.2;0;0;0
8,8|13,13;0;0;0;0;0.18
8,8|13,12;0.14;0;0;0;0
8,9|13,11;0;0;0;0;0.12
8,9|12,11;0;0;0.138;0;0
7,9|9,11;0;0.09944;0;0;0
8,8|8,10;0;0;0;0.04;0
9,8|8,9;0;0;0;0.04;0
10,8|8,8;0;0;0;0.04785635;0
9,18|12,7;0.3268;0;0;0;0
9,19|11,8;0;0.22;0;0;0
9,18|10,8;0;0;0;0.18;0
10,18|10,9;0;0;0;0;0.236
10,19|8,9;0.256;0;0;0;0
11,18|8,12;0.18;0;0;0;0
11,19|8,13;0;0;0;0.2632;0
11,19|6,13;0;0.22;0;0;0
11,18|5,13;0.2836725;0;0;0;0
12,19|5,15;0;0;0;0.22;0
13,19|6,15;0;0;0;0;0.2
13,19|7,15;0;0.16;0;0;0
13,18|8,15;0;0;0;0.16;0
14,18|8,16;0;0;0;0.1888;0
15,18|9,17;0;0.1;0;0;0
15,17|10,17;0.1;0;0;0;0
15,18|11,17;0.1144;0;0.06;0;0
14,18|12,17;0;0;0;0.06;0
15,18|13,17;0;0;0.024248;0;0
15,7|12,8;0.08000001;0;0;0;0
15,8|11,8;0.08000001;0;0;0;0
15,9|11,9;0;0.12;0;0;0
15,8|10,9;0;0;0;0.16;0
16,8|9,9;0.16;0;0;0;0
16,9|8,9;0;0.2;0;0;0
16,8|8,10;0;0;0.2324;0;0
16,8|9,11;0.16;0.2;0;0;0
16,9|10,11;0.12;0;0;0;0
16,10|11,11;0;0;0.08000001;0;0
15,10|12,11;0;0;0;0;0.06
15,10|13,11;0;0;0.08000001;0;0
15,10|13,12;0;0;0.1144;0;0
16,10|14,13;0;0.1;0;0;0
16,9|15,13;0.06;0;0;0;0
16,10|15,12;0.02;0;0;0;0
16,11|16,12;0;0.05528;0;0;0
15,10|16,10;0;0;-20;0;0
6,0|7,13;0;0;0;0.24;0
7,0|7,12;0.2;0;0;0;0
7,1|7,11;0;0;0;0;0.18
7,1|7,10;0.14;0;0;0;0
7,2|7,9;0;0;0.14;0;0
6,2|7,8;0;0;0;0;0.16
6,2|8,8;0;0.2;0;0;0
6,1|9,8;0;0.24;0;0;0
6,0|10,8;0;0;0.28;0;0
5,0|11,8;0;0;0;0.28;0
6,0|12,8;0;0;0;0;0.26
6,0|12,7;0.22;0;0;0;0
6,1|12,6;0;0;0;0;0.2
6,1|11,6;0;0;0;0.16;0
7,1|11,5;0;0.1852;0;0;0
7,1|8,5;0.06;0;0;0;0
7,2|8,4;0.0236;0;0;0;0
6,3|6,4;-20;0;0;0;0
0,12|11,19;0;0;0.34;0;0
0,12|10,19;0;0;0;0;0.32
0,12|10,18;0;0;0;0;0.3
0,12|9,18;0.26;0;0;0;0
0,13|9,17;0;0;0;0.22;0
1,13|8,17;0;0;0;0.18;0
2,13|8,16;0;0;0;0.14;0
3,13|7,16;0;0;0.14;0;0
2,13|6,16;0;0;0.14;0;0
1,13|6,15;0;0;0;0;0.12
1,13|5,15;0.08000001;0;0;0;0
1,14|4,15;0;0;0;0.04;0
2,14|4,14;0.04;0;0;-20;0
2,15|3,14;0;0;0;-20;0
2,4|12,7;0;0;0;0.22;0
3,4|12,6;0.18;0;0;0;0
3,5|11,6;0;0;0.18;0;0
2,5|10,6;0;0;0;0;0.16
2,5|9,6;0.12;0;0;0;0
2,6|8,6;0.12;0;0;0;0
2,7|7,6;0.12;0;0;0;0
2,8|6,6;0;0;0.12;0;0
1,8|5,6;0;0;0;0.09425601;0
1,8|5,8;0;0.08000001;0;0;0
1,7|5,7;0;0;0.08000001;0;0
0,7|4,7;0;0;0;0;0.06
0,7|3,7;0;0.06;0;0;0
0,6|2,7;0;0;0;0.024248;0
8,4|18,10;0;0.32;0;0;0
8,3|18,9;0.3268;0;0;0;0
8,4|17,7;0;0.24;0;0;0
8,3|17,6;0;0;0;0;0.22
8,3|16,6;0;0.2524;0;0;0
9,3|15,2;0;0.14;0;0.158;0
11,3|12,1;0.04;0;0;0;0
11,3|12,2;0.02;0;0;0;0
11,3|11,2;0;-20;0.02;0;0
18,0|0,7;0;0.48;0;0;0
18,0|1,7;0.44;0;0;0;0
18,1|2,7;0;0;0;0.44;0
19,1|3,7;0;0;0;0;0.42
19,1|3,6;0;0.42;0;0;0
19,0|4,6;0;0;0.38;0;0
18,0|4,5;0.34;0;0;0;0
18,1|5,5;0.3;0;0;0;0
18,2|5,4;0.26;0;0;0;0
18,3|6,4;0;0;0.22;0;0
17,3|6,3;0;0;0.18;0;0
16,3|7,3;0;0.18;0;0;0
16,2|8,3;0;0;0;0;0.16
16,2|9,3;0;0;0.12;0;0
15,2|10,3;0;0;0;0.12;0
16,2|11,3;0;0;0.08000001;0;0
15,2|12,3;0;0;0;0;0.06
15,2|13,3;0.06;0;0;0;0
15,3|13,2;0;0;0;0;0.0944
15,3|14,1;0.06;0;0;0;0
15,4|15,1;0;0.02;0;0;0
15,3|15,2;0.02;0;0;0;0
15,4|15,3;0;0;-20;0;0
10,5|4,2;0.18;0;0;0;0
10,6|4,3;0;0;0;0.18;0
11,6|5,3;0;0;0.14;0;0
10,6|6,3;0;0;0;0.14;0
11,6|6,4;0.12;0;0;0;0
11,6|6,5;0;0;0.08000001;0;0
10,6|7,5;0.06;0;0;0;0
10,6|7,6;0;0;0;0.06;0
11,6|8,6;0.04;0;0;0;0
11,6|9,6;0.02;0;0;0;0
11,6|10,6;0;0;-20;0;0
19,15|1,9;0.48;0;0;0;0
19,16|1,10;0;0;0.44;0;0
18,16|1,11;0;0;0;0.5592;0
18,16|0,12;0.44;0;0;0;0
18,17|0,13;0.5696;0;0;0;0
18,18|2,15;0;0;0;0;0.36
18,18|3,15;0;0;0;0;0.394
18,19|5,16;0;0.28;0;0;0
18,18|6,16;0;0.24;0;0;0
18,17|7,16;0.24;0;0;0;0
18,18|8,16;0;0;0.2324;0;0
17,16|10,17;0;0;0;0;0.14
17,16|11,17;0.1108;0;0;0;0
17,17|13,17;0;0.08000001;0;0;0
17,16|14,17;0;0.08000001;0;0;0
17,15|15,17;0;0;0;0;0.06
17,15|16,17;0.02;0;0;0;0
17,16|17,17;-20;0;0;0;0
17,17|17,17;0;0;0;0;0
2,15|16,3;0.52;0;0;0;0
2,16|16,4;0;0.48;0;0;0
2,15|16,5;0;0.44;0;0;0
2,14|15,5;0;0;0.44;0;0
1,14|15,6;0;0;0.44;0;0
0,14|15,7;0;0.4;0;0;0
0,13|15,8;0;0;0;0;0.38
0,13|15,9;0;0;0.36;0;0
0,13|15,10;0;0;0.34;0;0
0,13|15,11;0;0;0;0.3;0
1,13|15,12;0;0;0;0.26;0
2,13|15,13;0;0;0;0;0.24
2,13|14,13;0.24;0;0;0;0
2,14|13,13;0;0;0;0.2;0
3,14|12,13;0;0;0;0;0.18
3,14|11,13;0;0;0.2124;0;0
3,14|9,13;0;0;0;0;0.12
3,14|8,13;0;0;0;0;0.1200816
3,15|5,13;0;0;0;0;0.108
3,15|5,14;0.06;0;0;0;0
3,16|5,15;0.0708;0;0;0;0
3,18|4,17;0.04438564;0;0;-20;0
19,6|15,0;0;0.16;0;0;0
19,5|16,0;0;0;0.12;0;0
18,5|16,1;0;0.0944;0;0;0.1
18,5|17,2;0;0;0;0.0944;0
19,6|17,4;0;0;0;0.0898512;0
19,6|19,4;0;0;0;0.02;0
19,6|19,5;0;0;0;0;-20
19,18|2,7;0.56;0;0;0;0
19,19|2,8;0.54;0;0;0;0
19,19|2,9;0.52;0;0;0;0
19,19|2,10;0.5;0;0;0;0
19,19|2,11;1.231488;0;0;0;0
18,18|0,14;0;0.4;0;0;0
18,17|1,14;0.4;0;0;0;0
18,18|1,15;0.7884;0;0;0;0
18,19|2,15;0.38;0;0.36;0;0
18,19|2,16;0;0;0;0.38;0
19,19|3,16;0;0.34;0;0;0
19,18|4,16;0.34;0;0;0;0
19,19|5,16;0;0;0;0;0.32
19,19|5,17;0;0;0.3268;0;0
18,18|11,18;0;0;0.1;0.1652;0.12
18,18|12,18;0.1524;0;0;0;0
17,19|13,19;0;0;0;0.092096;0
19,18|3,6;0;0;0;0;0.54
19,18|3,7;0;0;0;0;0.52
19,18|3,8;0;0;0;0;0.5
19,18|3,9;0.5;0;0;0;0
19,19|3,10;0.48;0;0;0;0
19,19|3,11;0;0;0;0.614012;0
18,19|0,12;0;0;0;0.5864;0
19,18|0,15;0;0;0.472;0;0
17,19|2,16;0.3976;0;0;0;0
16,19|4,17;0.26;0;0;0;0
16,19|5,17;0;0.22;0;0;0
16,18|5,18;0;0.22;0;0;0
16,17|6,18;0.18;0;0;0;0
16,18|7,18;0;0;0;0.18;0
17,18|8,18;0;0;0;0;0.16
17,18|9,18;0.16;0;0;0;0.169088
17,19|10,18;0.14;0;0;0;0
17,19|10,19;0;0.1652;0;0;0
19,18|13,18;0;0;0;0.1230936;0
5,17|1,2;0.38;0;0;0;0
5,18|1,3;0;0;0;0;0.36
5,18|1,4;0;0.32;0;0;0
5,17|1,5;0;0.28;0;0;0
5,16|1,6;0.28;0;0;0;0
5,17|1,7;0;0.24;0;0;0
5,16|1,8;0.24;0;0;0;0
5,17|1,9;0;0;0.2;0;0
4,17|1,10;0.2;0;0;0;0
4,18|1,11;0.2832;0;0;0;0
6,17|2,15;0;0;0.0908;0.12;0
4,17|3,17;0.02;0;0;0;-20
10,9|5,9;0.12;0;0;0;0
10,9|5,8;0;0.12;0;0;0
10,8|5,7;0;0;0;0.16;0
11,8|5,6;0;0.14;0;0;0
11,8|6,6;0;0;0;0;0.12
11,8|7,6;0;0;0.08000001;0;0
10,8|8,6;0;0;0;0.08000001;0
11,8|9,6;0.08000001;0;0;0;0
11,9|10,6;0.06;0;0;0;0
11,9|11,6;0;0.06;0;0;0
11,8|12,6;0;0.04;0;0;0
11,8|12,7;0;0;0;0;0.02
10,8|11,8;0.036;0;0;0;0
18,8|4,7;0.3;0;0;0;0
18,9|5,7;0;0;0;0;0.32
18,9|5,6;0;0;0;0.32;0
19,9|6,6;0.32;0;0;0;0
19,10|7,6;0;0.28;0;0;0
19,9|8,6;0.32;0;0;0;0
19,10|8,5;0;0.32;0;0;0
19,9|8,4;0.36;0;0;0;0
19,10|8,3;0;0;0;0.34;0
19,10|9,3;0;0;0;0.32;0
19,10|10,3;0;0;0;0.3;0
19,10|11,3;0;0;0.3068;0;0
18,9|13,3;0.26;0.275224;0;0;0
19,8|13,1;0;0.22;0;0;0
19,7|14,1;0;0;0;0.2324;0
18,8|16,2;0;0;0;0.1816;0
19,8|17,4;0;0;0.08000001;0;0
18,8|18,4;0;0;0;0;0.06
18,8|18,5;0;0;0.06;0;0
17,8|18,6;0;0.02;0;0;0
17,7|18,7;0.02;0.02;0;0;0
17,8|18,8;0;0.0236;0;0;0
17,6|18,6;0;0;0;0;-20
15,1|15,18;0;0.34;0;0;0
15,0|15,17;0;0.32;0;0;0
15,0|15,16;0.28;0;0;0;0
15,1|15,15;0.334;0;0;0;0
18,4|17,11;0.12;0;0;0;0
18,5|18,11;0.0908;0.241488;0;0;0
17,6|18,9;0;0;0;0.04;0
18,6|18,8;0;0.04;0;0;0.02
18,5|18,7;-20;0;0;0;0
15,7|9,9;0;0.236;0;0;0
16,6|8,10;0.24;0;0;0;0
16,7|8,11;0.2288;0;0;0;0
16,7|10,11;0;0;0.16;0;0
15,7|11,11;0;0.16;0;0;0
15,6|12,11;0;0;0;0;0.14
15,6|13,11;0.14;0;0;0;0
15,7|13,12;0.14;0;0;0;0
15,8|13,13;0.1108;0;0;0;0
15,8|15,13;0.064248;0;0.08720001;0;0
16,9|16,11;0;0;0;0;0.02
16,9|16,10;-20;0;0;0;0
2,9|13,17;0.34;0;0;0;0
2,10|12,17;0.3;0;0;0;0
2,11|12,16;0;0;0.3;0;0
1,11|11,16;0;0;0.3;0;0
0,11|10,16;0;0;0;0.2996;0
1,11|8,15;0;0;0.22;0;0
0,11|7,15;0;0;0;0.18;0
1,11|6,15;0;0.18;0;0;0
1,10|5,15;0;0;0.18;0;0
0,10|4,15;0;0;0;0.14;0
1,10|3,15;0;0;0.14;0;0
0,10|3,14;0;0;0;0.1;0
1,10|2,14;0;0;0.1;0;0
0,10|1,14;0;0.1;0;0;0
0,9|1,13;0.0708;0;0;0;0
0,11|0,12;0;0.02;0;0;0
0,10|0,11;0;0.02;0;0;0
0,9|0,10;0;0.040248;0;0;0
12,1|15,1;0.0708;0;0;0;0
11,2|13,2;0;0.04;0;0;0
11,1|12,2;-20;0;0;0;0
9,5|1,19;0;0.42;0;0;0
9,5|1,18;0;0;0.38;0;0
8,5|1,17;0;0;0;0.38;0
9,5|1,16;0;0;0;0;0.36
9,5|1,15;0.32;0;0;0;0
9,6|1,14;0;0.32;0;0;0
9,5|1,13;0;0.4012;0;0;0
10,5|2,9;0;0.22;0;0;0
10,5|2,8;0;0;0;0.22;0
11,5|2,7;0.18;0;0;0;0
11,6|2,6;0.16;0;0;0;0
11,6|3,6;0;0;0;0.1888;0
12,5|5,5;0;0;0;0.14;0
13,5|6,5;0;0;0;0.12;0
13,5|7,5;0;0;0;0.1;0
13,5|8,5;0;0;0;0;0.08000001
13,5|9,5;0;0;0;0.06;0
13,5|10,5;0.1815025;0;0;0;0
13,6|10,6;0;0.1706991;0;0;0
13,5|11,6;0.0236;0;0;0;0
12,15|5,11;0;0;0;0;0.24
12,15|4,11;0.28;0;0;0;0
12,16|3,11;0.32;0;0;0;0
12,17|2,11;0;0;0;0;0.41092
11,16|0,13;0;0.24;0;0;0
11,15|1,13;0;0.22;0;0;0
11,15|2,13;0;0;0.18;0;0
10,15|3,13;0;0;0;0.18;0
11,15|3,14;0.18;0;0;0;0
11,16|4,14;0;0;0;0.18;0
12,16|5,14;0;0;0;0;0.189736
12,17|6,15;0.16;0;0;0;0
12,18|7,15;0;0;0;0;0.1652
13,18|8,16;0;0;0;0.158;0
15,19|11,18;0.1512;0;0;0;0.08000001
15,19|12,18;0;0.04;0.04;0;0
15,18|13,18;0;0;-20;0;0
5,13|8,0;0.32;0;0;0;0
5,14|8,1;0.32;0;0;0;0
5,15|8,2;0;0;0.32;0;0
4,15|7,2;0.32;0;0;0;0
4,16|6,2;0;0;0;0.28;0
5,16|6,3;0;0;0.28;0;0
4,16|6,4;0.28;0;0;0;0
4,17|6,5;0;0;0.28;0;0
3,17|5,5;0;0;0;0.24;0
4,17|5,6;0;0.2;0;0;0
4,16|4,6;0;0.16;0;0;0
4,15|4,7;0;0;0;0.16;0
5,15|4,8;0;0;0.12;0;0
4,15|4,9;0;0;0.12;0;0
3,15|4,10;0.12;0;0;0;0
3,16|3,10;0;0;0;0;0.1
3,16|3,11;0;0;0.1;0;0
2,16|2,11;0;0;0;0.14;0
3,16|1,11;0;0.158;0;0;0
3,14|1,13;0;0;0.02;0;0
15,6|15,15;0;0;0;0.18;0
16,6|16,15;0;0;0;0.2124;0
18,4|18,10;0.08000001;0.274752;0;0;0
18,3|19,4;0;0.0472;0;0;0
0,9|3,1;0;0;0;0;0.2
0,9|3,2;0;0;0.18;0;0
0,9|2,2;0;0;0;0;0.16
0,9|2,3;0.16;0;0;0;0
0,10|2,4;0;0;0;0;0.14
0,10|2,5;0;0;0;0;0.12
0,10|1,5;0;0.08000001;0;0;0
0,9|1,6;0.144;0;0;0;0
0,10|1,7;0;0;0;0;0.06
0,10|1,8;0.06;0;0;0;0
0,11|1,9;0.067848;0;0;0;0
13,9|3,6;0;0;0.22;0;0
12,9|4,6;0;0.2124;0;0;0
13,7|12,7;0;0;0;0;-20
13,7|13,7;0;0;0;0;0
7,10|17,8;0;0;0;0;0.22
7,10|16,8;0.22;0;0;0;0
7,11|16,9;0.22;0;0;0;0
7,12|16,10;0.22;0;0;0;0
7,13|16,11;0;0;0.22;0;0
6,13|16,12;0.2;0;0;0;0
6,13|15,12;0.18;0;0;0;0
6,13|15,13;0;0.16;0;0;0
6,13|14,13;0;0.14;0;0;0
6,13|13,13;0.12;0;0;0;0
6,13|12,13;0.1;0;0;0;0
6,13|11,13;0.08000001;0;0;0;0
6,13|10,13;0;0;0.08000001;0;0
5,13|9,13;0;0;0.08720001;0;0
5,14|6,13;0;-20;0;0;0
3,13|17,5;0;0.42;0;0;0
3,13|16,5;0;0;0;0;0.4
3,13|16,6;0;0.38;0;0;0
3,13|15,6;0;0;0;0.34;0
4,13|15,7;0.34;0;0;0;0
4,14|15,8;0.394;0;0;0;0
4,15|15,10;0.3776;0;0;0;0.3
4,15|15,11;0.3;0;0;0;0
4,16|15,12;0;0;0;0.26;0
5,16|15,13;0;0.2596;0;0;0
5,16|12,13;0;0;0.236;0;0
4,15|10,13;0;0.12;0;0;0
4,14|9,13;0;0;0;0;0.1
4,14|8,13;0;0;0;0.06;0
5,14|7,13;0;0.02;0;0;0
5,13|6,13;0;0;0.024248;0;0
19,4|7,18;0.48;0;0;0;0
19,5|8,18;0.44;0;0;0;0
19,6|9,18;0;0.44;0;0;0
19,5|9,17;0;0;0;0;0.42
19,5|9,16;0.38;0;0;0;0
19,6|10,16;0;0;0;0.36;0
19,6|11,16;0;0.36;0;0;0
19,5|12,16;0;0;0;0.34;0
19,5|12,15;0;0;0.3;0;0
18,5|13,15;0.26;0;0;0;0
18,6|14,15;0.22;0;0;0;0
18,7|15,15;0;0;0;0;0.236
18,7|17,15;0;0;0.14;0;0
17,7|17,14;0;0.14;0;0;0
17,6|17,13;0.1;0;0;0;0
17,7|17,12;0;0;0;0;0.09699201
15,7|17,9;0;0;0;0;0.06
15,7|17,8;0.02;0;0;0;0
12,8|12,5;0;0.02;0;0;0
12,7|12,6;0;-20;0;0;0
11,12|7,10;0;0;0.08000001;0;0
10,12|8,10;0;0.0472;0.04;0;0
9,12|8,11;0.04;0;0;0;0
9,13|8,12;0.02;0;0;0;0
19,0|15,13;0;0.32;0;0;0.32
19,0|16,13;0;0;0;0.3;0
19,0|16,12;0.26;0;0.26;0;0
19,1|17,12;0.22;0;0;0;0
19,2|17,11;0;0;0;0.2;0
19,2|17,10;0;0;0;0;0.18
19,2|17,9;0;0;0.14;0;0
18,2|18,9;0.1;0;0;0;0
18,3|18,8;0.06;0;0;0.1;0
18,4|18,7;0;0;0.06;0;0
17,4|18,6;0;0.06;0;0;0
17,3|18,5;0;0;0.06;0;0
16,3|18,4;0.02;0;0;0;0
16,4|17,4;0.05528;0;0;0;-20
18,1|8,11;0;0;0;0;0.38
18,1|9,11;0;0;0;0.38;0
19,1|10,11;0.34;0.38;0;0;0
19,2|11,11;0;0;0;0;0.32
19,2|12,11;0.28;0;0;0;0
19,3|13,11;0;0;0;0.3;0
19,3|13,12;0;0.34;0;0;0
19,2|13,13;0.3;0;0;0;0
19,3|14,13;0;0;0.26;0;0
18,3|15,13;0;0;0;0.26;0
19,3|15,12;0;0;0;0.24;0
19,3|15,11;0.2;0;0;0;0
19,4|16,11;0;0.2;0;0;0
19,3|16,10;0;0;0.16;0;0
18,3|17,10;0.145488;0;0;0;0
18,5|18,9;0.0472;0;0;0;0
18,6|18,7;0;0;0.02;0;0
17,6|17,7;0;0;0;0;-20
13,0|0,19;0;0;0.6;0;0
12,0|0,18;0.56;0;0;0;0
12,1|0,17;0;0;0;0;0.54
12,1|0,16;0;0;0.5;0;0
11,1|0,15;0;0;0.46;0;0
10,1|0,14;0;0;0;0;0.44
10,1|0,13;0;0.5156;0;0;0
10,0|1,11;0.36;0;0;0;0
10,1|1,10;0;0;0.32;0;0
9,1|1,9;0;0;0;0;0.3
9,1|2,9;0.26;0;0;0;0
9,2|2,8;0;0;0;0;0.24
9,2|2,7;0.2;0;0;0;0
9,3|2,6;0;0;0;0.2;0
10,3|2,5;0;0;0.16;0;0
9,3|3,5;0.14;0;0;0;0
9,3|4,5;0.12;0;0;0;0
9,3|5,5;0;0;0;0;0.1
9,3|6,5;0;0.1;0;0;0
9,2|6,4;0;0;0;0;0.08000001
9,2|7,4;0.044248;0;0;0;0
4,2|11,12;0;0;0;0.3;0
5,2|10,12;0;0;0;0;0.28
5,2|9,12;0;0;0;0.24;0
6,2|9,11;0;0;0.24;0;0
5,2|8,11;0;0;0;0.2;0
6,2|8,10;0;0;0.2;0;0
5,2|8,9;0;0;0.2;0;0
4,2|8,8;0;0;0;0;0.22
4,2|9,8;0.22;0;0;0;0
4,3|10,8;0;0.26;0;0;0
4,2|11,8;0;0;0.3;0;0
3,2|12,8;0.26;0;0;0;0
3,3|12,7;0;0;0;0;0.24
3,3|12,6;0;0;0;0.2;0
4,3|11,6;0;0;0.2324;0;0
4,3|9,6;0;0;0;0;0.14
4,3|9,5;0;0.14;0;0;0
4,2|8,5;0.1;0;0;0;0
4,3|7,5;0;0;0;0.06;0
5,3|6,5;0;0.06;0;0;0
5,2|6,4;0;0;0;0;0.0472
5,0|5,2;0;0.02;0;0.07488;0
1,6|15,2;0;0;0.4;0;0
0,6|15,1;0;0.36;0;0;0
0,5|14,1;0.36;0;0;0;0
0,6|13,1;0;0.32;0;0;0
0,5|12,1;0;0;0;0;0.3
0,5|11,1;0.3;0;0;0;0
0,6|10,1;0;0;0.28;0;0
0,6|9,1;0;0;0;0;0.26
0,6|9,2;0;0.22;0;0;0
0,5|8,2;0;0;0.2;0;0
0,5|7,2;0.2;0;0;0;0
0,6|7,3;0;0;0;0.16;0
1,6|6,3;0.16;0;0;0;0
1,7|5,3;0;0;0.16;0;0
0,7|5,4;0;0;0;0.12;0
1,7|5,5;0.12;0;0;0;0
1,8|4,5;0;0;0.12;0;0
0,8|4,6;0.12;0;0;0;0
0,9|3,6;0;0.08000001;0;0;0
0,8|3,7;0;0;0;0;0.06720001
0,15|3,16;0.047848;0;0;0;0
18,16|5,7;0.44;0;0;0;0
18,17|5,8;0;0.4;0;0;0
18,16|5,9;0;0;0;0.4;0
19,16|5,10;0;0;0.36;0;0
18,16|5,11;0;0;0;0;0.38
18,16|4,11;0;0;0;0.42;0
19,16|3,11;0.46;0;0;0;0
19,17|2,11;0;0;0;0.5736;0
19,16|0,12;0;0.42;0;0;0
19,15|0,13;0;0.501176;0;0;0
18,14|2,13;0;0;0;0;0.32
18,14|3,13;0.32;0;0;0;0
18,15|4,13;0;0;0.28;0;0
17,15|4,14;0.28;0;0;0;0
17,16|4,15;0.28;0;0;0;0
17,17|5,15;0;0;0;0;0.26
17,17|6,15;0.26;0;0;0;0
17,18|6,16;0;0;0.22;0;0
16,18|6,17;0.22;0;0;0;0
16,19|7,17;0.2;0;0;0;0
16,19|8,17;0;0;0.16;0;0
15,19|9,17;0.14;0;0;0;0
15,19|10,17;0.12;0.1108;0;0;0
15,19|10,18;0;0;0;0;0.1144
15,19|11,19;0.06720001;0;0;0;0
16,18|14,19;0.040248;0;0;0;0
15,18|19,8;0.28;0;0;0;0
15,19|19,9;0;0;0;0;0.26
15,19|19,10;0.24;0;0;0;0
15,19|19,11;0;0.2;0;0;0
15,18|19,12;0;0;0;0.16;0
16,18|18,12;0;0;0;0.12;0
17,18|18,13;0;0;0.12;0;0
16,18|18,14;0;0;0;0.09441584;0
3,1|6,6;0;0;0;0.12;0
4,1|6,5;0;0.12;0;0;0
4,0|6,4;0;0.1;0;0;0
4,0|6,3;0;0.08000001;0;0;0
4,0|5,3;0;0;0;0.047848;0
6,0|5,1;0;0;0;0;0.02
16,19|13,16;0.1;0;0;0;0
16,19|14,16;0;0;0;0;0.08000001
16,19|14,17;0.07296;0;0;0;0
17,19|15,18;0.0495328;0;0;0;0
7,5|9,9;0.08000001;0;0;0;0
7,6|9,8;0;0.12;0;0;0
7,5|10,8;0;0.16;0;0;0
7,4|11,8;0;0;0;0;0.2286
7,3|12,7;0.14;0;0;0;0
7,4|12,6;0.1;0.14;0;0;0
7,5|11,6;0;0;0;0.06;0
8,5|10,6;0;0;0;0;0.0436
16,16|9,18;0;0;0;0;0.1816
14,16|13,18;0.0236;0;0;0;0
13,15|13,16;0;0;0.02;0;0
12,15|12,16;0;0;0;0.02;0
13,15|12,15;0;0;-20;0;0
12,15|12,15;0;0;0;0;0
4,8|15,4;0;0;0.34;0;0
3,8|15,3;0;0.34;0;0;0
3,7|15,2;0;0.4012;0;0;0
4,6|14,1;0.3;0;0;0;0
4,7|13,1;0;0;0;0;0.28
4,7|12,1;0;0;0.28;0;0
3,7|11,1;0;0;0;0.24;0
4,7|11,2;0;0;0;0;0.22
4,7|10,2;0;0;0;0;0.2324
4,7|7,2;0;0;0;0;0.14
4,7|7,3;0.158;0;0;0;0
4,7|6,4;0.1;0;0;0;0
4,8|6,5;0;0;0.1;0;0.0944
4,7|5,6;0.04;0;0;-20;0
5,7|5,7;0;0;0;0;0
13,1|11,16;0;0;0;0.34;0
14,1|12,16;0;0;0.3;0;0
13,1|12,15;0;0;0;0.3;0
14,1|13,15;0.28;0;0;0;0
14,1|14,15;0;0;0.32;0;0
13,1|15,15;0;0.36;0;0;0
13,0|16,15;0.36;0;0;0;0
13,1|17,15;0;0;0.36;0;0
12,1|17,14;0;0;0;0;0.34
12,1|17,13;0;0;0.34;0;0
11,1|17,12;0.3;0;0;0;0
11,2|17,11;0.5148;0;0;0;0
11,3|17,10;0;0;0.26;0;0.4752
10,3|16,10;0;0.26;0;0;0
10,2|15,10;0;0.26;0.26;0;0
10,1|15,9;0;0;0.26;0;0
9,1|15,8;0;0;0.26;0;0
8,1|15,7;0;0;0.26;0;0
7,1|15,6;0;0;0;0.22;0
8,1|15,5;0.18;0;0;0;0
8,2|15,4;0.14;0;0;0;0
8,3|15,3;0;0.14;0.18;0;0
8,2|15,2;0;0.14;0;0;0
8,1|15,1;0.14;0;0;0;0
8,2|14,1;0;0;0.14;0;0
7,2|13,1;0;0;0;0.1;0
8,2|12,1;0;0;0;0.06;0
9,2|11,1;0.06;0;0;0;0
9,3|10,1;0;0.02;0;0;0
9,2|10,2;0;0.02;0;-20;0
9,1|10,1;0;0.02;0;0;0
9,0|10,0;0.02;0;0;0;0
9,1|9,0;0;0;0;0.02;0
10,1|10,0;0;-20;0;0;0
6,18|13,9;0;0;0;0;0.3
6,18|12,9;0.3;0;0;0;0
6,19|11,9;0;0;0;0.26;0
7,19|10,9;0;0;0.2996;0;0
6,19|8,9;0.22;0;0;0;0
6,19|8,10;0.2;0;0;0;0
6,19|8,11;0;0.16;0;0;0
6,18|8,12;0.16;0;0;0;0
6,19|8,13;0.16844;0;0;0;0
6,17|5,15;0.06;0;0;0;0
6,18|5,16;0.06720001;0;0;0;0
6,18|6,18;0;0;0;0;0
10,5|7,12;0;0;0;0.2;0
11,5|7,11;0;0;0;0;0.18
11,5|8,11;0;0.16;0;0;0
11,5|8,10;0.12;0;0;0;0
11,6|8,9;0;0.12;0;0;0
11,5|9,9;0;0;0;0;0.1
11,5|10,9;0;0.08000001;0;0;0
11,5|10,8;0.0508;0;0;0;0
11,6|12,7;0;0.04;0.04;0;0
10,5|11,6;-20;0;0;0;0
16,10|0,10;0.3848;0;0;0;0
15,11|0,12;0;0.36;0;0;0
15,10|0,13;0;0;0;0;0.34
15,10|1,13;0.3504;0.34;0;0;0
15,10|5,13;0.22;0;0;0;0
15,11|6,13;0;0.22;0;0;0
15,10|7,13;0.2088;0;0;0;0
17,12|12,13;0;0;0;0;0.1
17,12|13,13;0;0;0;0;0.08720001
9,8|19,3;0.3;0;0;0;0
9,9|19,4;0.28;0;0;0;0
9,9|19,5;0;0;0;0.24;0
10,9|19,6;0.22;0;0;0;0
10,9|18,6;0;0;0;0.18;0
11,9|17,6;0;0;0;0;0.16
11,9|17,7;0;0;0;0;0.1652
12,9|15,8;0;0.1016;0;0;0
13,8|15,10;0.08000001;0;0;0;0
13,9|15,11;0.1;0;0;0;0
13,9|15,12;0;0;0;0;0.138
13,9|13,13;0;0.09699201;0;0;0
13,7|12,11;0;0;0;0.1416;0
12,8|9,9;0;0;0;0.09196641;0
13,7|11,9;0;0;0;0.06;0
13,7|12,9;0;0;0;0.04;0
13,7|13,9;0;0;0.04;0;0
12,7|13,8;0;0;0.0236;0;0
7,5|3,15;0.24;0;0;0;0
7,6|3,14;0;0;0;0.24;0
8,6|3,13;0;0;0;0.24;0
9,6|4,13;0.256;0.276;0;0;0
9,5|6,13;0.18;0;0;0;0
9,6|7,13;0;0;0.2736;0;0
8,6|7,12;0;0.1652;0;0;0.12
8,6|8,12;0;0;0;0.1416;0
11,5|12,8;0.0472;0;0.08720001;0;0
10,6|12,6;0.02;0;0;0;0
15,0|7,0;0;0;0.12;0;0
14,0|8,0;0;0.1;0;0;0
14,0|9,0;0;0;0;0;0.08000001
14,0|10,0;0;0;0;0.08000001;0
15,0|11,0;0;0.06;0;0;0
15,0|12,0;0;0;0;0;0.04
15,0|13,0;0;0;-20;0;0
10,2|2,19;0;0;0.46;0;0
9,2|2,18;0;0;0.42;0;0
8,2|2,17;0;0;0;0;0.4
8,2|2,16;0.36;0;0;0;0
8,3|2,15;0.3704;0;0;0;0
8,4|0,13;0.3;0;0.3;0;0
8,5|0,12;0;0;0;0;0.28
8,5|0,11;0.24;0;0;0;0
8,6|1,11;0;0;0;0.24;0
9,6|2,11;0.22;0;0;0;0
9,6|2,10;0.2;0;0;0;0
9,6|3,10;0;0.2;0;0;0
9,5|3,9;0.16;0;0;0;0
9,6|3,8;0.14;0;0;0;0
9,6|3,7;0;0;0;0.14;0
10,6|4,7;0;0.14;0;0;0
10,5|4,6;0;0.12;0;0;0
10,5|5,6;0;0;0.08000001;0;0
9,5|6,6;0.04;0;0;0;0
9,6|7,6;0.02;0;0;0;0
16,11|9,13;0.158;0;0;0;0
11,15|18,6;0;0;0.32;0;0
10,15|18,7;0.32;0;0;0;0
10,16|18,8;0;0;0.32;0;0
9,16|18,9;0;0;0;0;0.3
9,16|18,10;0;0;0.3;0;0
8,16|18,11;0;0;0;0;0.28
8,16|18,12;0;0.24;0;0;0
8,15|18,13;0;0;0.24;0;0
7,15|18,14;0.24;0;0;0;0
7,16|18,15;0.24;0;0;0;0
7,17|18,16;0;0;0;0;0.22
7,17|17,16;0.22;0;0;0;0
7,18|16,16;0;0;0;0;0.2
7,18|15,16;0;0;0;0;0.18
7,18|14,16;0;0;0;0.1652;0
8,18|12,16;0;0;0.138;0;0
6,19|10,18;0;0;0;0;0.08000001
6,19|9,18;0.06720001;0;0;0;0
7,19|8,19;0;0;0;0;-20
3,19|7,16;0.12;0;0;0;0
3,19|7,17;0;0;0;0;0.1
3,19|6,17;0.09156465;0;0;0;0
3,16|1,13;0.1144;0;0;0;0
2,17|2,14;0;0;0.06;0;0
1,17|2,15;0;0;0.06;0;0
0,17|2,16;0;0;0;0.024248;0
2,18|1,18;0;0;-20;0;0
0,3|0,16;0;0;0;0.26;0
1,3|0,15;0;0;0.22;0;0
0,3|0,14;0;0.266728;0;0;0
0,2|0,12;0;0;0.18;0;0
0,2|0,11;0;0;0;0.18;0
1,2|0,10;0;0;0;0;0.16
1,2|0,9;0;0.16;0.12;0;0
0,2|0,8;0.08000001;0;0;0;0
0,3|0,7;0;0;0;0;0.06
0,3|0,6;0;0;0;0.120744;0
1,3|0,5;0;0.11664;0;0;0
1,3|1,2;0;-20;0;0;0
2,3|16,1;0;0;0.386672;0;0
1,2|14,1;0;0.24;0;0;0
1,1|13,1;0;0;0.24;0;0
0,1|12,1;0;0;0.22;0;0
0,1|11,1;0;0;0;0;0.2
0,1|10,1;0.2;0;0;0;0
0,2|9,1;0.2;0;0;0;0
0,3|8,1;0;0;0;0.16;0
1,3|7,1;0.16;0;0;0;0
1,4|6,1;0.16;0;0;0;0
1,5|6,2;0;0;0;0;0.14
1,5|5,2;0;0;0;0.1144;0
2,4|4,4;0;0;0;-20;0
3,4|3,4;0;0;0;0;0
4,4|13,16;0.38;0;0;0;0
4,5|12,16;0;0;0.4484;0;0
2,5|11,15;0;0.4484;0;0;0
2,3|7,15;0;0;0;0.3504;0
3,2|5,15;0;0;0;0.26;0
4,2|5,14;0;0;0;0;0.24
4,2|4,14;0;0.24;0;0;0
4,1|4,13;0;0.28;0;0;0
4,0|3,13;0;0;0;0;0.3
4,0|2,13;0;0;0;0;0.32
4,0|1,13;0;0;0;0.36;0
5,0|0,13;0;0;0;0.36;0
6,0|0,12;0.32;0;0;0;0
6,1|0,11;0;0.32;0;0;0
6,0|1,11;0;0;0;0;0.3
6,0|2,11;0.26;0;0;0;0
6,1|2,10;0;0.26;0;0;0
6,0|3,10;0.22;0;0;0;0
6,1|3,9;0.18;0;0;0;0
6,2|3,8;0;0;0.14;0;0
5,2|3,7;0;0;0.1;0;0
4,2|4,7;0;0;0;0;0.08000001
4,2|4,6;0;0.08000001;0;0;0
4,1|4,5;0;0;0;0.08000001;0
5,1|5,5;0.04;0;0;0;0
5,2|5,4;-20;0;0;0;0
8,17|4,13;0;0;0;0;0.14
8,17|4,14;0;0;0;0;0.12
8,17|5,14;0;0;0.08000001;0;0
7,17|5,15;0;0;0.04;0;0
6,17|5,16;0;0;0;0.04;0
7,17|6,16;0.04;0;0;0;0
7,18|7,16;0.0436;0;0;0;0
7,12|13,16;0;0.2;0;0;0
7,11|12,16;0;0.2;0;0;0
7,10|11,16;0;0;0;0.16;0
8,10|10,16;0;0;0;0.14;0
8,10|10,15;0.1;0;0;0;0
8,11|9,15;0.06;0;0;0;0
8,12|8,15;0.06;0;0;0;0
8,13|7,15;0;0;0.06;0;0
7,13|6,15;0;0;0;0;0.08000001
7,13|5,15;0;0.08000001;0;0;0
7,12|5,14;0;0;0;0;0.06720001
8,12|6,13;0;0.06;0;0;0
8,11|7,13;0;0;0.02;0;0
16,13|13,6;0;0;0;0;0.18
16,13|13,7;0;0.14;0;0;0
16,12|13,8;0;0;0.1;0;0
15,12|13,9;0;0;0;0;0.12
15,12|12,9;0;0;0;0.16;0
16,12|11,9;0;0;0.16;0;0
15,12|10,9;0;0.16;0;0;0
15,11|9,9;0;0.16;0;0;0
15,10|8,9;0;0;0;0;0.14
15,10|8,10;0;0;0;0;0.16
15,10|8,11;0;0;0.14;0;0
15,10|9,11;0;0.14;0;0;0
15,9|10,11;0;0;0;0.310752;0
16,9|13,11;0;0.14;0;0;0
16,8|13,12;0;0.2088;0;0;0
15,7|15,11;0;0;0.06720001;0;0
11,2|7,6;0;0.16;0;0;0
11,1|7,5;0;0;0;0.16;0
12,1|7,4;0;0.16;0;0;0
12,0|8,4;0;0;0.1344;0;0
11,0|9,3;0;0.08000001;0;0;0
11,0|9,2;0;0;0.04;0;0
10,0|9,1;0;0;0;0;0.02
8,4|19,6;0.22;0;0;0;0
8,5|18,6;0;0;0.22;0;0
7,5|17,6;0;0;0;0;0.2
7,5|16,6;0;0;0;0;0.18
7,5|15,6;0.18;0;0;0;0
7,6|15,5;0;0.18;0;0;0
7,5|15,4;0.22;0;0;0;0
7,6|15,3;0.24;0;0;0;0
7,6|15,2;0.26;0;0;0;0
7,6|15,1;0;0;0;0;0.24
7,6|14,1;0;0;0;0;0.22
7,6|13,1;0;0;0;0.18;0
8,6|12,1;0.288;0;0;0;0
8,6|12,2;0.14;0;0;0;0
8,6|12,3;0.1344;0;0;0;0
7,6|10,3;0;0.08000001;0;0;0
7,5|9,3;0;0;0.08720001;0;0
7,6|7,5;0;0;0;0;-20
15,17|9,5;0;0;0.32;0;0
14,17|10,5;0.32;0;0;0;0
14,18|11,5;0;0;0;0.3776;0
15,18|12,6;0;0;0;0;0.3268
15,19|12,8;0;0;0.2904;0;0
13,19|11,9;0.26;0;0;0;0
13,19|10,9;0;0.314;0;0;0
13,18|8,9;0;0.24;0;0;0
13,17|8,10;0;0;0;0;0.22
13,17|8,11;0;0;0.18;0;0
12,17|8,12;0;0;0;0.18;0
13,17|8,13;0;0;0;0.18;0
14,17|9,13;0.18;0;0;0;0
14,18|10,13;0;0;0;0.18;0
15,18|11,13;0.18;0;0;0;0
15,19|12,13;0.16;0.14;0;0;0
15,19|13,13;0;0.12;0;0;0
15,18|14,13;0.146784;0;0;0;0
13,18|17,16;0;0;0.12;0;0
12,18|16,16;0.12;0;0;0.08000001;0
12,19|16,17;0;0;0;0;0.1
12,19|16,18;0;0.068496;0;0;0
12,17|14,18;0;0;0;0;0.0472
7,15|12,17;0;0;0;0.1;0
8,15|11,17;0.06;0;0;0;0
8,16|10,17;0;0;0;0.02436464;0
9,15|9,16;-20;0;0;0;0
11,15|0,14;0;0.22;0;0;0
11,15|1,14;0;0;0.2124;0;0
9,16|3,15;0.14;0;0;0;0
9,17|4,15;0.14;0;0;0;0
9,18|4,16;0;0;0;0;0.12
9,18|5,16;0;0;0;0;0.1
9,18|5,17;0;0;0;0.1;0
10,18|6,17;0;0;0.06447896;0;0
11,3|17,11;0;0;0;0;0.3068
11,3|17,9;0;0.2832;0.24;0;0
10,3|16,9;0;0;0.24;0;0
9,3|16,8;0;0;0;0.2;0
10,3|16,7;0;0;0.2;0;0
9,3|16,6;0;0;0;0.16;0
10,3|16,5;0;0;0;0.216;0
11,3|16,4;0;0;0.12;0;0.118
10,3|15,4;0;0;0;0;0.1216
9,3|15,1;0.14;0;0;0;0
9,3|14,1;0;0;0;0;0.12
9,3|13,1;0;0;0;0.0908;0
9,3|11,1;0.06;0;0;0;0
9,3|11,2;0;0.0236;0;0;0
5,6|6,15;0;0;0.2;0;0
4,6|5,15;0.16;0;0;0;0
4,7|5,14;0;0.16;0;0;0
4,6|4,14;0;0;0;0;0.14
4,6|4,13;0.1724;0;0;0;0
5,7|1,13;0.2;0;0;0;0
5,8|0,13;0;0;0;0.2124;0
4,9|2,11;0;0;0;0;0.06
4,9|3,11;0.02;0;0;0;0
4,10|3,10;0.036;0;0;0;0
12,15|1,16;0;0;0.2;0;0
11,15|2,16;0.189088;0;0;0;0
11,15|6,16;0;0;0.09944;0;0
11,15|10,15;0;0;-20;0;0
16,6|2,9;0.3;0;0;0;0
16,7|2,8;0.3;0;0;0;0
16,8|2,9;0;0;0.3;0;0
15,8|2,10;0;0.34;0;0;0
15,7|1,10;0;0;0.36;0;0
15,7|1,11;0.36;0;0;0;0
15,8|0,11;0;0;0.38;0;0
15,8|0,12;0.38;0;0;0;0
15,9|0,13;0.403072;0;0;0;0
15,9|2,13;0;0;0.32;0;0
15,9|3,13;0;0.32;0;0;0
15,8|4,13;0;0.386672;0.3;0;0
15,8|5,13;0.3068;0;0;0;0
16,9|8,13;0;0;0.2;0;0
15,9|9,13;0;0;0.216936;0;0
15,9|11,13;0.12;0;0;0.1852;0
10,6|7,13;0;0.2;0;0;0
10,5|8,13;0;0;0;0;0.18
10,5|8,12;0.14;0;0;0;0
10,6|8,11;0;0;0;0.2772;0
11,6|8,10;0;0.14;0.13564;0;0
11,5|8,9;0;0;0;0;0.12
11,5|8,8;0.08000001;0;0;0;0
11,6|9,8;0.06720001;0;0;0;0
10,5|12,5;0;0.02;0;0;0
10,5|11,5;0;0;0;0;-20
9,5|12,11;0;0;0.18;0;0
8,5|11,11;0;0;0;0.14;0
9,5|10,11;0.1;0;0;0;0
9,6|9,11;0;0;0.1;0;0
8,6|8,11;0;0;0;0.138232;0
10,5|9,8;0;0.078;0;0;0
10,6|12,8;0.0708;0;0;0;0
11,5|12,5;0;0;0;-20;0
12,5|12,5;0;0;0;0;0
17,1|6,15;0.46;0;0;0;0
17,2|7,15;0;0;0.42;0;0
16,2|8,15;0;0;0.38;0;0
15,2|9,15;0.34;0;0;0;0
15,3|10,15;0.3;0;0;0;0
15,4|11,15;0.26;0;0;0;0
15,5|12,15;0.22;0;0;0;0
15,6|13,15;0;0;0.2;0;0
15,6|14,15;0;0;0;0.236;0
18,5|18,15;0.16;0;0;0;0
18,6|18,14;0.1416;0;0;0;0
19,3|18,7;0;0.1216158;0;0;0
18,1|19,5;0.0636;0;0;0;0
17,2|18,4;0;0;0;0.02;0
18,2|18,3;0;0;0;0.02;0
18,2|18,2;0;0;0;0;0
7,17|10,11;0;0;0;0;0.16
7,17|9,11;0;0;0;0.12;0
8,17|9,12;0;0;0.12;0;0
7,17|9,13;0;0;0;0.08000001;0
8,17|8,13;0;0;0.08000001;0;0
7,17|7,13;0.1488;0;0;0;0
7,18|5,14;0.138;0;0;0;0
6,19|5,16;0.06;0;0;0;0
6,19|6,16;0.0472;0;0;0;0
6,17|2,3;0;0;0.32;0;0
5,17|2,4;0.32;0;0;0;0
5,18|2,5;0;0;0;0;0.3
5,18|2,6;0;0.26;0;0;0
5,17|2,7;0;0;0;0;0.24
5,17|2,8;0;0;0;0.24;0
6,17|2,9;0;0.2;0;0;0
6,16|2,10;0;0;0;0.2432;0
7,17|1,11;0;0;0.24;0;0
6,17|0,11;0;0;0;0;0.22
6,17|0,12;0;0;0;0;0.2
6,17|0,13;0;0.1888;0;0;0
5,16|1,14;0.12;0;0;0;0
5,17|1,15;0;0;0;0.136344;0
7,17|3,15;0;0;0;0.12;0
8,17|4,15;0;0;0;0.1344;0
9,18|4,17;0;0;0;0.12;0
10,18|5,17;0;0;0;0.12;0
11,18|6,17;0.12;0;0;0;0
11,19|7,17;0.1;0;0;0;0
11,19|8,17;0.08000001;0;0;0;0
11,19|9,17;0.067128;0;0;0;0
11,19|10,18;0;0;0;0.04;0
12,19|11,18;0;0;0;0.04488304;0
13,19|16,0;0;0;0;0.4;0
14,19|16,1;0;0.36;0;0;0
14,18|16,2;0;0;0.36;0;0
13,18|16,3;0.36;0;0;0;0
13,19|16,4;0;0.32;0;0;0
13,18|16,5;0;0.36424;0;0;0
12,18|16,8;0;0;0;0.24;0
13,18|16,9;0;0;0;0;0.22
13,18|16,10;0;0.18;0;0;0
13,17|16,11;0;0.1769878;0;0;0
14,17|17,13;0.1935248;0;0;0;0
18,12|18,9;0;0;0.06;0;0
17,12|18,10;0;0;0;0;0.04
17,12|18,11;0;0;0.04;0;0
16,12|17,11;0;0;0;-20;0
1,10|5,3;0;0;0.22;0;0
0,10|4,3;0.22;0;0;0;0
0,11|3,3;0;0;0;0.18;0
1,11|2,3;0;0;0;0.14;0
2,11|2,4;0.12;0;0;0;0
2,11|2,5;0.1;0;0;0;0
2,11|2,6;0;0.120744;0;0;0
2,10|2,7;0.0708;0;0;0.0708;0.04
4,10|4,8;0;0;0.04;0;0
1,13|10,8;0;0;0;0;0.26
1,13|10,9;0;0;0;0;0.24
1,13|9,9;0;0;0;0.2;0
2,13|8,9;0.43488;0;0;0;0
3,14|8,11;0.16;0;0;0;0
3,15|8,12;0;0;0;0.12;0
4,15|7,12;0;0.08000001;0;0;0
4,14|7,13;0.0908;0;0;0;0
3,15|4,13;0;0;0;0.02;0
17,17|0,4;0.6;0;0;0;0
17,18|0,5;0;0;0;0.6;0
18,18|0,6;0.6;0;0;0;0
18,19|0,7;0;0;0.56;0;0
17,19|0,8;0.54;0;0;0;0
17,19|0,9;0;0;0;0.54;0
18,19|0,10;0;0;0;0.6498;0
19,18|0,14;0;0;0;0;0.44
19,18|1,14;0;0.4;0;0;0
19,17|2,14;0;0.36;0;0;0
19,16|3,14;0;0;0.32;0;0
18,16|3,15;0;0;0;0;0.3
18,16|3,16;0;0.354;0;0;0
18,15|5,15;0.26;0;0;0;0
18,16|6,15;0;0.22;0;0;0
18,15|7,15;0;0.2524;0;0;0
18,14|9,15;0;0;0.16;0;0
17,14|10,15;0;0;0;0;0.14
17,14|11,15;0.1;0;0;0;0
17,15|12,15;0;0;0;0;0.08000001
17,15|13,15;0;0;0;0;0.06
17,15|14,15;0;0;0.02;0;0
16,15|15,15;0;0;0;0;-20
13,9|5,9;0;0;0.16;0;0
12,9|5,8;0;0;0;0;0.18
12,9|5,7;0;0;0.18;0;0
11,9|5,6;0;0;0;0.2124;0
12,8|8,6;0;0.09699201;0;0;0
11,9|12,9;0;0.02;0;0;0
11,8|11,9;0;0;0.0236;0;0
14,19|17,6;0.3;0;0;0;0
14,19|17,7;0.28;0;0;0;0
14,19|17,8;0.26;0;0;0;0
14,19|17,9;0;0;0;0;0.24
14,19|17,10;0;0.2;0;0;0
14,18|17,11;0.2;0;0;0;0
14,19|17,12;0.2670679;0;0;0;0
15,18|17,16;0;0;0;0.04;0
16,18|17,17;0.0472;0;0;0;0
14,19|16,19;0;0.04;0;0;0
14,18|15,19;0;0.04;0;0;0
14,17|15,18;0;0;0.04;0;0
13,17|14,18;0;0;0;0;0.02
12,17|13,17;0;0;0.040248;0;0
11,17|12,17;0;0.043128;0;0;0
12,16|12,16;0;0;0;0;0
1,19|11,5;0;0;0.48;0;0
0,19|11,6;0;0;0;0.48;0
1,19|12,6;0.46;0;0;0;0
1,19|12,7;0;0;0;0;0.44
1,19|12,8;0;0.4;0;0;0
1,18|12,9;0;0.36;0;0;0
1,17|11,9;0.36;0;0;0;0
1,18|10,9;0;0;0;0.32;0
2,18|9,9;0;0;0;0;0.3
2,18|8,9;0;0.26;0;0;0
2,17|8,10;0.26;0;0;0;0
2,18|7,10;0;0;0;0;0.24
2,18|7,11;0.24;0;0;0;0
2,19|7,12;0;0.236;0;0;0
3,19|5,14;0;0.118;0;0;0
2,18|5,16;0;0;0;0.06;0
3,18|4,16;0;0;0;0;0.04
4,19|3,19;0;0;0;0.0396;0
5,19|4,19;0;0.036;0;0;0
5,18|4,18;0;0;-20;0;-20
12,15|13,6;0.2;0;0;0;0
12,16|12,6;0.2;0;0;0;0
12,17|12,7;0;0;0;0;0.2088
12,18|12,9;0.22;0;0;0;0
12,19|11,9;0;0.22;0;0;0
12,18|10,9;0;0;0;0.314;0
12,18|8,9;0;0;0;0.26;0
13,18|8,10;0;0;0;0.26;0
14,18|8,11;0.2996;0;0;0;0
15,19|9,12;0.24;0;0;0;0
15,19|10,12;0.22;0;0;0;0
15,19|11,12;0;0;0;0.22;0
16,19|12,12;0;0;0;0;0.241832
18,19|14,13;0;0;0;0;0.18
18,19|15,13;0;0.1616;0;0;0
19,18|18,13;0;0;0;0.1144;0.118
18,18|18,15;0.073608;0;0;0;0
19,12|3,9;0;0;0;0.36;0
19,12|3,10;0;0;0;0.34;0
19,12|3,11;0;0;0.34;0;0
18,12|2,11;0.52256;0;0;0;0
17,14|0,12;0;0.4012;0;0;0
17,13|1,13;0.32;0;0;0;0
17,14|2,13;0;0;0.3468;0;0
17,13|5,13;0;0;0;0.2832;0
18,14|7,13;0;0;0;0.24;0
19,14|8,13;0;0;0;0.22;0
19,14|9,13;0.22;0;0;0;0
19,15|10,13;0.22;0;0;0;0
19,16|11,13;0;0;0;0.2;0
19,16|12,13;0.2288;0;0;0;0
19,17|14,13;0.3564;0;0;0;0
19,18|15,13;0.18;0;0.16844;0;0
19,19|16,13;0;0.1616;0;0;0
19,16|19,15;0;0;0.03888;0;0
18,16|18,16;0;0;0;0;0
8,5|5,16;0;0;0;0;0.26
8,5|5,15;0;0;0;0.3032;0
7,5|7,10;0;0;0;0;0.08000001
7,5|7,9;0;0;0;0;0.078
8,5|8,8;0;0.1216;0;0;0
7,3|12,8;0.16;0;0;0;0
7,4|12,7;0;0;0;0;0.158
7,3|11,6;0;0;0;0;0.12
7,3|10,6;0.08000001;0;0;0;0
7,4|9,6;0;0;0;0.04;0
8,4|8,6;0;0;0;0.024248;0
9,0|6,18;0;0;0;0;0.4
9,0|6,17;0.36;0;0;0;0
9,1|6,16;0;0;0;0.432;0
11,1|5,15;0;0;0;0.4;0
12,1|5,14;0;0;0;0.4;0
13,1|5,13;0.36;0;0;0;0
13,2|6,13;0;0.36;0;0;0
13,1|7,13;0;0;0;0;0.34
13,1|8,13;0;0;0;0;0.32
13,1|9,13;0;0;0.28;0;0
12,1|10,13;0;0;0;0.28;0
13,1|11,13;0.24;0;0;0;0
13,2|12,13;0;0;0;0.22;0
13,2|13,13;0;0.26;0;0;0
13,1|14,13;0;0;0;0;0.28
13,1|15,13;0;0;0.28;0;0
12,1|15,12;0.24;0;0;0;0
12,2|15,11;0;0;0;0;0.22
12,2|15,10;0.18;0;0;0;0
12,3|15,9;0.16;0;0;0;0
12,3|15,8;0;0;0;0.1416;0
13,3|15,6;0.08000001;0;0;0;0
13,3|15,5;0.06;0;0;0;0
13,3|15,4;0;0;0.06;0;0
12,3|15,3;0.08000001;0;0;0;0
12,3|15,2;0.1;0;0;0;0
12,3|15,1;0;0;0;0;0.08000001
12,3|14,1;0.06;0;0;0;0
12,3|13,1;0;0;0;0;0.04
12,3|13,2;0.02;0;0;0;0
12,3|13,3;0;0;0.02;0;0
16,4|12,12;0;0;0.2;0;0
15,4|13,12;0;0.24;0;0;0
15,3|13,13;0;0.24;0;0;0
15,2|14,13;0.2;0;0;0;0
15,3|15,13;0.16;0;0;0;0
15,4|15,12;0;0;0;0.16;0
16,4|15,11;0;0;0;0;0.14
16,4|15,10;0;0;0;0;0.12
16,4|16,10;0;0;0;0;0.1
16,4|16,9;0;0;0;0.1;0
17,4|16,8;0.06;0;0;0;0
17,5|16,7;0;0;0.02;0;0
16,5|16,6;0;0;0;0.02;0
17,5|17,6;-20;0;0;0;0
1,5|5,5;0.08000001;0;0;0;0
1,6|4,5;0;0;0;0.0472;0
2,7|3,6;0.04;0;0;0;0
2,8|3,7;0.048496;0;0;0;0
10,17|19,17;0;0;0;0.14;0
11,17|18,17;0.14;0;0;0;0
11,18|17,17;0;0;0;0.1;0
12,18|16,17;0;0.0708;0;0;0
12,16|14,17;0;0;0.06;0;0
11,16|14,16;0;0.06;0;0;0
11,15|13,16;0;0;0.06;0;0
10,15|12,16;0;0;0;0.024248;0
10,15|11,15;0;0;0.02;0;0
4,3|15,8;0;0;0.32;0;0
3,3|15,7;0.28;0;0;0;0
3,4|15,6;0.24;0;0;0;0
3,5|15,5;0;0;0;0.300768;0
4,4|15,3;0.3304;0;0;0;0
4,4|15,1;0;0;0.28;0.24;0
5,4|14,1;0;0.2324;0;0;0
4,3|12,1;0;0;0;0;0.2088
4,2|10,1;0;0;0;0;0.1416
4,3|8,1;0;0;0.12;0;0
3,3|7,1;0;0;0;0;0.1
3,3|7,2;0;0.06;0;0;0
3,2|6,2;0.06;0;0;0;0
3,3|5,2;0;0;0;0.02;0
4,3|5,3;0;0;0;0;-20
13,19|16,10;0.22;0;0;0;0
13,19|16,11;0;0;0.22;0;0
12,19|16,12;0;0;0.2668;0;0
12,18|17,14;0;0.14;0;0;0
12,17|17,15;0.14;0;0;0;0
12,18|16,15;0;0;0;0;0.1416
13,18|16,17;0;0;0.0944;0;0
11,5|17,7;0.12;0;0;0;0
11,6|16,7;0.1;0;0;0;0
11,6|15,7;0;0;0;0;0.08000001
11,6|15,6;0;0.1016;0;0;0
10,6|15,3;0;0.16;0;0;0
10,5|15,2;0;0.18;0;0;0
10,5|15,1;0;0;0;0.14;0
11,5|14,1;0.14;0;0;0;0
11,6|13,1;0.1416;0;0;0;0
10,5|11,2;0;0;0;0.04;0
11,5|11,3;0;0.06;0;0;0
11,5|10,3;0;0.08000001;0;0;0
11,5|9,3;0.12;0;0;0;0
11,6|8,3;0;0;0;0.1416;0
2,5|14,19;0;0.52;0;0;0
2,4|14,18;0;0.52;0;0;0
2,3|14,17;0;0;0.52;0;0
1,3|13,17;0;0;0;0.48;0
2,3|12,17;0.44;0;0;0;0
2,4|11,17;0;0;0.44;0;0
1,4|11,16;0;0.44;0;0;0
1,3|10,16;0;0;0;0;0.42
1,3|9,16;0;0;0.42;0;0
0,3|8,16;0;0.42;0;0;0
0,2|7,16;0;0;0.4;0;0
0,2|6,16;0;0;0;0.36;0
1,2|5,16;0.3776;0;0;0;0
0,1|2,14;0.26;0;0;0;0
0,2|2,13;0;0.3032;0;0;0
0,1|0,11;0;0;0;0;0.2124
1,3|1,6;0.0396;0;0;0;0
1,4|1,5;-20;0;0;0.02;0
2,4|1,4;0.02;0;0;0;0
2,5|1,5;0;0;0;0;-20
2,5|2,5;0;0;0;0;0
15,17|8,8;0;0;0.28;0;0
14,17|8,9;0.28;0;0;0;0
14,18|8,10;0;0;0.24;0;0
13,18|8,11;0;0.2;0;0;0
13,17|8,12;0;0.16;0;0;0
13,16|8,13;0;0;0;0.16;0
14,16|9,13;0.16;0;0;0;0
14,17|10,13;0;0;0;0;0.14
14,17|11,13;0;0;0.1;0;0
13,17|12,13;0.1;0;0;0;0
13,18|13,13;0;0;0;0.1;0
14,18|14,13;0;0;0;0.1;0
15,18|15,13;0.14;0;0;0;0.152688
15,19|16,13;0.1888;0;0;0;0
15,18|17,15;0.111448;0;0;0;0
15,19|17,17;0;0;0.08720001;0;0
13,19|17,19;0;0;0;0;0.06
13,19|16,19;0.04;0;0;0;0
13,18|14,19;0;0;0.04;0;0
12,18|13,19;0;0.0472;0;0;0
8,18|4,4;0;0;0.32;0;0
7,18|4,5;0;0;0;0.32;0
8,18|4,6;0;0;0.28;0;0
7,18|4,7;0;0.24;0;0;0
7,17|4,8;0;0.2;0;0;0
7,16|4,9;0.2;0;0;0;0
7,17|4,10;0;0.16;0;0;0
7,16|4,11;0;0;0.16;0;0
6,16|3,11;0;0;0.196;0;0
5,16|0,11;0;0;0.16;0;0
4,16|0,12;0;0;0;0.16;0
5,16|0,13;0;0;0.12;0;0
4,16|0,14;0;0;0;0;0.1
4,16|1,14;0;0;0;0;0.08000001
4,16|2,14;0;0.0472;0;0;0
4,15|3,15;0.024248;0;0;0;0
1,17|10,9;0;0.3;0;0;0
1,16|9,9;0.354;0;0;0;0
1,18|7,9;0;0;0.3;0;0
0,18|7,10;0;0;0.28;0;0
0,18|7,11;0;0;0.34424;0;0
0,17|6,13;0.2;0;0;0;0
0,18|5,13;0;0.3168;0;0;0
0,17|4,13;0;0;0;0.12;0
1,17|3,13;0.12;0;0;0;0
1,18|2,13;0;0.08000001;0;0;0
1,17|2,14;0.0944;0;0;0;0
13,3|19,14;0;0;0;0;0.32
13,3|18,14;0;0;0;0;0.3
13,3|18,13;0;0.3;0;0;0
13,2|18,12;0;0;0.3;0;0
12,2|18,11;0;0;0.3468;0;0
11,3|16,8;0;0;0;0;0.18
11,3|16,7;0.16;0;0;0;0
11,3|16,6;0;0;0;0;0.14
11,3|16,5;0;0;0;0;0.1416
11,3|15,3;0.232969;0;0;0;0
4,9|8,2;0.22;0;0;0;0
4,10|7,2;0;0.18;0;0;0
4,9|7,3;0;0.158;0;0;0
4,7|5,3;0;0.064248;0;0;0
4,6|5,5;0.04;0;0;0;0
4,8|4,6;0;-20;0;0;0
1,6|0,4;0;0.02;0;0;0
1,5|0,5;0;0.040248;0;0;0
1,4|0,4;0.0236;0.02;0;0;0
1,3|0,3;0;0.02648;0;0.0236;0
1,11|5,8;0;0.1;0;0;0
1,10|4,8;0;0;0;0.06;0
2,10|4,9;0;0;0;0;0.04
2,10|3,10;0;0.03888;0;0;0
2,9|3,9;0.0276464;0;0;-20;0
17,6|16,12;0;0;0;0.14;0
18,6|16,11;0;0;0;0;0.12
18,6|16,10;0;0.1344;0;0;0
17,5|16,8;0.04;0;0;0;0
17,6|16,7;-20;0;0;0;0
6,2|3,18;0;0;0.34;0;0
5,2|3,17;0;0;0.3;0;0
4,2|3,16;0;0;0;0.3;0
5,2|3,15;0;0;0.26;0;0
4,2|3,14;0;0;0;0.26;0
5,2|3,13;0.26;0;0;0;0
5,3|2,13;0;0;0.3068;0;0
4,4|0,12;0;0.24;0;0;0
4,3|0,11;0.2288;0;0;0;0
4,3|2,11;0;0;0;0;0.18
4,3|3,11;0;0;0.14;0;0
3,3|3,10;0;0;0;0;0.12
3,3|3,9;0;0;0;0;0.1144
2,3|3,7;0;0;0;0;0.08000001
2,3|3,6;0.04;0;0;0;0
2,4|3,5;0;0.04;0;0;0
2,3|2,5;0;0.0472;0;0;0
1,2|2,3;0;0;0.04;0;0
17,2|0,12;0;0;0;0;0.52
17,2|0,11;0.48;0;0;0;0
17,3|0,10;0.44;0;0;0;0
17,4|1,10;0.44;0;0;0;0
17,5|1,11;0.44;0;0;0;0
17,6|0,11;0;0;0.44;0;0
16,6|0,12;0.44;0;0;0;0
16,7|0,13;0.4;0;0;0;0
16,8|1,13;0;0;0;0;0.38
16,8|2,13;0;0;0.34;0;0
15,8|3,13;0;0;0;0;0.374
16,7|7,13;0;0;0.26;0;0
15,7|8,13;0.22;0;0;0;0
15,8|9,13;0.216936;0;0;0;0
15,10|12,13;0.08000001;0;0;0;0
15,11|13,13;0.04;0;0;0;0
17,12|16,13;0;0;0;0.04;0
18,12|16,12;0;0;0;0.048496;0
19,14|19,14;0;0;0;0;0
17,16|12,3;0.36;0;0;0;0
17,17|13,3;0;0;0;0.4792;0
19,17|14,1;0;0;0.4484;0;0
18,16|15,2;0.34;0;0;0;0
18,17|15,3;0.34;0;0;0;0
18,18|15,4;0.34;0;0;0;0
18,19|16,4;0.32;0;0;0;0
18,19|16,5;0;0;0;0.32;0
19,19|17,5;0;0.28;0;0;0
19,18|18,5;0;0;0.24;0;0
18,18|18,6;0;0;0;0;0.22
18,18|18,7;0;0;0;0.22;0
19,18|18,8;0;0;0.18;0;0
18,18|18,9;0;0.14;0;0;0
18,17|18,10;0;0;0;0.1652;0
19,17|18,12;0.140592;0;0;0;0
19,19|19,15;0;0.047848;0;0;0
17,19|18,19;-20;0;0;0;0
8,16|3,5;0;0.28;0;0;0
8,15|3,6;0;0;0.24;0;0
7,15|3,7;0;0;0;0;0.22
7,15|3,8;0.22;0;0;0;0
7,16|3,9;0.22;0;0;0;0
7,17|3,10;0.22;0;0;0;0
7,18|3,11;0.26;0;0;0;0
7,19|2,11;0;0;0;0.3;0
8,19|1,11;0.374;0.3;0;0;0
8,18|0,11;0.3504;0;0;0;0
7,19|1,13;0.22;0;0;0;0
7,19|1,14;0;0;0;0.22;0
8,19|2,14;0;0;0;0.256;0
10,19|3,15;0.2;0;0;0;0
10,19|3,16;0.18;0;0;0;0
10,19|3,17;0;0;0;0.18;0
11,19|3,18;0.1852;0;0;0;0
11,19|5,18;0;0;0.1;0;0
10,19|6,18;0.08000001;0;0;0;0
10,19|7,18;0;0.0436;0;0;0
10,18|10,19;0;0.02;0;0;0
9,15|8,15;0;0;-20;0;0
7,12|4,0;0;0;0.28;0;0
7,12|4,1;0;0;0;0.28;0
8,12|5,1;0;0;0.24;0;0
7,12|5,2;0;0.2;0;0;0
7,11|5,3;0;0.16;0;0;0
7,10|5,4;0;0;0.1652;0;0
7,10|6,5;0;0.08000001;0;0;0.1
7,9|7,5;0;0;0;0.08000001;0
8,9|7,6;0.1016;0;0;0;0
7,8|11,6;0.16;0;0;0.12;0
7,9|12,6;0.16;0;0;0;0
7,10|12,7;0;0;0;0.1416;0
8,9|11,9;0;0;0.06;0;0
7,9|10,9;0.06;0;0;0;0
7,10|9,9;0;0;0.0436;0;0
2,13|7,2;0;0;0;0.28;0
3,13|7,3;0.28;0;0;0;0
3,14|6,3;0;0;0;0;0.26
3,14|5,3;0;0;0.26;0;0
2,14|4,3;0;0.22;0;0;0
2,13|4,4;0;0;0.266728;0;0
2,13|4,6;0.18;0;0;0;0
2,14|4,7;0;0;0;0;0.16
2,14|3,7;0;0;0;0.12;0
3,14|3,8;0;0;0;0.12;0
4,14|3,9;0;0.08000001;0;0;0
4,13|3,10;0;0;0;0.08000001;0
5,13|3,11;0;0;0.08000001;0;0
4,13|2,11;0;0;0.08000001;0;0
3,13|1,11;0;0;0.0944;0;0
2,13|0,12;0;0;0.02;0;0
1,13|0,13;0.040248;0;0;0;0
1,14|1,13;0;0;0.02;0;0
0,14|0,13;0.02;-20;0;0;0
1,15|0,15;0;0.02;0;0;0
1,14|0,14;0;0.0236;0;0;-20
5,6|18,5;0;0;0.28;0;0
4,6|17,5;0.28;0;0;0;0
4,7|16,5;0;0;0;0.24;0
5,7|15,5;0;0.24;0;0;0
5,6|15,4;0;0;0.3376;0;0
3,4|14,1;0;0;0;0.24;0
4,4|13,1;0;0.2;0;0;0
4,3|13,2;0;0.16;0;0;0
4,2|12,2;0;0.16;0;0;0
4,1|11,2;0.12;0;0;0;0
4,2|10,2;0.12;0;0;0;0
4,3|10,3;0;0;0;0;0.1
4,3|9,3;0;0;0.1;0;0
3,3|8,3;0;0;0.118;0;0
2,3|6,3;0.08000001;0;0;0;0
2,4|6,4;0.1512;0;0;0;0
2,5|5,4;0.08000001;0;0;0.04;0
3,5|4,4;0;0;0.0472;0;0
11,0|10,1;0;0;-20;0;0
2,0|11,17;0;0;0.52;0;0
1,0|10,17;0;0;0;0;0.5
1,0|9,17;0;0.48;0;0;0
1,0|9,16;0;0;0;0.44;0
2,0|8,16;0;0;0.44;0;0
1,0|8,15;0;0;0;0;0.42
1,0|7,15;0;0.4;0;0;0
1,0|6,15;0.4176;0;0;0;0
2,1|5,14;0;0;0.32;0;0
1,1|4,14;0.28;0;0;0;0
1,2|4,13;0.24;0;0;0;0
1,3|3,13;0;0;0;0.2;0
2,3|2,13;0.2;0;0;0;0
2,4|1,13;0;0;0.396;0;0
1,4|0,13;0;0;0;0.568064;0
2,4|0,12;0;0.255728;0.3168;0;0
1,4|0,11;0;0;0;0.16;0.158
2,4|1,11;0.1416;0;0;0;0
5,5|15,13;0;0.36;0;0;0
5,4|15,12;0.3776;0;0;0;0
5,6|15,10;0.24;0;0;0;0
5,7|15,9;0;0;0.24;0;0
4,7|15,8;0.24;0;0;0;0
4,8|15,7;0.28;0;0;0;0
4,9|15,6;0.32;0;0;0;0
4,10|15,5;0;0;0;0.32;0
5,10|15,4;0;0.32;0;0;0
5,9|15,3;0.36;0;0;0;0
5,10|15,2;0.4;0;0;0;0
5,11|15,1;0.38;0;0;0;0
5,11|14,1;0.36;0;0;0;0
5,11|13,1;0.34;0;0;0;0
5,11|12,1;0.32;0;0;0;0
5,11|11,1;0;0;0;0.3;0
5,11|11,2;0;0;0;0.28;0
5,11|10,2;0;0;0.28;0;0
4,11|9,2;0.3068;0;0;0;0
4,11|8,3;0;0;0.24;0;0
3,11|8,4;0;0;0;0.2;0
4,11|7,4;0;0;0.2;0;0
3,11|7,5;0;0;0.2324;0;0
3,8|4,7;0;-20;0;0;0
5,17|19,1;0;0;0;0;0.58
5,17|19,2;0;0;0;0.54;0
6,17|19,3;0.54;0;0;0;0
6,18|19,4;0;0;0;0.5;0
7,18|19,5;0;0;0.5;0;0
6,18|18,5;0.5;0;0;0;0
6,19|17,5;0.48;0;0;0;0
6,19|17,6;0;0;0;0;0.46
6,19|17,7;0;0;0;0.42;0
7,19|17,8;0;0;0;0.38;0
8,19|17,9;0;0.34;0;0;0
8,18|17,10;0;0;0;0.3;0
9,18|17,11;0;0.3068;0;0;0
9,16|17,13;0;0;0;0;0.236
10,17|16,15;0;0;0;0;0.14
10,17|15,15;0.14;0;0;0;0
10,18|15,16;0.14;0;0;0;0
10,19|15,17;0;0;0.158;0;0
9,17|12,17;0;0;0.072744;0;0
8,17|9,17;0;0;0.02;0;-20
7,17|8,17;0.024248;0;0;0;0
8,8|15,4;0.22;0;0;0;0
8,9|15,5;0.22;0;0;0;0
8,10|15,6;0;0.18;0;0;0
8,9|15,7;0.18;0;0;0;0
8,10|15,8;0.18;0;0;0;0
8,11|15,9;0;0;0;0.14;0
9,11|15,10;0;0.12;0;0;0
9,11|15,11;0.12;0;0;0;0
9,12|15,12;0;0.16;0;0;0
9,11|15,13;0.12;0;0;0;0
9,12|14,13;0;0;0.140592;0;0
9,12|12,13;0;0;0.0944;0;0
2,2|1,2;0;0;-20;0;0
3,9|17,8;0.3;0;0;0;0
3,10|17,9;0;0.26;0;0;0
3,9|16,9;0.26;0;0;0;0
3,10|15,9;0;0.26;0;0;0
3,9|15,10;0.26;0;0;0;0
3,10|15,11;0;0;0.3612;0;0
2,10|13,13;0.24;0;0;0;0
2,11|12,13;0;0.24;0;0;0
2,10|11,13;0;0;0;0;0.22
2,10|10,13;0.18;0;0;0;0
2,11|9,13;0.16;0;0;0;0
2,11|8,13;0;0.16;0;0;0
2,10|7,13;0.12;0;0;0;0
2,11|6,13;0;0;0;0;0.1
2,11|5,13;0;0.1;0;0;0
2,10|4,13;0;0;0.1;0;0
1,10|3,13;0;0.1;0;0;0
1,9|2,13;0;0;0;0.1;0
2,9|1,13;0;0.16844;0;0;0
0,10|6,4;0;0.236;0;0;0
0,10|4,4;0;0.16;0;0;0
0,9|3,4;0;0;0;0.12;0
1,9|2,4;0;0;0;0;0.1
1,9|1,4;0;0;0.1;0;0
0,9|1,5;0;0;0;0;0.0944
0,10|0,6;0.08000001;0;0;0;0
0,11|0,7;0;0.04;0.06;0;0
0,10|0,8;0;0;0;0.04;0
1,10|0,9;0;0;0;0;0.0236
2,10|1,10;0.029432;0;0;0;0
2,15|5,1;0;0;0;0;0.32
2,15|4,1;0;0;0;0;0.3
2,15|4,2;0;0.26;0;0;0
2,14|3,2;0.26;0;0;0;0
2,15|3,3;0;0;0;0;0.24
2,15|3,4;0;0;0;0;0.22
2,15|3,5;0;0.18;0;0;0
2,14|3,6;0;0.14;0;0;0
2,13|3,7;0.14;0;0;0;0
2,14|3,8;0;0;0;0;0.12
2,14|3,9;0.12;0;0;0;0
2,15|2,9;0;0;0;0;0.1
2,15|2,10;0;0;0;0.1;0
3,15|2,11;0;0.1;0;0;0
3,14|1,11;0;0.1;0;0;0
3,13|0,11;0;0.08000001;0;0;0
3,13|0,12;0.0944;0;0;0;0
3,15|1,14;0;0;0;0;0.04
3,15|2,14;0.04;0;0;0;0
3,16|3,14;0.04;0;0;0;0
3,17|3,15;0.04;-20;0;0;0
6,6|15,3;0;0;0.28;0;0
5,6|15,2;0;0;0;0;0.3
5,6|15,1;0;0.26;0;0;0
5,5|14,1;0.26;0;0;0;0
5,6|13,1;0;0;0;0.22;0
6,6|13,2;0.2;0;0;0;0
6,6|12,2;0;0;0;0;0.18
6,6|11,2;0.1852;0;0;0;0
4,6|8,4;0;0;0;0;0.1
4,6|8,5;0;0;0;0;0.0944
3,6|7,6;0;0;0;0.04;0
4,6|6,6;0;0.0472;0;0;0
2,14|10,9;0;0.22;0;0;0
2,13|9,9;0;0;0;0;0.241184
2,15|7,10;0;0;0;0.16;0
3,15|7,11;0.1816;0;0;0;0
4,17|5,14;0;0;0;0.04;0
5,17|5,15;0.04785635;0;0;0;0
15,10|15,3;0;0;0.12;0;0
15,10|15,4;0;0;0.118;0;0
16,10|15,8;0;0.02;0;0;0
17,9|17,8;0.0236;-20;0;0;0
0,3|17,19;0;0.66;0;0;0
0,2|16,19;0.6200001;0;0;0;0
0,3|15,19;0;0.6200001;0;0;0
0,2|14,19;0;0.6200001;0;0;0
0,1|14,18;0;0;0;0;0.6
0,1|14,17;0;0;0;0;0.58
0,1|13,17;0;0;0;0.54;0
1,1|12,17;0;0;0.54;0;0
0,1|11,17;0;0.54;0;0;0
0,0|11,16;0.5;0;0;0;0
0,1|10,16;0;0.5;0;0;0
0,0|9,16;0;0;0;0.46;0
1,0|8,16;0;0;0.46;0;0
0,0|7,16;0;0;0;0;0.44
0,0|7,15;0;0.42;0;0;0
0,0|6,15;0.4448;0;0;0;0
0,1|3,15;0.3;0;0;0;0
0,2|2,15;0.26;0;0;0;0
0,3|1,15;0;0;0;0.22;0
1,3|1,14;0.18;0;0;0;0
1,4|1,13;0;0;0;0.22;0
2,4|0,13;0;0;0;0.282856;0
2,4|0,11;0;0.18;0;0;0
2,3|0,10;0.14;0;0;0;0
2,4|0,9;0;0;0;0.158;0
3,5|0,7;0;0;0.0708;0;0
3,16|14,13;0;0.24;0;0;0
3,15|13,13;0;0;0.24;0;0
2,15|12,13;0.24;0;0;0;0
2,16|11,13;0.24;0;0;0;0
2,17|10,13;0;0;0.24;0;0
1,17|9,13;0;0;0;0;0.22
1,17|8,13;0;0.18;0.22;0;0
0,17|7,13;0;0.18;0;0;0
0,16|6,13;0;0;0.16;0;0
0,16|5,13;0.16;0;0;0;0
0,17|5,14;0.16;0;0;0;0.1697878
0,18|4,14;0;0.1416;0;0;0
0,18|3,15;0;0;0.1983401;0;0
0,18|2,15;0;0;0.1018894;0;0.08000001
0,18|1,16;0;0.0236;0;0;0
1,19|0,19;0;0;-20;0;0
4,4|18,19;0;0.58;0;0;0
4,3|18,18;0;0;0;0.54;0
5,3|18,17;0.5;0;0;0;0
5,4|18,16;0;0;0.5;0;0
4,4|18,15;0;0;0.5;0;0
3,4|18,14;0;0;0;0.46;0
4,4|18,13;0.42;0;0;0;0
4,5|17,13;0.38;0;0;0;0
4,6|16,13;0;0.38;0;0;0
4,5|15,13;0;0;0;0;0.36
4,5|14,13;0;0.79776;0;0;0
4,4|15,13;0.432;0;0.4;0;0
3,4|15,12;0;0;0.4;0;0
2,4|15,11;0.36;0;0;0;0
2,5|15,10;0;0.36;0;0;0
2,4|15,9;0;0.36;0;0;0
2,3|15,8;0.32;0;0;0;0
2,4|15,7;0.28;0;0;0;0
2,5|15,6;0;0;0;0;0.26
2,5|15,5;0.3;0;0;0;0
2,6|15,4;0;0;0;0;0.32
2,6|15,3;0.36;0;0;0;0
2,7|15,2;0;0;0;0.4248;0
3,8|12,1;0.3776;0;0;0;0
3,8|11,2;0.28;0;0;0;0
3,9|10,2;0;0;0;0;0.26
3,9|9,2;0;0;0.3068;0;0
3,9|8,3;0;0;0;0.18;0
4,9|8,4;0;0.14;0;0;0
4,8|8,5;0;0;0.14;0;0
3,8|7,5;0;0;0;0.116992;0
3,8|5,5;0;0;0.1;0;0
2,8|4,5;0.1108;0;0;0;0
2,10|2,8;0.04;0;0;0;0
2,11|2,9;0;0;0;0.04;0
7,9|3,19;0;0.28;0;0;0
7,8|3,18;0.24;0;0;0;0
7,9|3,17;0;0;0;0.24;0
8,9|3,16;0;0;0;0.24;0
9,9|4,16;0;0.24;0;0;0
9,8|4,15;0;0.22;0;0;0
9,8|5,15;0;0;0;0.22;0
10,8|5,14;0;0.2;0;0;0
10,8|5,13;0.3760214;0;0;0;0
10,8|8,13;0;0;0;0;0.12
10,8|8,12;0;0.1108;0;0;0
18,9|7,0;0;0;0.36;0;0
17,9|7,1;0;0;0.32;0;0
16,9|8,1;0;0.28;0;0;0
16,8|9,1;0;0;0.24;0;0
15,8|10,1;0;0;0;0;0.22
15,8|11,1;0;0;0;0;0.236
16,9|15,1;0.2052;0;0.14;0.18;0
17,9|15,2;0;0;0;0;0.16
17,9|15,3;0.16;0;0;0;0
17,10|15,4;0;0.12;0;0;0
17,9|16,4;0.12;0;0;0;0
17,10|16,5;0;0;0.08000001;0;0
16,10|16,6;0;0;0;0.08000001;0
17,10|16,7;0;0;0;0.08000001;0
18,10|17,7;0;0;0;0.08000001;0
19,10|18,7;0;0;0;0.06;0
19,10|19,7;0.06;0;0;0;0
19,11|19,8;0.06;0;0;0;0
19,12|19,9;0.06;0.02;0;0;0
19,13|19,10;0;0;0;0;0.0472
18,13|18,11;0.04;0;0;0;0
18,14|18,12;0;0;0;0.0436;0
19,2|13,16;0;0.4;0;0;0
19,1|14,16;0;0;0;0.38;0
19,1|15,16;0;0;0;0.36;0
19,1|16,16;0;0;0;0.34;0
19,1|16,15;0;0.34;0;0;0
19,0|17,15;0.3;0;0;0;0
19,1|17,14;0.3032;0;0;0;0
19,2|18,12;0.18;0;0;0;0
19,3|19,12;0.14;0;0;0;0
19,4|19,11;0;0;0.14;0;0
18,4|19,10;0;0;0;0.118;0
19,4|19,8;0;0;0;0;0.06
19,4|19,7;0;0;0;0;0.04
19,4|19,6;0;0;0.04;0.0236;0
18,4|18,5;0;0;0.02;0;0
17,4|18,4;0;0;0.02;0;0
17,5|17,4;0.02;-20;0;0;0
17,6|17,5;0;-20;0;0;0
17,5|17,5;0;0;0;0;0
1,14|16,0;0;0;0.58;0;0
0,14|16,1;0.58;0;0;0;0
0,15|15,1;0;0;0;0.54;0
1,15|15,2;0.54;0;0;0;0
1,16|15,3;0.54;0;0;0;0
1,17|15,4;0;0;0;0;0.52
1,17|15,5;0.52;0;0;0;0
1,18|15,6;0;0;0.52;0;0
0,18|15,7;0;0.48;0;0;0
0,17|15,8;0;0.44;0;0;0.46
0,17|15,9;0.46;0;0;0;0
0,18|15,10;0;0;0.44;0;0
0,18|15,11;0;0.4;0;0;0
0,17|15,12;0;0;0.38;0;0
0,17|15,13;0;0.34;0;0;0
0,16|14,13;0;0;0;0;0.32
0,16|13,13;0;0;0;0;0.3
0,16|12,13;0;0;0.28;0;0
0,16|11,13;0;0;0.26;0;0
0,16|10,13;0;0;0;0.22;0
1,16|9,13;0.2596;0;0;0;0
1,16|7,13;0;0;0;0.14;0
2,16|6,13;0.14;0;0;0;0
2,17|5,13;0;0;0;0.1144;0
3,17|4,14;0;0;0;0;0.0636
3,7|17,8;0;0;0;0;0.28
3,7|17,7;0.28;0;0;0;0
3,8|16,7;0;0;0.28;0;0
2,8|15,7;0;0.28;0;0;0
2,7|15,6;0.32;0;0;0;0
2,8|15,5;0;0;0.36;0;0
1,8|15,4;0.4;0;0;0;0
1,9|15,3;0;0;0.44;0;0
0,9|15,2;0;0;0;0.512;0
3,9|13,1;0;0;0;0;0.34
3,9|13,2;0.34;0;0;0;0
3,10|12,2;0;0;0;0;0.3776
1,11|9,3;0;0.28;0;0;0
1,10|8,3;0;0;0;0;0.315224
0,10|7,4;0;0;0.24;0;0
0,10|7,5;0;0;0;0;0.22
0,10|6,5;0;0;0.24248;0;0
1,10|4,5;0.1852;0;0;0;0
1,10|3,6;0;0;0;0;0.1
1,10|3,7;0.1;0;0;0.07209601;0
1,11|2,7;0.08000001;0;0;0;0
1,11|2,8;0.0636;0;0;0;0
1,11|2,10;0;0;0.04;0;0
0,11|1,10;0;0;0;0;0.02
0,11|0,10;0.0396;0;0;0;0
0,13|0,12;0.0236;0;-20;0;0
0,13|0,13;0;0;0;0;0
2,8|7,6;0;0;0.14;0;0
1,8|6,6;0.14;0;0;0;0
1,9|5,6;0.14;0;0;0;0
1,10|4,6;0.14;0;0;0;0
1,11|4,7;0;0.118;0;0;0
3,10|3,9;0;0;0;0.0236;0
4,10|4,11;0;0.02;0;0;0
4,9|4,10;0;0;0;0.02;0
5,9|5,10;0;0;0;-20;0
9,2|17,4;0;0;0;0;0.2124
9,3|16,3;0;0;0.1652;0;0
7,3|15,2;0;0;0;0;0.2
7,3|15,1;0;0.16;0;0;0
7,2|14,1;0;0;0.1852;0;0
5,2|11,1;0;0;0;0;0.12
5,2|10,1;0;0;0.1416;0;0
4,2|9,2;0;0.1;0;0;0
4,1|8,2;0;0.1;0;0;0
4,0|7,2;0;0;0;0.0636;0
5,0|6,1;0;0;0;0;0.02
5,0|6,0;0;0;0;-20;0
0,15|17,5;0.54;0;0;0;0
0,16|17,6;0;0;0.52;0;0
0,16|17,7;0;0;0.5;0;0
0,16|16,7;0.5;0;0;0;0
0,17|15,7;0;0;0;0;0.5628
0,16|15,9;0.44;0;0;0;0
0,17|15,10;0;0;0;0;0.4956
0,18|15,13;0.4;0;0;0;0
0,19|14,13;0.4448;0;0;0;0
0,18|11,13;0;0;0;0.28;0
1,18|10,13;0.3304;0;0;0;0
0,18|1,15;0.08000001;0;0;0;0
0,19|1,16;0;0;0;0;0.06720001
0,18|0,19;-20;0;0;0;0
3,10|16,12;0;0;0.420528;0;0
3,10|15,13;0;0.3;0;0;0
3,9|14,13;0;0;0;0;0.28
3,9|13,13;0;0;0;0;0.26
3,9|12,13;0.22;0;0;0;0
3,10|11,13;0;0.22;0;0;0
3,9|10,13;0.18;0;0;0;0
3,10|9,13;0;0;0;0;0.16
3,10|8,13;0;0;0;0.1344;0
3,11|2,13;0;0.118;0;0;0
12,15|13,16;-20;0;0;0;0
16,5|16,5;0;0;0;0;0
1,8|16,12;0;0;0.38;0;0
0,8|15,12;0;0.42;0;0;0
0,7|15,13;0.38;0;0;0;0
0,8|14,13;0;0;0;0.34;0
1,8|13,13;0;0;0;0;0.32
1,8|12,13;0;0;0.32;0;0
0,8|11,13;0;0;0.3;0;0
0,8|10,13;0;0;0;0.2996;0
0,8|8,13;0.22;0;0;0;0
0,9|7,13;0;0;0.2;0;0
0,9|6,13;0.16;0;0;0;0
0,10|5,13;0.12;0;0;0;0
0,11|4,13;0;0;0.1;0;0
0,11|3,13;0.06;0;0;0;0
0,12|2,13;0;0;0.0599008;0;0.054256
16,13|3,1;0.48;0;0;0;0
16,13|4,1;0;0;0;0.48;0
17,13|5,1;0.48;0;0;0;0
17,14|6,1;0.48;0;0;0;0
17,15|7,1;0.48;0;0;0;0
17,16|8,1;0;0;0.44;0;0
16,16|9,1;0;0;0;0.44;0
17,16|10,1;0;0;0;0;0.42
17,16|11,1;0.42;0;0;0;0
17,17|12,1;0;0;0;0.42;0
18,17|13,1;0;0;0;0;0.4
18,17|14,1;0;0.36;0;0;0
18,16|15,1;0;0.3704;0;0;0
18,16|15,3;0;0;0;0.32;0
19,16|15,4;0;0.28;0;0;0
19,15|15,5;0;0;0.2796;0;0
17,15|15,7;0;0;0;0;0.18
17,15|16,7;0.18;0;0;0;0
17,16|16,8;0;0.14;0;0;0
17,15|16,9;0;0;0;0.1652;0
19,15|17,10;0.169736;0;0;0;0
19,15|19,12;0;0;0;0.04;0
19,15|19,13;0;-20;0;0;0
2,19|5,17;0;0;0;0.07359154;0
7,0|2,13;0;0;0;0.4;0
8,0|1,13;0.4;0;0;0;0
8,1|0,13;0.4212;0;0;0;0
8,3|0,11;0.28;0;0;0;0
8,4|1,11;0.24;0;0;0;0
8,5|2,11;0;0.24;0;0;0
8,4|2,10;0.2;0;0;0;0
8,5|2,9;0;0;0.193984;0;0
7,6|2,7;0;0;0.08000001;0;0
6,6|3,7;0.06;0;0;0;0
6,6|4,7;0;0;0;0.06;0
7,6|5,7;0;0;0;0;0.04
7,6|5,6;0;0;0;0;0.02
7,6|6,6;0;0;-36;0;0
6,6|6,6;0;0;0;0;0
2,1|11,15;0;0;0.46;0;0
1,1|10,15;0;0;0;0;0.44
1,1|9,15;0.4;0;0;0;0
1,2|8,15;0.4176;0;0;0;0
2,4|5,15;0.24;0;0;0;0
2,5|5,14;0.2288;0;0;0;0
3,7|3,13;0.1416;0;0;0;0
4,8|0,13;0.1616;0;0;0;0
3,9|1,11;0;0;0.04;0;0
2,9|2,11;-20;0;0;0;0
10,13|6,3;0;0;0;0.28;0
11,13|6,4;0.26;0;0;0;0
11,13|6,5;0;0;0.22;0;0
10,13|6,6;0;0;0;0.22;0
11,13|7,6;0.2;0;0;0;0
11,13|8,6;0;0;0.16;0;0
10,13|9,6;0;0.12;0;0;0
10,12|10,6;0;0;0;0.12;0
11,12|11,6;0;0;0.1816;0;0
11,13|10,9;0.1735248;0;0;0;0
12,12|8,11;0;0;0;0.1;0
13,12|9,11;0.1;0;0;0;0
13,13|9,12;0;0;0.06648;0;0
0,6|0,11;0;0.220032;0;0;0
1,5|1,9;0;0;0;0;0.1188
1,5|1,8;0;0;0.06;0.06;0
2,5|2,8;0;0;0.06;0;0
1,5|2,7;0;0;0;0;0.04
1,5|2,6;0;0;0;0;0.02
1,5|2,5;0;0;0;0;-20
8,0|2,11;0;0;0.3;0;0
7,0|2,10;0;0.28;0;0;0
7,0|2,9;0.24;0;0;0;0
7,1|2,8;0;0;0.2;0;0
6,1|3,8;0;0;0.16;0;0
5,1|3,7;0;0;0.12;0;0
4,1|3,6;0.08000001;0;0;0;0
4,2|3,5;0;0;0.047128;0;0
2,2|3,3;-20;0.04;0;0;0
2,1|3,2;0;0;0.04;0;0
1,1|3,1;0;0;0;-20;0
2,1|2,1;0;0;0;0;0
15,5|3,10;0;0;0;0.34;0
16,5|3,9;0;0;0;0.34;0
17,5|4,9;0.3;0;0;0;0
17,6|4,8;0;0;0.26;0;0
16,6|5,8;0;0.26;0;0;0
16,5|5,7;0.22;0;0;0;0
16,6|5,6;0.22;0;0;0;0
16,7|6,6;0;0;0.18;0;0
15,7|7,6;0.18;0;0;0;0
15,8|8,6;0;0.2124;0;0;0
18,5|13,1;0;0;0;0;0.16
18,5|14,1;0.1852;0;0;0;0
18,5|17,1;0;0;0.06;0;0
17,5|17,2;0;0.02;0;0;0
17,4|17,3;0.0236;0;0.027128;0;0
17,18|12,18;0;0;0;0;0.08000001
17,18|13,18;0;0;0;0;0.06
17,18|14,18;0;0;0.0236;0;0
16,16|1,4;0;0.5;0;0;0
16,15|1,5;0.5;0;0;0;0
16,16|1,6;0.5828;0;0;0;0
16,16|0,11;0;0.507656;0;0;0
16,16|0,14;0;0;0;0;0.34
16,16|1,14;0;0;0;0;0.3704
16,15|2,15;0;0;0.2832;0;0
15,16|4,15;0.24;0;0;0;0
15,17|5,15;0.24;0;0;0;0
15,18|5,16;0.2796;0;0;0;0
14,19|9,17;0;0;0;0.1616;0
13,5|15,12;0.2052;0;0;0;0
12,6|14,13;0;0;0;0.14;0
13,6|13,13;0;0;0.14;0;0
12,6|12,13;0;0;0.14;0;0
11,6|11,13;0;0.14;0;0;0
11,5|11,12;0;0;0;0;0.12
11,5|11,11;0.1488;0;0;0;0
10,6|9,11;0;0;0;0;0.1652
10,5|9,9;0;0;0;0.113392;0
9,6|12,6;0.047848;0;0;0;0
9,6|10,6;0;0;0;-20;0
18,9|8,4;0;0.3;0;0;0
18,8|8,3;0.3468;0;0;0;0
19,9|10,3;0;0;0.26;0;0
18,9|11,3;0;0.22;0;0;0
18,8|12,3;0;0;0.18;0;0
17,8|13,3;0.22;0;0;0;0
17,9|13,2;0;0.22;0;0;0
17,8|13,1;0;0;0.2088;0;0
15,9|15,2;0;0;0;0;0.12
15,9|15,3;0;0;0;0;0.1
15,9|15,4;0;0;0;0;0.08000001
15,9|15,5;0.08000001;0;0;0;0
15,10|15,6;0;0;0;0.08000001;0
16,10|15,7;0;0;0;0.08000001;0
17,10|15,8;0;0.04;0;0;0
17,9|16,8;0;0;0;0;0.02
18,13|18,12;0.0236;0;0;0;0
17,14|18,14;0;0.0236;0;0;0
17,13|17,13;0;0;0;0;0
15,19|12,7;0;0;0;0.3;0
16,19|12,8;0.5616;0;0;0;0
16,19|12,9;0;0;0;0.6336;0
17,19|11,9;0;0;0.32;0.36;0
16,19|10,9;0;0;0;0;0.34
16,19|9,9;0.36;0;0;0;0
16,19|8,9;0.34;0;0;0;0
16,19|8,10;0.32;0;0;0;0
16,19|8,11;0.3;0;0;0;0
16,19|8,12;0;0;0.26;0;0
15,19|8,13;0.24;0;0;0;0
15,19|9,13;0;0;0;0;0.22
15,19|10,13;0;0;0;0;0.2
15,19|11,13;0.2088;0;0;0;0
15,18|13,13;0;0.1;0;0;0
15,17|14,13;0.1252;0;0;0;0
0,16|4,6;0.28;0;0;0;0
0,17|4,7;0;0.24;0;0;0
0,16|3,7;0;0;0.22;0;0
0,16|3,8;0.22;0;0;0;0
0,17|3,9;0.22;0;0;0;0
0,18|3,10;0;0;0.2;0;0
0,18|2,10;0;0.16;0;0;0
0,17|1,10;0;0.12;0;0;0
0,16|1,11;0;0;0.1144;0;0
0,17|0,12;0;0;0;0.1;0
1,17|0,13;0.118;0;0;0;0
0,18|0,15;0.06720001;0;0;0;0
6,18|6,6;0.28;0;0;0;0
6,19|5,6;0;0;0;0.3232;0
7,19|5,8;0;0;0;0;0.2796
6,19|5,11;0;0;0.18;0;0
5,19|4,11;0;0;0.280152;0;0
2,16|1,14;0.06;0;0;0;0
2,17|1,15;0;0.02;0;0;0
2,16|2,15;0.02438564;0;0;0;0
9,15|3,7;0;0.26;0;0;0
9,15|3,8;0;0;0.22;0;0
8,15|3,9;0;0.2;0;0;0
8,15|3,10;0;0.18;0;0;0
8,15|3,11;0.22;0;0;0;0
8,16|2,11;0;0;0;0;0.2904
9,15|0,12;0;0;0.25832;0;0
7,15|0,14;0.16;0;0;0;0
7,16|0,15;0.1816;0;0;0;0
7,17|2,16;0.12;0;0;0;0
7,18|3,16;0;0.08000001;0;0;0
7,17|4,16;0.08000001;0;0;0;0
7,18|5,16;0.08000001;0;0;0;0
7,19|5,17;0;0.0472;0;0;0
18,0|2,17;0;0;0;0;0.64
18,0|3,17;0;0;0.6;0;0
17,0|3,16;0.56;0;0;0;0
17,1|4,16;0;0;0;0;0.54
17,1|4,15;0;0;0;0.54;0
18,1|4,14;0;0;0.5;0;0
17,1|5,14;0;0.5;0;0;0
17,0|5,13;0;0;0;0.5;0
18,0|6,13;0;0;0.46;0;0
17,0|7,13;0;0;0;0.46;0
18,0|8,13;0.42;0;0;0;0
18,1|9,13;0;0;0;0;0.4
18,1|10,13;0;0.4;0;0;0
18,0|11,13;0.36;0;0;0;0
18,1|12,13;0;0.36;0;0;0
18,0|13,13;0;0;0;0.36;0
19,0|14,13;0;0;0;0.3976;0
19,0|15,12;0;0;0;0;0.3468
18,0|16,11;0;0;0;0.26;0
19,0|17,11;0.22;0;0;0;0
19,1|17,10;0;0;0;0;0.2
19,1|17,9;0;0;0;0.2088;0
19,0|17,7;0;0;0.158;0;0
18,0|17,5;0;0;0.08000001;0;0
17,0|17,4;0.04;0.06720001;0;0;0
7,9|3,1;0;0;0;0.24;0
8,9|3,2;0;0;0;0;0.2596
8,9|3,4;0;0.16;0;0;0
8,8|4,4;0.1852;0;0;0;0
8,8|6,4;0;0;0;0;0.1
8,8|6,5;0.1;0;0;0;0
8,9|6,6;0;0.06;0;0;0
8,8|7,6;0.06;0;0;0;0
8,9|8,6;0;0;0;0.0744;0
8,9|11,6;0;0;0;0;0.14
8,9|12,6;0;0;0.14;0;0
7,9|12,7;0;0;0.12;0;0
7,9|12,8;0;0;0;0;0.1
7,9|11,8;0;0;0.08000001;0;0
7,9|11,9;0;0;0;0.04;0
8,9|10,9;0;0.04;0;-20;0
7,2|11,15;0;0;0.34;0;0
6,2|10,15;0;0;0;0.3;0
7,2|9,15;0;0;0;0;0.28
7,2|8,15;0;0.28;0;0;0
7,1|7,15;0.28;0;0;0;0
7,2|6,15;0.28;0;0;0;0
7,3|5,15;0;0;0;0;0.26
7,3|5,14;0.22;0;0;0;0
7,4|5,13;0.22;0;0;0;0
7,5|4,13;0;0;0;0;0.24
7,5|3,13;0;0;0;0.3304;0
7,4|0,12;0;0;0;0;0.28
7,4|0,11;0;0;0.24;0;0
6,4|0,10;0.2;0;0;0;0
6,5|0,9;0;0.2;0;0;0
6,4|0,8;0;0;0.16;0;0
5,4|1,8;0;0;0;0.16;0
6,4|2,8;0.12;0;0;0;0
6,5|3,8;0;0;0;0;0.1
6,5|3,7;0.06;0;0;0;0
6,6|3,6;0;0;0.02724464;0;0
6,6|5,6;-20;0.0236;0;0.02;0
18,2|12,0;0;0;0;0.16;0
19,2|13,0;0.16;0;0;0;0
19,3|14,0;0.16;0;0;0;0
19,4|15,0;0;0;0;0;0.14
19,4|16,0;0;0.1;0;0;0
19,3|16,1;0;0;0.06;0;0
18,3|16,2;0;0;0.02;0;0
17,3|17,2;0;0;0;0;-20
17,3|17,3;0;0;0;0;0
0,1|11,13;0;0.46;0;0;0
0,0|10,13;0;0;0;0;0.44
0,0|9,13;0;0;0;0.4;0
1,0|8,13;0.36;0;0;0;0
1,1|7,13;0;0.36;0;0;0
1,0|6,13;0.32;0;0;0;0
1,1|5,13;0;0.32;0;0;0
1,0|4,13;0;0;0;0;0.3
1,0|3,13;0.26;0;0;0;0
1,1|2,13;0;0;0.3080111;0;0
1,1|0,12;0.2;0;0;0;0
1,2|0,11;0;0;0.16;0;0
0,2|0,10;0;0;0;0.1816;0
1,1|0,8;0.12;0;0;0;0
1,2|0,7;0;0;0.0944;0;0
1,0|1,1;0;0;0;0.02;0
2,0|1,0;0;-20;0;0;0
2,0|2,0;0;0;0;0;0
0,10|8,18;0;0.32;0;0;0
0,9|7,18;0.28;0;0;0;0
0,10|7,17;0;0.28;0;0;0
0,9|7,16;0;0;0;0;0.26
0,9|6,16;0;0;0;0;0.24
0,9|5,16;0.2;0;0;0;0
0,10|4,16;0.16;0;0;0;0
0,11|4,15;0;0;0.14;0;0
0,11|3,15;0;0;0;0;0.12
0,11|3,14;0.095696;0;0;0;0
1,9|1,9;0;0;0;0;0
11,6|5,9;0.16;0;0;0;0
11,6|5,8;0;0;0.12;0;0
10,6|5,7;0;0;0.08000001;0;0
9,6|5,6;0;0;0;0;0.06
9,6|6,6;0;0.06;0;0;0
9,5|6,5;0;0;0.02;0;0
8,5|7,5;0.02;0;0;0;0
8,6|7,6;0;0.0236;0;0;0
15,9|2,2;0;0.36;0;0;0
15,8|3,2;0;0;0;0;0.34
15,8|4,2;0.34;0;0;0;0
15,9|5,2;0.34;0;0;0;0
15,10|6,2;0.34;0;0;0;0
15,11|7,2;0.34;0;0;0;0
15,12|8,2;0;0;0;0;0.32
15,12|9,2;0.32;0;0;0;0
15,13|10,2;0.3;0;0;0;0
15,13|11,2;0;0;0;0.3;0
16,13|12,2;0.3376;0;0;0;0
15,12|15,4;0;0;0.14;0;0
15,12|15,5;0.158;0;0;0;0
15,13|15,9;0;0.048496;0;0;0
16,12|15,12;0.04248;0;0;0;0
4,14|16,7;0;0;0;0;0.36
4,14|16,8;0;0;0;0;0.34
4,14|16,9;0;0;0;0;0.32
4,14|16,10;0.374;0;0;0;0
3,17|10,13;0;0;0;0.18;0
4,17|9,13;0;0;0;0;0.16
4,17|8,13;0.1888;0;0;0;0
4,17|5,15;0.06;0;0;0;0
4,18|5,16;0;0;0.06;0;0
3,18|5,17;0;0.02;0;0;0
3,17|4,17;0;0;0;-20;0
10,0|18,7;0.26;0;0;0;0
10,1|17,7;0.22;0;0;0;0
10,2|17,6;0;0;0;0;0.2
10,2|17,5;0.1816;0;0;0;0
11,3|15,5;0.1;0;0;0;0
11,3|15,4;0.1015899;0;0;0;0
10,3|14,1;0.1;0;0;0;0
10,3|13,1;0;0;0;0;0.0944
1,16|17,7;0.5;0;0;0;0
1,17|17,8;0;0;0;0;0.48
1,17|17,9;0;0;0.5628;0;0
0,16|16,10;0;0;0;0.4;0
1,16|15,10;0.4;0;0;0;0
1,17|15,11;0.4;0;0;0;0
1,18|15,12;0;0;0;0.36;0
2,18|15,13;0.36;0;0;0;0
2,19|14,13;0.34;0;0;0;0
2,19|13,13;0;0;0;0.3504;0
3,19|10,13;0;0;0.3068;0;0
2,18|8,13;0;0;0.22;0;0
1,18|7,13;0.2524;0;0;0;0
2,19|5,15;0;0;0;0;0.12
2,19|5,16;0.1;0;0;0;0
2,19|4,16;0.08000001;0;0;0;0
2,19|3,16;0;0;0;0.04796464;0
17,0|8,3;0;0;0;0;0.22
17,0|9,3;0.18;0;0;0;0
17,1|10,3;0.14;0;0;0;0
17,2|11,3;0.118;0;0;0;0
18,3|13,3;0;0.1;0;0;0
18,2|13,2;0;0;0;0;0.12
18,2|13,1;0;0;0.088496;0;0
17,2|16,1;0.04;0;0;0;0
17,3|16,2;0;0;0;0.0539968;0
19,3|17,3;0;0;-20;0;0
18,3|18,3;0;0;0;0;0
5,16|17,16;0.24;0;0;0;0
5,17|16,16;0;0;0;0;0.2596
4,17|15,17;0;0;0.22;0;0
3,17|14,17;0;0;0;0.18;0
4,17|13,17;0.18;0;0;0;0
4,18|12,17;0;0;0;0.14;0
5,18|11,17;0;0;0.14;0;0
4,18|10,17;0;0.1;0;0;0
4,17|9,17;0;0;0.1;0;0
3,17|8,17;0.1;0;0;0;0
3,18|7,17;0;0.0708;0;0;0
18,8|0,11;0;0;0;0.46;0
19,8|0,12;0;0;0;0.48;0
19,8|0,13;0;0.48;0;0;0
19,7|1,13;0;0;0;0.46;0
19,7|2,13;0;0;0;0;0.44
19,7|3,13;0;0;0;0.42;0
19,7|4,13;0.38;0;0;0;0
19,8|5,13;0;0;0.34;0;0
18,8|6,13;0.3;0;0;0;0
18,9|7,13;0;0.3;0;0;0
18,8|8,13;0.26;0;0;0;0
18,9|9,13;0;0.26;0;0;0
18,8|10,13;0;0;0;0;0.24
18,8|11,13;0;0;0;0.24;0
19,8|12,13;0;0.24;0;0;0
19,7|13,13;0;0;0.236;0;0
18,8|15,13;0;0;0.12;0;0
17,8|15,12;0;0;0;0.12;0
18,8|15,11;0.08000001;0;0;0.1344;0
18,9|15,10;0;0;0;0;0.06
18,9|15,9;0.06;0;0;0;0
18,10|16,9;0;0;0;0.06;0
19,10|16,10;0;0;0;0.0483664;0
6,15|10,18;0.1;0;0;0;0
6,16|10,17;0;0;0;0;0.08000001
6,16|9,17;0.04;0;0;0;0
6,17|8,17;0.0436;0;0.04;0;0
6,17|7,18;0;0.0472;0;0;0
17,15|4,5;0;0;0;0.46;0
18,15|5,5;0;0;0.42;0;0
17,15|6,5;0;0.38;0;0;0
17,14|7,5;0.452;0;0;0;0
17,15|8,6;0.36;0;0;0;0
17,16|9,6;0.36;0;0;0;0
17,17|10,6;0;0;0.32;0;0
16,17|11,6;0.3704;0;0;0;0
16,18|12,7;0.3504;0;0;0;0
18,19|10,9;0;0;0;0.4;0
19,19|9,9;0;0;0;0;0.42
19,19|8,9;0.4;0;0;0;0
19,19|8,10;0.38;0;0;0;0
19,19|8,11;0;0.34;0;0;0
19,18|9,11;0;0;0.3;0;0
18,18|10,11;0;0.3068;0;0;0
17,18|12,12;0;0.18;0;0;0
17,17|12,13;0;0;0;0.18;0
18,17|13,13;0;0;0;0.2124;0
3,4|6,5;0;0;0.0944;0;0
2,6|4,4;0.08000001;0.04;0;0;0
2,7|4,5;0;0;0;0;0.064248
3,0|6,5;0.12;0;0;0;0
3,1|5,5;0;0;0;0.08000001;0
4,1|5,4;0;0;0;0.0472;0
5,0|5,1;-20;0;0;0;0
7,0|15,10;0;0;0;0.32;0
8,0|15,9;0.28;0;0;0;0
8,1|15,8;0;0;0;0.24;0
9,1|15,7;0.2;0;0;0;0
9,2|15,6;0;0;0;0;0.229896
9,2|15,1;0;0;0;0.1108;0
10,3|13,2;0.06720001;0;0;0;0
5,4|2,7;0.08000001;0;0;0;0
5,5|2,6;0.04;0;0;0;0
5,6|3,6;0;0;-20;0;0
4,6|4,6;0;0;0;0;0
1,2|12,11;0;0;0.4;0;0
0,2|11,11;0.36;0;0;0;0
0,3|10,11;0.32;0;0;0;0
0,4|9,11;0.28;0;0;0;0
0,5|8,11;0;0;0;0;0.26
0,5|7,11;0;0;0.28;0;0
0,5|7,12;0;0;0;0;0.3
0,5|7,13;0.26;0;0;0;0
0,6|6,13;0;0;0;0;0.24
0,6|5,13;0;0;0.22;0;0
0,6|4,13;0;0;0;0;0.2
0,6|3,13;0;0.2324;0;0;0
1,5|1,13;0.1816;0.269984;0;0;0
1,5|0,12;0;0;0.12;0;0
0,5|0,11;0;0.12;0;0;0
0,4|0,10;0;0;0;0.12;0
1,4|1,10;0.0908;0;0;0;0
0,5|1,7;0;0;0;0.0236;0
2,5|2,6;0;0;0;0.02;0
15,13|13,18;0;0;0.118;0;0
15,13|15,18;0;0;0;0.1144;0
16,13|15,16;0.06;0;0;0;0
16,13|15,15;0;0;0;0.06;0
17,13|16,15;0;0;0;0;0.0436
16,12|16,13;0;0.0236;0;0;0
5,18|16,17;0;0;0;0;0.2596
5,17|14,17;0.2124;0;0;0;0
5,17|12,17;0.1652;0;0.14;0;0
6,17|10,18;0;0;0;0.06;0
7,17|9,18;0;0;0;0.0236;0
0,3|4,0;0;0;0;0;0.12
0,3|4,1;0.12;0;0;0;0
0,4|3,1;0;0;0;0.08000001;0
1,4|2,1;0;0;0;0.04;0
2,4|2,2;0.04;0;0;0;0
2,5|2,3;0;0;0;0;0.0236
4,14|6,17;0;0;0;0;0.08000001
4,14|5,17;0.04;0;0;0;0
4,15|5,16;0;0.04;0;0;0
4,14|5,15;0;0;0.04;0;0
3,14|4,15;-20;0;0.0472;0;0
19,0|15,3;0;0;0;0.12;0
19,0|15,2;0.08000001;0;0;0;0
19,1|16,2;0.04;0;0;0;0
19,2|17,2;0;0;0;0;0.02
13,19|3,6;0;0;0;0;0.44
13,19|3,7;0;0;0;0;0.42
13,19|3,8;0;0.38;0;0;0
13,18|3,9;0;0;0.34;0;0
12,18|3,10;0.34;0;0;0;0
12,19|3,11;0;0.4084;0;0;0
12,19|1,11;0;0;0;0;0.4684
11,19|0,12;0;0;0.3704;0;0
9,19|1,13;0;0;0.24;0;0
8,19|2,13;0.22;0.2;0;0;0
8,19|3,13;0;0;0;0;0.2
8,19|3,14;0.18;0;0;0;0
8,19|3,15;0;0;0;0.18;0
9,19|4,15;0;0;0.1616;0;0
8,18|7,15;0.08000001;0;0;0;0
8,19|8,15;0;0;0;0;0.06
8,19|8,16;0.04;0;0;0;0
8,19|8,17;0.02;0;0;0;0
0,0|8,12;0;0.4484;0;0;0
0,0|7,13;0;0.38;0;0;0
0,0|6,13;0.34;0;0;0;0
0,1|5,13;0;0.34;0;0;0
0,0|4,13;0;0.32;0;0;0
0,0|3,13;0;0.3;0;0;0
0,0|2,13;0;0;0.3268;0;0
1,1|1,9;0;0;0;0.16;0
2,1|1,8;0;0.16;0;0;0
2,0|2,8;0;0;0.16;0;0
1,0|2,7;0;0;0;0.12;0
2,0|2,6;0.088496;0;0;0;0
17,7|14,1;0;0;0;0;0.16
17,7|15,1;0;0;0.12;0;0
16,7|15,2;0;0.08000001;0;0.12;0
16,6|15,3;0.08000001;0;0;0;0
16,7|16,3;0;0;0;0;0.06
16,7|16,4;0.0708;0;0;0;0
19,7|8,8;0;0;0;0.26;0
19,7|8,9;0;0.3;0;0;0
19,6|8,10;0;0;0.3;0;0
18,6|8,11;0;0;0.26;0;0
17,6|9,11;0.22;0;0;0;0
17,7|10,11;0.18;0;0;0;0
17,8|11,11;0;0;0;0.18;0
18,8|12,11;0;0;0;0;0.16
18,8|13,11;0;0.2;0;0;0
18,7|13,12;0;0;0;0;0.22
18,7|13,13;0;0;0;0.22;0
19,7|14,13;0.2052;0;0;0;0
18,8|15,12;0;0;0;0;0.1344
19,7|16,10;0;0.12;0;0;0
19,6|16,9;0;0;0;0;0.1
19,6|16,8;0;0;0;0;0.08000001
19,6|17,8;0.04;0;0;0;0
19,7|17,7;0.04;0;0;0;0
19,8|17,8;0.0436;0;0;0;0
19,10|19,8;0;0;0.04;0.02;0
19,10|19,9;0.02;0;0;0;0
19,11|19,10;0.02724464;-20;0;0;0
8,15|2,1;0;0;0;0;0.38
8,15|2,2;0;0;0;0;0.36
8,15|2,3;0;0;0;0.36;0
9,15|2,4;0.36;0;0;0;0
9,16|2,5;0;0;0;0;0.34
9,16|2,6;0.34;0;0;0;0
9,17|2,7;0;0;0;0;0.32
9,17|2,8;0.32;0;0;0;0
9,18|2,9;0.32;0;0;0;0
9,19|2,10;0;0;0;0;0.367968
7,19|0,12;0.26;0;0;0;0
7,19|0,13;0;0;0;0.352016;0
8,18|3,13;0;0;0;0.2;0
9,18|4,13;0;0;0;0.2;0
10,18|5,13;0;0;0;0.2;0
11,18|5,14;0;0;0.1816;0;0
9,17|6,16;0;0;0;0;0.06
9,17|7,16;0;0;0;0;0.05372464
10,17|8,17;0.04;0;0;0;0
10,18|9,17;0;-20;0;0;0
3,2|9,17;0;0;0;0;0.4
3,2|9,16;0.4176;0;0;0;0
4,3|7,16;0;0;0.32;0;0
3,3|6,16;0;0;0;0;0.3
3,3|5,16;0;0;0;0;0.28
3,3|4,16;0.24;0;0;0;0
3,4|3,16;0.2;0;0;0;0
3,5|3,15;0;0;0;0;0.18
3,5|3,14;0;0;0;0;0.16
3,5|3,13;0;0.2;0;0;0
3,4|2,13;0;0;0.236;0;0
1,3|0,9;0;0;0.2383992;0;0
9,12|5,15;0;0;0.1;0;0
8,12|5,14;0.06;0;0;0;0
8,13|5,13;0;0;0;0.06;0
9,13|6,13;0.0436;0;0;0;0
9,12|8,13;0;0.04;0;0;0
9,11|9,13;-20;0;0;0;0
19,2|7,9;0;0;0;0.36;0
19,2|8,9;0;0;0;0.38;0
19,2|8,10;0;0.42;0;0;0
19,1|8,11;0.38;0;0;0;0
19,2|9,11;0;0.4412;0;0;0
19,0|11,11;0;0;0;0;0.36
19,0|12,11;0;0.34;0;0;0
19,0|13,11;0.34;0;0;0;0
19,1|13,12;0;0;0.34;0;0
18,1|13,13;0;0;0.3;0;0
17,1|14,13;0;0;0.26;0;0
16,1|15,13;0;0.26;0;0;0
16,0|15,12;0.22;0;0;0;0
16,1|15,11;0.18;0;0;0;0
16,2|16,11;0;0;0.18;0;0
15,2|16,10;0;0.18;0;0;0
15,1|16,9;0;0;0;0.14;0
16,1|16,8;0;0.14;0;0;0
16,0|16,7;0;0;0.14;0;0
15,0|15,7;0.1108;0;0;0;0
15,1|15,3;-20;0;0;0;0
15,2|15,2;0;0;0;0;0
4,14|5,4;0.22;0;0;0;0
4,15|5,5;0.22;0;0;0;0
4,16|5,6;0;0;0.2596;0;0
3,17|5,8;0;0;0;0;0.2
3,17|5,9;0;0;0;0;0.18
3,17|5,10;0;0;0;0.14;0
4,17|4,10;0;0;0;0;0.12
4,17|4,11;0;0;0;0.16;0
5,17|3,11;0.2;0;0;0;0
5,18|2,11;0;0.2432;0;0;0
2,18|0,15;0;0;0;0;0.096344
2,18|0,17;0;0;0.0276464;0;0
8,3|6,2;0;0;0;0;0.04
8,3|7,3;0;0;0;0.0236;0
8,11|7,5;0.14;0;0;0;0
8,12|7,6;0;0;0.14;0;0
7,12|8,6;0;0.189896;0;0;0
9,11|12,9;0;0.08000001;0;0;0
9,11|11,9;0;0;0;0.04;0
10,11|10,9;0.08000001;0;0;0;0
10,12|9,9;0.12;0;0;0;0
10,13|8,9;0;0;0;0;0.1
10,13|8,10;0;0;0.06;0;0.08000001
10,13|8,11;0;0.04;0;0;0
10,12|9,11;0.04;0;0;0;0
10,13|9,12;0.02;0;0;0;0
10,13|9,13;-20;0;0;0;0
7,18|7,12;0.1452;0;0;0;0
8,19|5,16;0;0;0.0908;0;0
8,13|10,3;0;0.2;0;0;0
8,12|9,3;0;0;0;0;0.18
8,12|8,3;0.18;0;0;0;0
8,13|8,4;0;0.14;0;0;0
8,12|8,5;0.14;0;0;0;0
8,13|8,6;0;0;0.2196;0;0
7,12|12,7;0.236;0;0;0;0
7,13|11,8;0;0;0;0.14;0
8,13|11,9;0;0;0;0.1;0
9,13|10,9;0;0;0;0;0.08000001
9,13|9,9;0.1;0;0;0;0
9,13|8,9;0;0;0.06;0.1144;0
9,13|8,11;0;0;0;0.06;0
10,13|9,11;0;0;0.02;0;0
9,13|9,12;-20;0;0;0;0
16,3|10,11;0;0;0.24;0;0
15,3|11,11;0;0;0.22;0;0
15,3|12,11;0;0.22;0;0;0
15,2|13,11;0.22;0;0;0;0
15,3|13,12;0.22;0;0;0;0
15,4|13,13;0;0.22;0;0;0
15,3|14,13;0;0.22;0;0;0
15,2|15,13;0.18;0;0;0;0
15,3|15,12;0;0;0;0.18;0
16,3|15,11;0;0;0;0.18;0
17,3|15,10;0;0;0;0.18;0
18,3|15,9;0;0;0;0.18;0
19,3|15,8;0.14;0;0;0;0
19,4|16,8;0;0;0;0.12;0
19,4|16,7;0;0;0;0;0.1
19,4|17,7;0.0636;0;0;0;0
19,5|18,6;0;0.044248;0;0;0
18,4|18,6;0;0.04;0;0;0
18,3|18,5;0;0;0.04;0;0
17,3|18,4;0;0;0.04;0;0
16,3|17,4;0;0;0;0;0.0236
16,19|15,17;0;0.02724464;0;0;0
16,17|16,17;0;0;0;0;0
3,15|13,18;0.22;0;0;0;0
3,16|13,17;0;0;0;0.18;0
4,16|12,17;0;0.18;0;0;0
4,15|11,17;0;0;0.18;0;0
3,15|11,16;0;0;0;0.14;0
4,15|10,16;0.1;0;0;0;0
4,16|9,16;0.1;0;0;0;0
4,17|8,16;0.1;0;0;0;0
4,18|8,17;0;0.072744;0;0;0
3,15|4,17;0;0;0;0;0.04
3,15|4,16;0;0.048496;0;0;0
9,6|12,0;0;0.14;0;0;0
9,5|11,0;0.158;0;0;0;0
11,5|8,3;0.13564;0;0;0;0.08000001
11,5|8,4;0;0;0.04648;0;0
1,5|16,18;0;0.56;0;0;0
1,4|15,18;0.52;0;0;0;0
1,5|14,18;0;0.52;0;0;0
1,4|13,18;0;0.52;0;0;0
1,3|12,18;0;0;0;0;0.5
1,3|11,18;0.46;0;0;0;0
1,4|11,17;0.42;0;0;0;0
1,5|10,17;0.38;0;0;0;0
1,6|10,16;0;0;0.38;0;0
0,6|9,16;0.34;0;0;0;0
0,7|8,16;0;0.34;0;0;0
0,6|7,16;0;0;0;0.3;0
1,6|7,15;0.26;0;0;0;0
1,7|6,15;0;0;0;0.22;0
2,7|5,15;0.18;0;0;0;0
2,8|4,15;0;0;0;0.14;0
3,8|3,15;0.1;0;0;0;0
3,9|3,14;0;0.118;0;0;0
1,2|1,5;0;0;0;0;0.04
1,2|1,4;-20;0;0;0;0
17,9|1,4;0;0;0.38;0;0
16,9|2,4;0;0;0;0.38;0
17,9|3,4;0.38;0;0;0;0
17,10|4,4;0;0;0;0;0.36
17,10|5,4;0;0;0;0.36;0
18,10|6,4;0.36;0;0;0;0
18,11|7,4;0.432;0;0;0;0
19,11|11,3;0;0;0;0.3;0
19,11|12,3;0;0;0;0;0.28
19,11|13,3;0;0.334;0;0;0
19,9|13,1;0;0;0;0;0.26
19,9|14,1;0.26;0.22;0;0;0
19,10|15,1;0.26;0;0;0;0
19,11|16,1;0.2996;0;0;0;0
19,11|17,2;0;0.18;0;0;0
19,10|17,3;0.18;0;0;0;0
19,11|18,3;0;0;0;0;0.16
19,11|18,4;0;0.1344;0;0;0
19,9|19,5;0;0.04;0;0;0
18,10|18,8;0;-20;0;0;0
17,16|19,11;0;0;0;0;0.12
17,16|19,12;0;0;0;0.08720001;0
6,13|9,9;0;0;0;0;0.234
6,13|8,9;0.1;0;0;0.08000001;0
6,13|8,10;0.08000001;0;0;0;0
6,13|7,10;0;0;0.1584;0;0
5,13|7,11;0.08000001;0;0;0.04;0
5,14|7,12;0.08000001;0;0;0;0
5,15|7,13;0;0;0.09699201;0;0
4,15|5,14;0;0;0;0;0.02436464
6,15|5,18;0;0;0.04;0;0
5,15|5,17;0;0;0.04;0;0
4,15|4,17;-20;0;0;0;0
13,8|15,15;0;0.22;0;0;0
13,7|16,15;0.2524;0;0;0;0
12,8|17,14;0;0;0.22;0;0
11,8|17,13;0.18;0;0;0;0
11,9|16,13;0;0.2090232;0;0;0
12,7|13,12;0;0;0;0;0.1108
12,8|8,11;0.118;0;0;0;0
11,18|19,18;0;0;0;0;0.14
11,18|18,18;0.14;0;0;0;0
11,19|17,18;0.12;0;0;0;0
11,19|16,18;0.1;0;0;0;0
11,19|15,18;0;0.0708;0;0;0
11,17|14,17;0;0;0;0;0.04
11,17|13,17;0;0.04;0;0;0
11,16|12,17;-20;0;0;0;0
6,13|13,9;0;0;0;0;0.2
6,13|12,9;0.2088;0;0;0;0
7,13|7,9;0;0;0.0944;0;0
6,13|7,12;0.02;0;0;0;0
6,13|7,13;-20;0;0;0;0
11,0|5,18;0;0;0;0.48;0
12,0|5,17;0;0.46;0;0;0
12,0|5,16;0.42;0;0;0;0
12,1|5,15;0;0;0.38;0;0
11,1|5,14;0.34;0;0;0;0
11,2|5,13;0;0.34;0;0;0
11,1|6,13;0;0.34;0;0;0
11,0|7,13;0;0.32;0;0;0
11,0|7,12;0;0.3;0;0;0
11,0|7,11;0;0.28;0;0;0
11,0|7,10;0.24;0;0;0;0
11,1|8,10;0;0;0;0;0.22
11,1|8,9;0.18;0;0;0;0
11,2|8,8;0;0.18;0;0;0
11,1|9,8;0;0;0;0.18;0
12,1|10,8;0;0;0;0.18;0
13,1|11,8;0;0.18;0;0;0
13,0|12,8;0.14;0;0;0;0
13,1|12,7;0;0;0;0.14;0
14,1|12,6;0;0;0;0;0.12
14,1|12,5;0;0;0;0;0.14
14,1|11,5;0.1924;0;0;0;0
13,1|8,4;0;0;0;0;0.158
13,0|9,3;0.1;0;0;0;0
13,1|10,3;0;0;0;0.1;0
14,1|10,2;0.08000001;0;0;0;0
14,1|11,2;0.06;0;0;0;0
14,1|12,2;0;0;0;0;0.04
14,1|13,2;0.02;0;0;0;0
14,1|13,1;-20;0;0;0;0
14,1|14,1;0;0;0;0;0
10,16|8,6;0;0.2;0;0;0
10,15|9,6;0.2;0;0;0;0
10,16|10,6;0;0;0;0;0.22
10,16|11,6;0;0.2596;0;0;0
9,16|12,8;0;0.18;0;0;0
9,15|12,9;0;0;0;0;0.16
9,15|11,9;0.16;0;0;0;0
9,16|10,9;0;0;0;0;0.14
9,16|9,9;0;0;0.14;0;0
8,16|8,9;0;0;0.14;0;0
7,16|8,10;0.14;0;0;0;0
7,17|7,10;0;0;0;0.14;0
8,17|7,11;0;0;0;0;0.12
8,17|7,12;0.1416;0;0;0;0
8,17|6,13;0;0;0;0.1888;0
9,17|5,14;0;0;0;0.1652;0
10,16|6,15;0;0;0.06;0;0
9,16|6,16;0;0;0;0;0.04
9,16|7,16;0;0.0552928;0;0;0
18,5|14,15;0;0.28;0;0;0
18,4|15,15;0;0;0.24;0;0
17,4|16,15;0;0.24;0;0;0
17,3|17,15;0;0;0;0;0.22
17,3|17,14;0.18;0;0;0;0
17,4|17,13;0;0;0;0.18;0
18,4|17,12;0;0;0.14;0;0
17,4|17,11;0;0.158;0;0;0
17,3|17,9;0;0;0;0.12;0
18,3|17,8;0;0.12;0;0;0
18,2|18,8;0.0944;0;0;0;0
16,3|17,6;0;0;0;0.04;0
17,2|17,4;0;0;0.04;0;0
16,2|17,3;0;0;0;0;0.02
16,2|16,3;0;0;0.0236;0;0
0,6|5,18;0;0;0.32;0;0
0,6|4,18;0;0.32;0;0;0
0,5|4,17;0.28;0;0;0;0
0,6|4,16;0;0;0;0.24;0
1,6|3,16;0.2;0;0;0;0
1,7|3,15;0;0;0.2288;0;0
0,7|2,14;0;0;0;0;0.16
0,7|2,13;0;0;0.17564;0;0
2,4|0,6;0;0;0.04;0;0
1,4|0,5;0;0;-20;0;0
3,11|15,15;0.3;0;0;0;0
3,11|14,15;0;0;0;0.26;0
4,11|13,15;0;0;0;0.22;0
5,11|12,15;0;0.22;0;0;0
5,10|11,15;0;0.22;0;0;0
5,9|10,15;0;0;0;0;0.2
5,9|9,15;0.16;0;0;0;0
5,10|8,15;0.12;0;0;0;0
5,11|7,15;0.1;0;0;0;0
5,11|6,15;0.08000001;0;0;0;0
5,11|5,15;0;0;0.08000001;0;0
4,11|5,14;0;0.08000001;0;0;0
4,10|4,14;0.06916001;0;0;0;0
0,6|8,0;0.28;0;0;0;0
0,7|8,1;0.28;0;0;0;0
0,8|8,2;0;0;0;0;0.26
0,8|8,3;0;0;0.24;0;0
0,8|7,3;0.24;0;0.22;0;0
0,8|7,4;0;0;0.2;0;0
0,8|7,5;0.2421171;0;0;0;0
0,10|4,5;0;0;0;0;0.16
0,10|3,5;0.193336;0;0;0;0
0,11|3,7;0.16484;0;0;0;0
0,11|0,8;0;0.02;0;0;0
0,9|8,2;0;0;0.28;0;0
0,9|7,2;0;0.2796;0;0;0
0,9|6,3;0.24;0;0;0;0
0,10|5,3;0.24;0;0;0;0
0,11|4,3;0;0;0;0.2;0
1,11|4,4;0;0;0;0.16;0
2,11|3,4;0;0;0.16;0;0
1,11|2,4;0.1616;0;0;0;0
1,11|1,8;0.04;0;0;0;0
1,11|1,9;0;0;0;0;0.0236
17,12|3,16;0;0.36;0;0;0
17,11|4,16;0;0;0.32;0;0
16,11|4,15;0.28;0;0;0;0
16,12|4,14;0;0;0.24;0;0
15,12|5,14;0;0.2832;0;0;0
16,11|6,13;0.236;0;0;0;0
16,11|12,13;0;0;0;0;0.1144
3,11|3,14;0.05910448;0;0;0;0
15,9|7,8;0;0.14;0;0;0
15,8|8,8;0;0;0.16;0;0
15,8|8,9;0;0;0.18;0;0
15,8|8,10;0;0;0.236;0;0
15,9|9,11;0;0;0;0;0.169088
17,9|12,11;0.1;0;0;0;0
17,10|13,11;0;0;0;0.14;0
18,10|13,12;0.17564;0;0;0;0
7,3|16,13;0.34;0;0;0;0
7,4|16,12;0.3;0;0;0;0
7,5|15,12;0;0.3;0;0;0
7,4|15,11;0;0;0.3;0;0
6,4|15,10;0;0;0;0.26;0
7,4|15,9;0;0;0;0;0.24
7,4|15,8;0.2;0;0;0;0
7,5|15,7;0.16;0;0;0;0
7,6|15,6;0;0.16;0;0;0
7,5|15,5;0.2;0;0;0;0
7,6|15,4;0;0.2;0;0;0
7,5|15,3;0;0;0;0.236;0
8,5|13,1;0;0;0.18;0;0
7,5|13,2;0;0;0;0;0.1888
7,4|12,3;0;0;0;0.08000001;0
8,4|11,3;0;0;0;0;0.06
8,4|10,3;0;0;0.06;0;0
7,4|9,3;0;0.02;0;0;0
7,3|8,3;0;0;0;0;-20
13,1|16,16;0;0;0;0.32;0
14,1|16,15;0;0;0;0;0.34
14,1|17,15;0;0;0.3976;0;0
13,0|17,13;0.3;0;0;0;0
13,1|17,12;0;0;0;0;0.28
13,1|17,11;0;0;0;0.24;0
14,1|16,11;0;0;0;0;0.22
14,1|15,11;0;0;0;0.18;0
15,1|15,10;0;0;0;0;0.1888
16,1|15,8;0;0.16;0;0;0
16,0|15,7;0;0;0;0;0.14
16,0|15,6;0;0;0.1;0;0
15,0|15,5;0;0;0;0.1;0
16,0|16,5;0;0.08000001;0;0;0
16,0|16,4;0;0;0;0.08720001;0
16,0|17,1;0;0;0;0;0.02
16,0|16,1;-20;0;0;0;0
16,1|16,1;0;0;0;0;0
1,4|12,13;0.4176;0;0;0;0
2,6|9,13;0;0.28;0;0;0
2,5|8,13;0;0.3268;0;0;0
2,3|6,13;0.24;0;0;0;0
2,4|5,13;0.2;0;0;0;0
2,5|4,13;0;0;0.2;0;0
1,5|3,13;0;0.2;0;0;0
1,4|2,13;0.192688;0;0;0;0
3,3|0,10;0.1816;0;0;0;0
3,3|2,8;0.0908;0;0;0;0
4,4|2,6;0;0;0.04;0;0
4,4|2,4;0.04;0;0;0;0
4,5|3,4;0.04;0;0;0;0
4,6|3,5;0;0;-20;0;0
15,13|7,8;0.24;0;0;0;0
15,13|8,8;0.256;0;0;0;0
16,13|8,12;0;0;0.14;0;0
15,13|9,12;0;0;0;0;0.12
15,13|10,12;0.18;0;0;0;0
15,13|10,13;0;0;0.06;0;0
14,13|11,13;0;0;0.024248;0;0
4,14|17,17;0;0;0;0.28;0
5,14|16,17;0.24;0;0;0;0
5,15|15,17;0.2;0;0;0;0
5,16|14,17;0.16;0;0;0;0
5,17|13,17;0;0;0;0;0.169736
4,17|11,17;0;0;0;0.1;0
5,17|10,17;0;0;0;0.06;0
6,17|9,17;0;0;0;0;0.047848
5,17|7,17;0.0472;0;0;0;0
17,10|8,3;0;0;0;0;0.3
17,10|9,3;0;0.26;0;0;0
17,9|10,3;0;0;0;0;0.24
17,9|11,3;0;0;0;0;0.2524
18,10|13,2;0;0.3068;0;0;0
19,8|15,1;0;0;0;0.2324;0
19,7|17,1;0;0.1344;0;0;0
18,7|18,4;0;0;0.06;0;0
17,7|17,4;0;0;0;0;0.0472
7,8|4,1;0;0;0.18;0;0
7,8|4,2;0;0;0;0.18;0
8,8|5,2;0.18;0;0;0;0
8,9|5,3;0;0;0.14;0;0
7,9|5,4;0;0;0;0;0.12
7,9|6,4;0.1344;0;0;0;0
7,10|7,5;0;0.06;0;0;0
7,9|7,6;0.1;0;0;0;0
7,10|8,6;0.2143313;0;0;0;0
7,11|10,6;0;0;0;0.16;0
8,11|11,6;0;0.16;0;0;0
8,10|12,6;0;0;0;0;0.16484
9,11|10,8;0;0;0;0;0.06
9,11|9,8;0.06;0;0;0;0
9,12|9,9;0.120592;0;0;0;0
8,13|8,10;0.04;0;0;0;0
8,13|8,12;0;-20;0;0;-20
16,5|10,6;0;0;0.1;0;0
15,5|10,5;0;0.14;0;0;0
15,4|9,5;0;0;0;0;0.1888
15,4|8,4;0.37296;0;0;0;0
15,5|9,3;0;0.1416;0;0;0.14
15,5|10,3;0.14;0;0;0;0
15,6|11,3;0;0;0;0.14;0
16,6|12,3;0;0;0.1;0;0
15,6|13,3;0.14;0;0;0;0
15,7|13,2;0;0.1652;0;0;0
15,6|14,1;0.12;0;0;0;0
15,7|15,1;0;0;0;0.1344;0
17,7|15,3;0;0;0;0.12;0
18,7|16,3;0;0.08000001;0;0;0
18,6|16,4;0;0;0;0;0.06
18,6|16,5;0;0;0.02;0;0
17,2|13,7;0.14;0;0;0;0
17,3|13,6;0;0;0;0;0.12
17,3|13,5;0;0;0.12;0;0
16,3|12,5;0.12;0;0;0;0
16,4|11,5;0;0;0;0;0.14
16,4|10,5;0.14;0;0;0;0
16,5|9,5;0;0.18;0;0;0
16,4|8,5;0;0;0.176936;0;0
16,5|12,3;0.1416;0;0;0;0
15,6|13,2;0;0;0.1652;0;0
18,5|16,2;0;0.06;0;0;0
18,4|17,2;0;0;0.02488304;0;0
8,1|9,13;0;0.26;0;0;0
8,0|9,12;0.22;0;0;0;0
8,1|8,12;0;0;0;0.22;0
9,1|8,11;0.18;0;0;0;0
9,2|8,10;0;0.18;0;0;0
9,1|8,9;0;0;0;0;0.16
9,1|8,8;0;0;0.217024;0;0
10,2|12,6;0;0;0;0;0.1
10,2|11,6;0;0.12124;0;0;0
15,10|12,1;0;0;0;0.2832;0
16,10|15,4;0.14;0;0;0;0
16,11|15,5;0;0;0.121384;0;0
15,11|15,7;0;0;0;0;0.06
15,11|15,8;0;0;0.048496;0;0
13,7|13,1;0;0.0944;0;0;0
13,5|13,3;0;0;0;0.06;0
13,5|12,3;0.1;0;0;0;0
13,6|11,3;0;0.122536;0;0;0
12,6|10,5;0.06;0;0;0;0
12,7|11,5;0;0.0236;0;0;0
10,3|14,13;0.3;0;0;0;0
10,3|15,13;0.28;0;0;0;0
10,3|15,12;0.26;0;0;0;0
10,3|15,11;0;0.3068;0;0;0
9,2|15,9;0;0;0.26;0;0
8,2|15,8;0.22;0;0;0;0
8,3|15,7;0.18;0;0;0;0
8,4|15,6;0.1652;0;0;0;0
8,4|15,4;0;0;0.18;0;0
7,4|15,3;0.22;0;0;0;0
7,5|15,2;0;0;0;0;0.24
7,5|15,1;0;0;0;0.2;0
8,5|14,1;0.2;0;0;0;0
8,6|13,1;0;0;0;0;0.2088
8,6|11,1;0;0.12;0;0;0
8,5|10,1;0.12;0;0;0;0
8,6|10,2;0.1;0;0;0;0
8,6|9,2;0.08000001;0;0;0;0
8,6|9,3;0;0.04;0;0;0
8,5|8,3;0;-20;0;0;0
13,12|19,16;0;0;0.2;0;0
12,12|19,15;0;0.2;0;0;0
12,11|18,15;0;0;0;0;0.18
12,11|17,15;0;0;0.2052;0;0
12,11|17,13;0.1;0;0;0;0
12,12|16,13;0;0;0.1;0;0
11,12|15,13;0;0;0.1108;0;0
10,12|13,13;0.0472;0;0;0;0
9,13|11,13;0;0.04;0;0;0
9,12|10,13;0;0.04;0;0;0
9,11|10,12;0;0;0.04;0;0
8,10|9,11;0;0;0;0;0.02
8,9|8,10;0;0;0;0;-20
8,9|8,9;0;0;0;0;0
5,9|7,6;0;0.06720001;0;0;0
4,8|5,6;0;0.02;0;0;0
4,7|5,7;0;0;0;-20;0
18,7|11,16;0.28;0;0;0;0
18,8|11,15;0;0;0.24;0;0
17,8|12,15;0;0;0;0;0.22
17,8|13,15;0;0;0;0;0.2
17,8|14,15;0.192688;0;0;0;0
17,9|16,15;0.1;0;0;0;0
17,10|17,15;0;0;0;0;0.08720001
17,10|17,13;0;0.06;0;0;0
17,9|17,12;0;0;0;0;0.0436
13,11|9,5;0.2;0;0;0;0
13,12|10,5;0.2324;0;0;0;0
13,13|8,9;0;0;0;0.18;0
14,13|8,10;0;0;0.1616;0;0
14,13|9,12;0;0;0;0.138;0
15,13|11,12;0;0.06;0;0;0
15,12|12,12;0;0;0.04;0;0
15,12|13,12;0;0;0;0.08000001;0
16,12|13,13;0;0;0;0.09296;0
10,13|0,1;0.42;0;0;0;0
10,13|0,2;0;0;0;0;0.4
10,13|0,3;0;0;0;0;0.38
10,13|0,4;0;0;0;0;0.36
10,13|0,5;0;0;0.32;0;0
9,13|0,6;0.3;0;0;0;0
9,13|0,7;0;0;0.26;0;0
8,13|0,8;0;0.22;0;0;0
8,12|0,9;0;0;0;0;0.2
8,12|0,10;0.233336;0;0;0;0
8,12|0,12;0;0;0;0.2;0
9,12|0,13;0;0;0;0.2;0
10,12|1,13;0.16;0;0;0;0
10,13|2,13;0.1652;0;0;0;0
3,18|3,19;0;0;0;0.02;0
4,18|3,18;0;0.0236;0;0;0
10,12|8,13;0;0.06;0;0;0
10,11|8,12;0;0;0;0.0636;0
11,11|10,12;-20;0;0;0;0
4,0|10,17;0.42;0;0;0;0
4,1|9,17;0.38;0;0;0;0
4,2|8,17;0.34;0;0;0;0
4,3|8,16;0;0;0;0;0.32
4,3|8,15;0;0.32;0;0;0
4,2|7,15;0;0.32;0;0;0
4,1|6,15;0;0;0.32;0;0
3,1|5,15;0;0;0;0.28;0
4,1|5,14;0;0;0.28;0;0
3,1|5,13;0.24;0;0;0;0
3,2|4,13;0;0;0.2832;0;0
2,3|1,11;0;0.2052;0;0;0
3,2|2,10;0.14;0;0;0;0
3,3|2,9;0;0;0.1;0;0
2,3|2,8;0.06;0;0;0;0
2,4|2,7;0;0.06;0;0;0
2,3|2,6;0;0;0.0636;0;0
13,2|3,17;0;0;0.46;0;0
12,2|3,16;0;0;0;0;0.44
12,2|3,15;0.4;0;0;0;0
12,3|3,14;0;0;0;0;0.38
12,3|3,13;0.4;0;0;0;0
12,3|2,13;0.42;0;0;0;0
12,3|1,13;0;0.46;0;0;0
12,2|0,13;0;0;0.42;0;0
11,2|0,12;0;0;0.38;0;0
10,2|0,11;0;0;0;0;0.36
10,2|0,10;0.32;0;0;0;0
10,3|0,9;0;0.32;0;0;0
10,2|1,9;0.3268;0;0;0;0
10,2|2,8;0;0.28;0;0;0
10,1|2,7;0;0;0.24;0;0
9,1|2,6;0;0;0.2;0;0
8,1|2,5;0.16;0;0;0;0
8,2|3,5;0;0;0;0;0.14
8,2|3,4;0;0.14;0;0;0
8,1|4,4;0;0.1616;0;0;0
9,0|5,3;0;0.12;0;0;0
9,0|5,2;0;0;0.08000001;0;0
8,0|6,2;0;0;0;0;0.06
8,0|7,2;0;0;0;0;0.04
8,0|7,1;-20;0;0;0;0
8,1|8,1;0;0;0;0;0
7,8|9,15;0;0.1888;0;0;0
7,8|7,15;0.1652;0;0;0;0
7,10|5,14;0;0;0.1108;0;0
7,9|7,13;0;0.08000001;0;0;0
7,8|7,12;0;0.073608;0;0;0
8,6|3,10;0;0;0;0;0.16
8,6|3,9;0.14;0;0;0;0
8,6|3,8;0;0;0;0.14;0
9,6|4,8;0;0.14;0;0;0
9,5|4,7;0;0;0.1;0;0
8,5|4,6;0.06;0;0;0;0
8,6|5,6;0.04;0;0;0;0
8,6|6,6;0;0;-20;0;0
4,6|11,5;0;0;0;0.12;0
5,6|10,5;0.12;0;0;0;0
5,7|9,5;0;0;0;0.1;0
5,7|8,5;0;0;0.1;0;0
4,7|8,6;0.1;0;0;0;0
4,8|7,6;0.1;0;0;0;0
4,9|6,6;0.128434;0;0;0;0
4,11|5,8;0;0;0;0.05296;0
14,18|6,15;0.22;0;0;0;0
14,19|6,16;0;0;0;0;0.2
14,19|6,17;0;0;0;0;0.2088
14,19|8,18;0;0;0;0.14;0
15,19|9,18;0.12;0;0;0;0
15,19|9,19;0;0;0;0.12;0
16,19|10,19;0.1;0;0;0;0
16,19|11,19;0.0908;0;0;0;0
17,18|16,18;0;0.0236;0;0;0
2,5|11,17;0;0.42;0;0;0
2,4|11,16;0.38;0;0;0;0
2,5|10,16;0;0;0.38;0;0
1,5|9,16;0;0;0;0;0.36
1,5|9,15;0;0;0;0;0.34
1,5|8,15;0;0;0.394;0;0
0,5|6,15;0.3268;0;0;0;0
0,6|5,14;0;0;0.24;0;0
0,6|4,14;0;0;0;0.2;0
1,6|3,14;0;0;0;0.16;0
2,6|3,13;0;0;0;0.16;0
3,6|2,13;0;0;0;0;0.18
3,6|1,13;0;0;0;0;0.2324
2,6|0,12;0;0;0.1416;0;0
2,6|1,11;0;0;0;0.12;0
3,6|1,10;0.08000001;0;0;0;0
3,7|1,9;0.04;0;0;0;0
3,8|1,8;0.04;0;0;0;0
3,9|2,8;0;-20;0;0;0
18,17|10,8;0.34;0;0;0;0
18,18|10,9;0;0;0;0;0.432
18,18|8,10;0;0;0;0.36;0
19,18|8,11;0.36;0;0;0;0
19,19|9,11;0;0;0.32;0;0
18,19|10,11;0;0;0.28;0;0
17,19|11,11;0.26;0;0;0;0
17,19|12,11;0;0;0;0;0.24
17,19|12,12;0;0.2;0;0;0
17,18|12,13;0;0;0;0.2;0
18,18|13,13;0;0.1816;0;0;0
18,18|15,13;0.193336;0;0;0;0
19,18|18,16;0;0.0236;0;0;0
10,11|7,17;0;0.16;0;0;0
10,11|7,16;0;0;0.12;0;0
9,11|7,15;0;0;0.1488;0;0
8,12|5,15;0.08000001;0;0;0;0
8,13|5,14;0;0;0.04;0;0
7,13|5,13;0;0;0;0;0.02
7,13|6,13;-20;0;0;0;0
15,15|17,6;0.22;0;0;0;0
15,16|17,7;0;0.2124;0;0;0
15,15|17,9;0;0;0;0.12;0
16,15|17,10;0.12;0;0;0;0
16,16|17,11;0.140592;0;0;0;0
18,19|17,18;0;0;0;0;0.02648
7,9|10,5;0;0.1;0;0;0
7,8|10,6;0;0;0.1488;0;0
8,8|12,6;0;0;0;0.09425601;0
9,9|12,8;0;0;0;0;0.06
9,9|11,8;0.0436;0;0;0;0
8,8|9,9;0;0;0;-20;0
9,8|9,8;0;0;0;0;0
18,17|10,2;0;0.42;0;0;0
18,16|11,2;0;0;0.38;0;0
17,16|12,2;0.38;0;0;0;0
17,17|13,2;0.42;0;0;0;0
17,18|13,1;0;0.38;0;0;0
17,17|14,1;0.38;0;0;0;0
17,18|15,1;0;0;0;0;0.36
17,18|15,2;0.36;0;0;0;0
17,19|15,3;0;0;0;0;0.34
17,19|15,4;0;0;0;0;0.32
17,19|15,5;0;0.28;0;0;0
17,18|15,6;0;0.24;0;0;0
17,17|15,7;0;0;0;0;0.22
17,17|15,8;0;0;0;0;0.2
17,17|15,9;0;0;0;0.2;0
18,17|15,10;0.2;0;0;0;0
18,18|16,10;0;0;0;0.2324;0
19,18|16,13;0;0.1524;0;0;0
18,16|19,16;0;0;0;-20;0
11,2|2,4;0.18;0;0;0;0
11,3|3,4;0.16;0;0;0;0
11,3|4,4;0.14;0;0;0;0
11,3|5,4;0;0;0;0.14;0
12,3|5,3;0.1416;0;0;0;0
12,3|7,3;0;0;0.067128;0;0
10,16|15,3;0.36;0;0;0;0
10,17|15,4;0;0.32;0;0;0
10,16|15,5;0;0.28;0;0;0
10,15|15,6;0.28;0;0;0;0
10,16|15,7;0.28;0;0;0;0
10,17|15,8;0.28;0;0;0;0
10,18|15,9;0;0;0.28;0;0
9,18|15,10;0;0;0;0;0.26
9,18|15,11;0;0;0;0;0.24
9,18|15,12;0;0;0.24;0;0
8,18|15,13;0;0.24;0;0;0
8,17|16,13;0;0;0;0;0.3068
8,18|17,15;0;0;0;0;0.26608
7,19|15,16;0;0;0.22;0;0
6,19|14,16;0;0;0.256;0;0
5,18|12,16;0.213336;0;0;0;0
4,19|11,17;0;0;0.18;0;0
3,19|10,17;0.16;0;0;0;0
3,19|9,17;0.14;0;0;0;0
3,19|9,18;0;0;0;0.1108;0
3,19|8,19;0.08000001;0;0;0;0
3,19|7,19;0.06720001;0;0;0;0
2,5|3,4;0.04;0;0;0;0
2,6|2,4;0;0;0;0.04;0
3,6|2,5;0.04;0;0;0;0
3,7|3,5;0;-20;0;0;0
8,0|8,6;0.08000001;0;0;0;0
8,1|8,5;0;0;0;0.08000001;0
9,1|8,4;0;0;0;0.08000001;0
10,1|8,3;0;0;0;0;0.0636
12,2|11,2;0;0;-20;0;0
6,13|0,5;0.26;0;0;0;0
6,13|0,6;0;0.24;0;0;0
6,13|0,7;0;0.22;0;0;0
6,13|0,8;0;0;0;0;0.2
6,13|0,9;0;0.18;0;0;0
6,13|0,10;0.16;0;0;0;0
6,13|0,11;0;0;0;0.1888;0
10,8|2,15;0;0;0;0;0.28
10,8|2,14;0.24;0;0;0;0
10,9|3,14;0;0;0;0.24;0
11,9|3,13;0;0;0.24248;0;0
8,8|7,11;0;0;0;0;0.06
8,8|8,11;0;0;0;0.06;0
9,8|8,10;0.02;0;0;0;0
9,8|9,9;0;0;0.02;0;0
8,8|9,8;0.02;0;0;0;0
8,9|9,9;0.02;0;0;0;0
8,10|8,9;0;0;0;-20;0
17,8|5,15;0;0;0.34;0;0
16,8|5,14;0.354;0;0;0;0
17,8|7,13;0;0;0;0;0.28
17,8|8,13;0.24;0;0;0;0
17,9|9,13;0;0;0;0;0.2836725
17,11|16,12;0;0;0;0.04;0
18,11|17,12;0;0;0;0.05448928;0
19,12|18,11;0;-20;0;0;0
15,2|18,15;0.28;0;0;0;0
15,3|17,15;0;0;0;0;0.26
15,3|17,14;0.22;0;0;0;0
15,4|17,13;0;0;0;0.18;0
16,4|17,12;0.1652;0;0;0;0
15,5|16,11;0.1108;0;0;0;0
15,5|15,10;0;0;0;0.1;0
16,5|15,9;0;0.1;0;0;0
16,4|15,8;0;0;0;0.1;0
17,4|15,7;0;0;0;0;0.08000001
17,4|15,6;0;0;0;0.08000001;0
18,4|15,5;0;0;0;0;0.06
18,4|15,4;0;0.06;0;0;0
18,3|16,4;0;0;0;0;0.04
18,3|17,4;-20;0;0;0;0
19,9|15,5;0.16;0;0;0;0
19,10|15,6;0;0;0;0;0.14
19,10|16,6;0.14;0;0;0;0
19,11|16,7;0.14;0;0;0;0
19,12|17,7;0;0.1;0;0;0
19,11|18,7;0;0;0;0.08000001;0
19,11|19,7;0.08000001;0;0;0;0
19,12|19,8;0;0;0;0;0.0708
18,12|19,12;0;0;0;-20;0
16,11|9,1;0;0.3;0;0;0
16,10|10,1;0.3;0;0;0;0
16,11|11,1;0;0;0;0;0.28
16,11|12,1;0.3268;0;0;0;0
16,12|15,1;0;0.2;0;0;0
16,11|15,2;0.2;0;0;0;0
16,12|15,3;0.2288;0;0;0;0
16,13|16,5;0;0;0.1852;0;0
11,11|3,1;0.36;0;0;0;0
11,12|4,1;0.36;0;0;0;0
11,13|5,1;0;0.32;0;0;0
11,12|6,1;0.32;0;0;0;0
11,13|7,1;0.3;0;0;0;0
11,13|7,2;0;0;0;0.3;0
12,13|7,3;0;0;0;0.3;0
13,13|7,4;0;0.3068;0;0;0
12,11|12,7;0;0;0;0;0.0708
11,11|9,9;0.12;0;0;0;0
11,12|8,9;0;0;0.08720001;0;0
10,11|9,11;0;0;-20;0;0
9,11|9,11;0;0;0;0;0
8,9|16,15;0;0;0.32;0;0
7,9|17,15;0;0;0.3;0;0
7,9|17,14;0;0;0.28;0;0
7,9|17,13;0.24;0;0;0;0
7,10|16,13;0.2288;0;0;0;0
7,11|14,13;0.14;0;0;0;0
7,12|13,13;0;0.14;0;0;0
7,11|12,13;0;0;0;0;0.12
7,11|12,12;0;0;0;0;0.1
7,11|12,11;0.1;0;0;0;0
7,12|11,11;0.1;0;0;0;0
7,13|10,11;0;0;0;0.06;0
8,13|9,11;0.0436;0;0;0;0
